:0200000480007A
:2000000000000000700059B30000000000000000000000000000000064B81E799B47E18668
:20002000910000F8D9FF34D4DC0F0090000600F000B403F00100000000000000000600F048
:2000400000B503F00300000001000000000600F000B403F00000000090000000000600F0D1
:2000600000B403F00100000090000000000600F000B503F00200000090000000000600F022
:2000800000B503F00300000090000000000700F000B503F00100000000000000000700F08E
:2000A00000B503F00500000001000000000700F000C003F00900000002000000000700F0E6
:2000C00000B403F00800000003000000000700F000B103F00A00000004000000000700F0CE
:1C00E00000D303F00D00000005000000000700F000A203F0030000000600000097
:20010000910000F8D9FFB4C40D00000202F4DC0F0000000000000000000000000000000016
:20012000910000F8D9FFB0B40D00000202F4DC0F000000000000000000000000000000000A
:20014000910000F8D9FFACA40D00000202F4DC0F00000000000000000000000000000000FE
:20016000910000F8D9FFA8940D00000202F4DC0F00000000000000000000000000000000F2
:20018000910000F8D9FFA4840D00000202F4DC0F00000000000000000000000000000000E6
:2001A000910000F8D9FFA0740D00000202F4DC0F00000000000000000000000000000000DA
:2001C000910000F8D9FFBAE40D00000202F4DC0F0000000000000000000000000000000030
:1201E000910000F8D9FFB8D40D00000202F4DC0F0090A0
:2001F400000700F000A203F00200000090000000000700F000B103F00C0000009000000096
:20021400000700F000B403F00A000000A0000000000700F000B503F0000000009000000053
:20023400000700F000B503F00100000090000000000700F000B503F0040000009000000047
:20025400000700F000B503F00500000090000000000700F000C003F00A0000009000000012
:20027400000700F000D303F00C00000090000000000700F000D303F00D00000090000000B7
:20029400000800F000B403F00300000000000000000800F000A203F0010000000100000019
:2002B400000800F000B003F00600000003000000000800F000D303F00800000004000000BC
:2002D400000800F000A203F00000000006000000000800F000A203F000000000900000005A
:2002F400000800F000B003F00500000090000000000800F000B403F0020000009000000089
:20031400000800F000B403F00300000090000000000800F000D303F0080000009000000041
:20033400000800F000D303F00900000090000000000900F000B503F00700000000000000AA
:20035400000900F000C003F00300000002000000000900F000D203F0020000000300000015
:20037400000900F000A003F00100000004000000000900F000C103F0060000000500000020
:20039400000900F000A003F00000000098000000000900F000A003F0010000009000000008
:2003B400000900F000B503F00600000090000000000900F000B503F00700000090000000BA
:2003D400000900F000C003F00000000090000000000900F000C003F003000000900000008E
:2003F400000900F000C103F00700000090000000000900F000D203F0020000009000000055
:20041400000900F000D203F00300000090000000000600F000000000000700F00100000089
:20043400000800F002000000000900F0030000000050C348640000000050C3486400000034
:20045400140000000000000000000000010000000000000000000000000000000000000073
:200474000000000000000000000001010700000000000901000000000602000000000A0340
:200494000000000000000000000000000101000000000000002A00F000000000002B00F011
:2004B40001000000000081F800000000000083F80100000000000000000000000000000032
:2004D40000000000000000000000000000000000000000000000010000010F00010F0000E7
:2004F400000000000000000000000000000000AFFF1F00AF002000AFFF3F00AF004000AFC1
:20051400FF5F00AF006000AFFF7F00AF008000AFFF9F00AF00A000AFFFBF00AF00C000AFD7
:20053400FFDF00AF00E000AFFFFF00AF000001AFFF1F01AF002001AFFF3F01AF004001AFB2
:20055400FF5F01AF006001AFFF7F01AF002E00F00200000000A003F0080000000000000080
:20057400002E00F00200000000D303F00600000001000000002E00F00200000000A003F0C7
:200594000700000000000000002E00F00200000000D303F00700000001000000002E00F034
:2005B4000300000000A203F00700000000000000002E00F00300000000B003F007000000BD
:2005D40001000000002E00F00300000000A203F00600000000000000002E00F00300000029
:2005F40000B003F00400000001000000002E00F00400000000A003F0090000000000000081
:20061400002E00F00400000000D303F00500000001000000002E00F00400000000A203F021
:200634000800000000000000002E00F00400000000B003F00800000001000000002E00F0B2
:200654000500000000C103F00600000000000000002E00F00500000000B003F00100000000
:2006740001000000002E00F00500000000C103F00700000000000000002E00F00500000064
:2006940000B003F00300000001000000002E00F00600000000C003F00000000000000000C8
:2006B400002E00F00600000000B003F00000000001000000002E00F00600000000C003F087
:2006D4000300000000000000002E00F00600000000B003F002000000010000000000020037
:2006F4000000000000A203F00000000088000000000002003000000000C203F001000000E1
:2007140088000000000002003500000000C103F00200000088000000000002005500000071
:2007340000B403F00500000088000000000002000800000000A203F0080000008800000042
:20075400000002000900000000A003F00000000088000000000103006700000000B003F051
:200774000100000088000000000102000A00000000A003F0010000008800000000010200B0
:200794000B00000000A003F00200000088000000000102000100000000A203F00100000083
:2007B40088000000000102001F00000000D303F00900000088000000000102002F000000F2
:2007D40000C203F00000000088000000000102003600000000C103F0030000008800000050
:2007F400000102005400000000B403F00400000088000000000203006800000000B003F04B
:200814000200000088000000000203006B00000000B003F005000000880000000002020096
:200834000C00000000A003F00300000088000000000202000200000000A203F002000000DD
:2008540088000000000202002100000000D303F00B00000088000000000202003700000043
:2008740000C103F00400000088000000000202005300000000B403F003000000880000009B
:20089400000303006900000000B003F00300000088000000000303006C00000000B003F092
:2008B4000600000088000000000302000D00000000A003F004000000880000000003020060
:2008D4000300000000A203F00300000088000000000302003100000000C203F002000000F4
:2008F40088000000000302003800000000C103F00500000088000000000302005200000087
:2009140000B403F00200000088000000000402000E00000000A003F005000000880000005E
:20093400000402000400000000A203F00400000088000000000402003200000000C203F08B
:200954000300000088000000000402003900000000C103F006000000880000000004020071
:200974003D00000000C003F00300000088000000000402005100000000B403F001000000E9
:2009940088000000000502000F00000000A003F00600000088000000000502002800000055
:2009B40000D203F00400000088000000000502003A00000000C103F007000000880000004E
:2009D400000502000500000000A203F00500000088000000000602001000000000A003F02A
:2009F4000700000088000000000602002A00000000C303F0010000008800000000060200DB
:200A14003B00000000C003F00000000088000000000602000600000000A203F006000000A3
:200A340088000000000702001100000000A003F00800000088000000000702004000000094
:200A540000C003F00800000088000000000702000700000000A203F007000000880000000B
:200A7400010003000000000000A203F00000000088000000010003003000000000C203F058
:200A94000100000088000000010003003500000000C103F00200000088000000010002003F
:200AB4004400000000C003F00C00000088000000010002004C00000000B503F0050000009B
:200AD40088000000010002004D00000000B503F006000000880000000100030008000000E8
:200AF40000A203F00800000088000000010003000900000000A003F0000000008800000095
:200B1400010102006700000000B003F00100000088000000010103000A00000000A003F088
:200B34000100000088000000010103000B00000000A003F0020000008800000001010300E6
:200B54000100000000A203F00100000088000000010103001F00000000D303F0090000006F
:200B740088000000010103002F00000000C203F0000000008800000001010300360000002D
:200B940000C103F00300000088000000010102004500000000C003F00D0000008800000071
:200BB400010102004E00000000B503F00700000088000000010102004F00000000B503F09D
:200BD4000800000088000000010102005600000000B403F0060000008800000001020200DD
:200BF4006800000000B003F00200000088000000010202006B00000000B003F00500000034
:200C140088000000010203000C00000000A003F00300000088000000010203000200000000
:200C340000A203F00200000088000000010203002100000000D303F00B0000008800000001
:200C5400010203003700000000C103F00400000088000000010202004600000000C003F005
:200C74000E00000088000000010202005000000000B403F000000000880000000103020040
:200C94006900000000B003F00300000088000000010302006C00000000B003F0060000008E
:200CB40088000000010303000D00000000A003F0040000008800000001030300030000005B
:200CD40000A203F00300000088000000010303003100000000C203F0020000008800000069
:200CF400010303003800000000C103F00500000088000000010302004700000000B503F06B
:200D14000000000088000000010403000E00000000A003F0050000008800000001040300F9
:200D34000400000000A203F00400000088000000010403003200000000C203F00300000088
:200D540088000000010403003900000000C103F00600000088000000010403003D0000002F
:200D740000C003F00300000088000000010402004800000000B503F00100000088000000A1
:200D9400010503000F00000000A003F00600000088000000010503002800000000D203F010
:200DB4000400000088000000010503003A00000000C103F007000000880000000105030004
:200DD4000500000000A203F00500000088000000010502004100000000C003F009000000D3
:200DF40088000000010502004900000000B503F002000000880000000106030010000000BA
:200E140000A003F00700000088000000010603002A00000000C303F0010000008800000029
:200E3400010603003B00000000C003F00000000088000000010602004200000000C003F020
:200E54000A00000088000000010603000600000000A203F0060000008800000001060200B0
:200E74004A00000000B503F00300000088000000010703001100000000A003F0080000002A
:200E940088000000010702004300000000C003F00B00000088000000010702004B000000CE
:200EB40000B503F00400000088000000010703000700000000A203F00700000088000000B4
:200ED400020002001200000000A003F00900000088000000020002001A00000000D303F0E0
:200EF4000400000088000000020002002000000000D303F00A0000008800000002000300D1
:200F14004400000000C003F00C00000088000000020002005E00000000B303F00300000027
:200F340088000000020102001B00000000D303F00500000088000000020103004500000057
:200F540000C003F00D00000088000000020102005F00000000B103F00200000088000000A3
:200F7400020202001C00000000D303F00600000088000000020203004600000000C003F0E7
:200F94000E00000088000000020202006000000000B103F00300000088000000020302000B
:200FB4001500000000A003F00C00000088000000020302001D00000000D303F007000000F0
:200FD40088000000020303004700000000B503F0000000008800000002030200610000008E
:200FF40000B103F00600000088000000020402001E00000000D303F008000000880000002F
:20101400020402002200000000D303F00C00000088000000020403004800000000B503F03F
:201034000100000088000000020402006200000000B103F00900000088000000020502006B
:201054002300000000D303F00D00000088000000020503004100000000C003F009000000F7
:2010740088000000020503004900000000B503F00200000088000000020502005B000000EB
:2010940000B303F00000000088000000020502006300000000B103F00A000000880000006C
:2010B400020602006400000000B103F00B00000088000000020602002400000000D203F084
:2010D4000000000088000000020602003E00000000C003F0060000008800000002060300E0
:2010F4004200000000C003F00A00000088000000020603004A00000000B503F00300000055
:2011140088000000020602005C00000000B303F0010000008800000002070200650000002E
:2011340000B103F00C00000088000000020702003F00000000C003F00700000088000000D7
:20115400020703004000000000C003F00800000088000000020703004300000000C003F0EA
:201174000B00000088000000020703004B00000000B503F004000000880000000207020032
:201194005D00000000B303F00200000088000000030003001200000000A003F009000000FA
:2011B40088000000030003001A00000000D303F004000000880000000300030020000000FB
:2011D40000D303F00A00000088000000030003004C00000000B503F005000000880000001C
:2011F400030003004D00000000B503F00600000088000000030003005500000000B403F050
:201214000500000088000000030003005E00000000B303F003000000880000000301030091
:201234001B00000000D303F00500000088000000030103004E00000000B503F00700000028
:2012540088000000030103004F00000000B503F00800000088000000030103005400000009
:2012740000B403F00400000088000000030103005600000000B403F0060000008800000095
:20129400030103005F00000000B103F00200000088000000030203001C00000000D303F0BC
:2012B4000600000088000000030203005000000000B403F0000000008800000003020300FD
:2012D4005300000000B403F00300000088000000030203006000000000B103F00300000066
:2012F40088000000030303001500000000A003F00C00000088000000030303001D000000E7
:2013140000D303F00700000088000000030303005200000000B403F00200000088000000D8
:20133400030303006100000000B103F00600000088000000030403001E00000000D303F00F
:201354000800000088000000030403002200000000D303F00C000000880000000304030059
:201374005100000000B403F00100000088000000030403006200000000B103F009000000BF
:2013940088000000030503002300000000D303F00D00000088000000030503005B000000C2
:2013B40000B303F00000000088000000030503006300000000B103F00A0000008800000047
:2013D400030603006400000000B103F00B00000088000000030603002400000000D203F05D
:2013F4000000000088000000030603003E00000000C003F0060000008800000003060300BA
:201414005C00000000B303F00100000088000000030703006500000000B103F00C0000000B
:2014340088000000030703003F00000000C003F00700000088000000030703005D00000018
:2014540000B303F0020000008800000000A003F00000000000A203F00200000000B003F07B
:201474000A00000000B103F00B00000000B303F00D00000000B403F00E00000000B503F08F
:201494000F00000000C003F01400000000C103F01500000000C203F01600000000C303F018
:2014B4001700000000D203F02000000000D303F021000000001C00F000C003F00C0000006A
:2014D40000000000001C00F000C003F00C000000A0000000001C00F000C003F00E000000C0
:2014F40098000000001C00F000C003F00B00000098000000001C00F000C003F00D00000012
:20151400A8000000001C00F00000000000C003F00800000098000000001C00F00D00000097
:2015340000B503F00000000098000000001C00F00100000000C003F00900000098000000F6
:20155400001C00F00200000000C003F00D00000098000000001C00F00300000000B103F05E
:201574000A00000098000000001C00F00400000000B103F00B00000098000000001C00F052
:201594000500000000B103F00200000098000000001C00F00600000000C003F00A00000025
:2015B40098000000001C00F00700000000D303F00500000090000000001C00F008000000FD
:2015D40000C003F00600000098000000001C00F00900000000C003F0030000009800000043
:2015F400001D00F000B003F00100000000000000001D00F000B103F0030000000100000071
:20161400001D00F000B003F00100000090000000001D00F000B003F003000000980000002A
:20163400001D00F000B003F004000000A0000000001D00F000B103F00900000098000000F0
:20165400001D00F000B003F00200000098000000001D00F000B103F00600000098000000DD
:20167400001D00F00000000000C003F008000000A0000000001D00F00A00000000B003F034
:201694000000000098000000001D00F00100000000C003F009000000A0000000001D00F027
:2016B4000200000000C003F00D000000A0000000001D00F00300000000B103F00A000000F6
:2016D400A0000000001D00F00400000000B103F00B000000A0000000001D00F005000000E4
:2016F40000B103F002000000A0000000001D00F00600000000D303F00A000000900000001D
:20171400001D00F00700000000D303F00500000098000000001D00F00800000000B003F086
:201734000400000098000000001D00F00900000000B003F005000000A0000000001E00F08D
:2017540000B503F00400000000000000001E00F000B503F00700000001000000001E00F0FD
:2017740000C103F00200000002000000001E00F000C103F00300000002000000001E00F0C8
:2017940000B503F00200000004000000001E00F000B303F00200000098000000001E00F02B
:2017B40000B303F00300000098000000001E00F000B503F00500000098000000001E00F073
:2017D40000B503F00600000098000000001E00F000B303F00000000098000000001E00F055
:2017F40000B303F00100000098000000001E00F000B503F00300000098000000001E00F037
:2018140000B503F006000000A8000000001E00F000B503F00800000098000000001E00F0FA
:201834000000000000B503F00200000098000000001E00F00100000000B403F0020000009A
:2018540098000000001E00F00200000000B403F00600000098000000001E00F00300000076
:2018740000B403F00300000098000000001E00F00400000000B403F00700000098000000BA
:20189400001E00F00500000000B503F00100000098000000001E00F00600000000D303F006
:2018B4000D000000A0000000001E00F00700000000C003F00A000000A0000000001E00F0E7
:2018D4000800000000C003F006000000A0000000001E00F00900000000C003F003000000C6
:2018F400A0000000001F00F000A203F00500000000000000001F00F000B003F007000000D2
:2019140001000000001F00F000D303F00D00000003000000001F00F000C203F00100000008
:2019340004000000001F00F000C103F00200000005000000001F00F000C103F003000000FF
:2019540005000000001F00F000C203F002000000A0000000001F00F000C203F00300000041
:20197400A0000000001F00F000A203F00600000098000000001F00F000B003F006000000B9
:2019940098000000001F00F000C203F00000000098000000001F00F000D303F00C0000005E
:2019B40098000000001F00F000C203F000000000A0000000001F00F000C203F00100000052
:2019D400A0000000001F00F000A203F00700000098000000001F00F000B003F00800000056
:2019F40098000000001F00F000C203F00300000098000000001F00F000D303F00B000000FC
:201A140098000000001F00F00000000000A203F00400000098000000001F00F00B000000C0
:201A340000D303F00A00000098000000001F00F00C00000000C203F00200000098000000C0
:201A5400001F00F00D00000000C303F00100000098000000001F00F00100000000A203F062
:201A74000000000098000000001F00F00100000000D303F00900000098000000001F00F034
:201A94000200000000A203F00100000098000000001F00F00200000000D303F00800000023
:201AB40098000000001F00F00300000000A203F00200000098000000001F00F00400000026
:201AD40000A203F00300000098000000001F00F00400000000C303F005000000980000005C
:201AF400001F00F00500000000A203F00800000090000000001F00F00500000000C303F0C7
:201B14000400000098000000001F00F00600000000A003F00800000090000000001F00F0C6
:201B34000700000000A003F00900000090000000001F00F00700000000D303F0070000007B
:201B540098000000001F00F00800000000B003F00500000098000000001C00F00000000076
:201B7400001D00F001000000001E00F002000000001F00F003000000040017B7D138000046
:201B940000000000030017B7D138000000000000020017B7D138000000000000030000007B
:201BB4008C1B0080013B050017B7513912011202FF0F3F0312221402FFFFFF0F0200000082
:201BD4000F000000010000000F000000000000003F000000000000003F000000D51400006B
:201BF400FF7F0000002D3101006003F00000000000B503F00400000000000000006003F0A2
:201C14000100000000B403F00300000000000000006003F00700000000C003F009000000EF
:201C340000000000006003F00600000000B103F00A00000003000000006003F0040000002F
:201C540000B503F00500000003000000006003F00200000000A203F00100000001000000D4
:201C7400006003F00300000000B403F00100000001000000006003F00700000000B503F04F
:201C94000100000002000000006003F00500000000B503F00800000000000000006003F0D2
:201CB4000200000000B003F00200000000000000006003F00300000000B003F0030000006D
:201CD40000000000006003F00000000000B003F00700000002000000006003F0010000009D
:201CF40000B003F00800000002000000006003F00300000000A203F0000000000200000036
:201D1400006003F00200000000A003F00400000002000000006003F00400000000D303F0A4
:201D34000700000000000000006003F00600000000C003F00000000000000000000000F08C
:201D540000000000000100F00100000000000000000000000000000000000000000000007D
:201D740000000000000000000000BD3786350000BD378635000000000000000000000100F0
:201D9400010000000000010000000000000001000000000000000000B0E90180BAE90180EE
:201DB4005AEA0180C4E90180CEE901805AEA0180D8E90180E2E90180ECE90180F6E90180DB
:201DD40000EA01800AEA018014EA01801EEA01805AEA018028EA01805AEA01805AEA018025
:201DF40032EA01803CEA01805AEA018046EA018050EA01807AF4018086F4018092F4018069
:201E14009EF40180AAF40180B6F40180C2F40180CEF40180DAF40180E6F40180F2F40180C6
:201E3400FEF401800AF5018016F5018022F501802EF501803AF5018046F5018052F501809F
:201E54005EF501806AF5018076F5018082F501808EF501809AF50180A6F50180B2F501807E
:201E7400BEF50180CAF50180D6F50180E2F50180EEF50180FAF5018006F6018012F601805C
:201E94001EF601802AF6018036F6018042F601804EF601805AF6018066F6018072F6018036
:201EB4007EF601808AF6018096F60180A2F60180AEF60180BAF60180C6F60180D2F6018016
:201ED400DEF60180EAF60180F6F6018002F701800EF701801AF7018026F7018032F70180F1
:201EF4003EF701804AF7018056F7018062F701806EF701807AF7018086F7018092F70180CE
:201F14009EF70180AAF70180B6F70180C2F70180CEF70180DAF70180E6F70180F2F70180AD
:201F3400FEF701800AF8018016F8018022F801802EF801803AF8018046F8018052F8018086
:201F54005EF801806AF8018076F8018082F801808EF801809AF80180A6F80180B2F8018065
:201F7400BEF80180CAF80180D6F80180E2F80180EEF80180FAF8018006F9018012F9018043
:201F94001EF901802AF9018036F9018042F901804EF901805AF9018066F9018072F901801D
:201FB4007EF901808AF9018096F90180A2F90180AEF90180BAF90180C6F90180D2F90180FD
:201FD400DEF90180EAF90180F6F9018002FA01800EFA01801AFA018026FA018032FA0180D8
:201FF4003EFA01804AFA018056FA018062FA01806EFA01807AFA018086FA018092FA0180B5
:202014009EFA0180AAFA0180B6FA0180C2FA0180CEFA0180DAFA0180E6FA0180F2FA018094
:20203400FEFA01800AFB018016FB018022FB01802EFB01803AFB018046FB018052FB01806D
:202054005EFB018068FB018072FB01807CFB018086FB018090FB01809AFB0180A4FB018084
:20207400AEFB0180B8FB0180C2FB0180CCFB0180D6FB0180E0FB0180EAFB0180F4FB0180E4
:20209400FEFB018008FC018012FC01801CFC018026FC018030FC01803AFC018044FC01803D
:2020B4004EFC0180FFFFFFFFFFFFFF7F808903F0848903F0888903F08C8903F0908903F0B5
:2020D400948903F0988903F09C8903F0A08903F0A48903F0A88903F0AC8903F0B08903F0FC
:2020F400B48903F0B88903F0BC8903F0A08A03F0A48A03F0A88A03F0AC8A03F0B08A03F077
:20211400B48A03F0B88A03F0BC8A03F0000000004E414E006E616E00494E4600696E6600D8
:20213400000102030100020301020003010203000000000000000000000000000000000073
:20215400000000080808080808080000080800000048242412000000000000000000000081
:202174000000004848487E2424247E24242400000000103C5252121C30505052523C1010B1
:20219400000000222515150D2A585454522200000000000C1212120A76252919916E0000E7
:2021B4000006040402000000000000000000000000402010100808080808081010204000CB
:2021D400000204080810101010101008080402000000000008086B1C1C6B08080000000031
:2021F4000000000000101010FE10101000000000000000000000000000000000060404025D
:2022140000000000000000007E000000000000000000000000000000000000000606000020
:20223400000040202020101008080804040202000000001824424242424242422418000060
:20225400000000101C10101010101010107C00000000003C4242424020100804427E000004
:202274000000003C4242402018204042423C000000000020303028242422FE2020F80000AA
:202294000000007E0202021E22404042221C0000000000182402023A464242424438000064
:2022B4000000007E4220201010080808080800000000003C4242422418244242423C00005E
:2022D4000000001C22424242625C404024180000000000000000181800000000181800000C
:2022F4000000000000000008000000000008080800000040201008040204081020400000B0
:202314000000000000007E00007E00000000000000000002040810204020100804020000F1
:202334000000003C4242462010101000181800000000001C225A55555555553A423C00000A
:202354000000000808181414243C224242E700000000001F2222221E22424242221F000060
:202374000000007C4242010101010142221C00000000001F2242424242424242221F000074
:202394000000003F4212121E12120242423F00000000003F4212121E121202020207000089
:2023B4000000003C2222010101712122221C0000000000E7424242427E42424242E7000038
:2023D4000000003E0808080808080808083E00000000007C10101010101010101010110FE9
:2023F4000000007722120A0E0A12122222770000000000070202020202020202427F000045
:202414000000007736363636362A2A2A2A6B0000000000E346464A4A52525262624700000C
:202434000000001C2241414141414141221C00000000003F424242423E02020202070000B1
:202454000000001C224141414141414D321C60000000003F4242423E1212222242C70000F5
:202474000000007C4242020418204042423E00000000007F4908080808080808081C0000E4
:20249400000000E74242424242424242423C0000000000E74242222424141418080800008E
:2024B4000000006B2A2A2A2A2A36141414140000000000E7422424181818242442E700001B
:2024D400000000772222141408080808081C00000000007E2120101008040442423F00000F
:2024F400007808080808080808080808080878000000020404040808081010202020404052
:20251400001E1010101010101010101010101E00001824000000000000000000000000006F
:20253400000000000000000000000000000000FF000608000000000000000000000000007A
:20255400000000000000001C22302C22326C0000000000000302021A26424242261A0000C0
:2025740000000000000000384402020244380000000000006040407C4242424262DC0000A7
:20259400000000000000003C42427E02423C0000000000003048083E08080808083E000045
:2025B400000000000000007C22221C023C42423C000000000302023A4642424242E70000B7
:2025D4000000000C0C00000E08080808083E00000000003030000038202020202020221EC3
:2025F4000000000003020272120A0E1222770000000000080E08080808080808083E0000E5
:20261400000000000000007F9292929292B70000000000000000003B4642424242E7000026
:20263400000000000000003C42424242423C0000000000000000001B26424242261A020774
:20265400000000000000005864424242645840E000000000000000774C040404041F000016
:20267400000000000000007C42023C40423E0000000000000008083E0808080848300000A4
:2026940000000000000000634242424262DC0000000000000000007722221414080800008A
:2026B40000000000000000DB91525A2A24240000000000000000006E241818182476000008
:2026D40000000000000000E74224241818080806000000000000007E22100808447E0000AD
:2026F40000C0202020202020102020202020C00010101010101010101010101010101010D6
:2027140000030404040404040804040404040300045A2000000000000000000000000000ED
:202734002566000002020202020202020203010101010202020202020202020202020202C5
:202754000202020204404040404040404040404040404040202020202020202020204040D9
:202774004040404040888888888888080808080808080808080808080808080808080840F5
:20279400404040404090909090909010101010101010101010101010101010101010104005
:2027B400404040020000000000000000000000000000000000000000000000000000000043
:2027D4000000000000000000000000000000000000000000000000000000000000000000E5
:2027F4000000000000000000000000000000000000000000000000000000000000000000C5
:202814000000000000000000000000000000000000000000000000000000000000000000A4
:2028340000000000200031004C44005244004B645F53004B705F530073706B690073706B3A
:2028540070004C5F6875616E00525F6875616E0072657475726E0064696666657200576970
:2028740064456E640057696453746100646A5F696E697400656E646C696E65004B705F4C57
:202894005F3135004B705F525F3135004B645F4C5F3135004B645F525F3135004875615F6D
:2028B4007370650046757A7A5F525F350046757A7A5F525F340046757A7A5F525F37004699
:2028D400757A7A5F525F360046757A7A5F525F310046757A7A5F525F330046757A7A5F52F3
:2028F4005F320046757A7A5F4C5F350046757A7A5F4C5F340046757A7A5F4C5F37004675AD
:202914007A7A5F4C5F360046757A7A5F4C5F310046757A7A5F4C5F330046757A7A5F4C5FE0
:20293400320053544152545F43415200496E69745F6465627567007661726961626C655FEF
:2029540034007661726961626C655F330073706565645F62656E640046757A7A795F6465FE
:2029740062756700485F7374725F737065656400485F62656E5F7370656564007661725FA1
:202994007468726573686F6C64007374725F62656E5F64656275670073706565645F7374AC
:2029B400726169676874005354415254212121204341522121210053706565645F72756E95
:2029D4005F6465627567004E4F575F4E4F5F544849535F504152540043686F6F73655F613F
:2029F4006E645F6E6F5F64656275670041726F756E645F69736C616E645F646562756700A6
:202A1400000000000000000000000000000000000000000000415353455254494F4E3A2090
:202A340025732025642025730A002E2E2F4C69627261726965732F7365656B667265655F7F
:202A54006C69627261726965732F7A665F656570726F6D2E6300666C6173685F636865631E
:202A74006B00656570726F6D5F65726173655F736563746F7200656570726F6D5F706167D2
:202A9400655F70726F6772616D002E2E2F4C69627261726965732F7365656B667265655F66
:202AB4006C69627261726965732F7A665F6572752E63006572755F6D7578006572755F69E1
:202AD4006E6974002E2E2F4C69627261726965732F7365656B667265655F6C69627261721B
:202AF4006965732F7A665F6572755F646D612E63006572755F646D615F696E6974002E2E59
:202B14002F4C69627261726965732F7365656B667265655F6C69627261726965732F7A6631
:202B34005F67707431322E630067707431325F6D7578002E2E2F4C69627261726965732F25
:202B54007365656B667265655F6C69627261726965732F7A665F7370692E63007370695F05
:202B74006D7578002E2E2F4C69627261726965732F7365656B667265655F6C69627261726B
:202B94006965732F7A665F756172742E6300756172745F7365745F696E7465727275707472
:0A2BB4005F7072696F726974790036
:042BC00000A03CFF36
:122BC80073646820737468A0036568CA0BC30030009085
:202BE0000F05D011174580010B00D0010F00B02142218B0101110F2010006B0500200090E7
:202C00003256FF0626003B00FEFF3FF617000F6510308B0602601745802600903256FF06B7
:202C200018003B00FEFF3FF60F000F6500308B060260174580260090A2F63705C13F0F658F
:202C400010200090A2F682030F6500200090DA207FF60700174580360F6400200090A2F630
:202C600082020F6400300090820C822D3C130757FFCF8755BFDFCE57460546048B14804052
:202C80008B05A050CE77460746068B1680608B07A07082028203820082013A260B2700F221
:202CA0006E023C4F0B6430F10B7500F20B75A0F26E04024002513C453A640B7500F26E03FC
:202CC00082123C3F3B0004E00B6030F10B7100F20B71A0F2DE1087559FFF06116701801F38
:202CE0008B1FE0060248025906156745805F0614C2FE3CEB0284029506F067101F0006F158
:202D0000C21E82087AE86E1D87559FFF06116701801F8B1FE0060B60C0A00B71D0B007BBAB
:202D20009FFF06156745805F061406136723803F8B1FE0266E0302A002B1C2183FE8E67FF7
:202D400076C7460346028B1280208B03A030DF2D0B00071DE0FF76F7460146008B108000DB
:202D60008B01A01000903B00034040F440C50070910000F6DA1759FF704300702E148F1B81
:202D800000F1AA10020F007074DF3B00034040C4007061000E00370A6800DA0A4BF0110278
:202DA0000070610006003BE0024040C4007054DFC21F74DF00706D00273C0090FF440B00E6
:202DC000538420F0910000F8D9FF640010FFD4F23C02A0023C010090094F4C18161F3C0197
:202DE00082003E0E82103E0E82203E0F8240BE003B800000BE003B000100BE003C12820273
:202E00003C126D0014233C0F6D005D223C0C6D0081223C096D00E5213C066D00CE213C039C
:202E200082023C013C01009082F282003C17538020F0910000F8D9FF640010FFD4FF7D4F65
:202E40000D80538020F0910000F8D9FF640010FF481F370F48203C04C210BF40EAFF3C01E2
:202E60000090404F40F46DFFB9FF09FFD408370F6CF0C21F4B0F41F14BF251203C0100906D
:202E80006DFFD4FF53C220F060FF9140003F30F3D93F002849F2080A3C0100906DFFC6FFB1
:202EA00053C220F060FF9140003F30F3D9320028B0423C0100906DFFB9FF53C220F060FFC1
:202EC0009140003F30F3D93200283C010090494F081A3C0554FF345FB015C2F4FF14FCFF55
:202EE00002423C0100902010404F0B541088026A89A7080909FF4C18161F78033C0140F4D1
:202F00006DFFB1FFC2188B4860F3370F68F074AF8B1A60F3370F68F0780154AF4B0F61F116
:202F20004BF941503BF026F19B3FA8F34BF5413082044B5251004B00716182108F461FF04D
:202F40006E0D7B0018144B1941104B1251104B0171118F411FF06E023C01026982188207F4
:202F60004B0061014B0241F04B0661014B0F51006B0031F582014B1F01F0AE046B0031B556
:202F80003C056B0031F567FFBFBF4B3B01F016038B0F20F26E028214822D3C39DF2D058084
:202FA0008210821E3C0773D70A004B8011028B1000E03C234B0D61A14BA241A0036D0AC02E
:202FC0004B0C61F14BFA51C06B0C31F5820A4BAF01F0AE046B0C31A53C056B0C31F567FF9B
:202FE000BFAF4BAB01F0370F61F16E0602AB02D8036D0A900207C2107F0EDEFF4B3B01F023
:2030000016038B0F20F26E023C09C21DF647736D0AF03BF0FF007FF0C3FF820440F46D00BE
:20302000360009FFE00837097000370F0CF089FFA00809FFE20837087000370F0CF089FFDD
:20304000A20809F0560854AFC2FF370F68F037F004F089FF160809F05708580137F004F080
:2030600089FF170858026E03DA013C02DA0009F0570837F081F389FF170840F409A40C095B
:203080006D00050082123C010090094F4C18374F05F0894F0C18F6493C01094F4F18370FA9
:2030A000E1F33C01EEFB3C093C01094F4F18370FE1F33C01DF1FFBFF0090494F041A3C05FF
:2030C000145F74FFB015C2F4FF14FCFF02423C0100902008404FDA01B4AF3C0149A5020A44
:2030E00049A6000A91000028D92238220924400940F46D00E503DF12F3FF09A242083C01B5
:203100000090CC4288223C013C0100902008F4A4405DD4DFF44F40F46D005D0E820440F444
:203120006DFFB5FFDA0009F05A0837F002F089FF1A0809DFC80809F0D408C2FF370F70F083
:2031400037F00CF0ACFA09D46C0840F46DFF9FFF09D4040909D54A0809D64D0809D74C0895
:2031600040F46DFFC2FE0228820440F46DFF8FFF09DF7C086E0382103C028200087F370F15
:2031800001F22CF709DF56086E03DA013C02DA0009F05B0837F001F389FF1B0809DF540809
:2031A00009F05B0837F081F389FF1B0809DF510809F0590837F083F089FF190809DF53084C
:2031C00009F05B0837F001F289FF1B0809DF550809F05C0837F004F089FF1C0809D058082C
:2031E00008CF370F02F32CFC09DF590809F0500837F002F389FF100809DF500809F0D80826
:2032000037F003F3ACFC09D05A0808DF8BF0200337006800370F04F02CFD09DF5B0809F0E3
:2032200051088BFF20F3370F68F037F004F089FF110809DF520809F05A0837F002F089FF00
:203240001A0809DCA809BD0C7900D4CEBD0E280009C0040809C95D084CE16E2109E484099D
:2032600009E44808370068506D00CA1009E4840909E4480802956D00F510D4E2DA016E0319
:2032800082103C0282000C27370F81F22C27D4E20CEC0920460837F002F02C2609CE8809A5
:2032A000BD0E1E0009C00C0809C95D084CE16E1709E4840909E44808370068506D00A0109C
:2032C00009E4840909E4480802956D00CB10D4E20CEC0920440837F003F02C2409CE90095B
:2032E000BD0E150009C5540809C95D0809E4840909E448080CECA6F56D00821009E48409CA
:2033000009E4480802956D00AD1009CE9809BD0E150009C55C0809C95D0809E4840909E487
:2033200048080CECA6F56D006B1009E4840909E4480802956D00961009D46C0840F46DFF70
:20334000A6FEDA0089FF001982FF6CFFDA00D4A22C2E09DF6D082E0CDA016E03DA013C02BC
:20336000DA0009F0421837F001F089FF021809DF6D082E1CDA016E03DA013C02DA0009F087
:20338000421837F001F189FF021809DF6D082E2CDA016E03DA013C02DA0009F0431837F0A7
:2033A00001F189FF031809DF6D082E3CDA016E03DA013C02DA0009F0431837F081F189FFFD
:2033C000031809DF6D082E4CDA016E03DA013C02DA0009F0431837F001F389FF0318DA00D0
:2033E0002C2DDA002C2C09DF7D082C2FD20089205409DA006C240C2F82003E0482103E0465
:203400003C0682193C063BC000903C0382093C014CDC6E0C09D4B00909D4AE0802956D002C
:203420008A2DD4A4894284093C0909D4AE0802956D003F2DD4A4894284094CDE6E0C09D46C
:20344000B80909D4B40802956D00752DD4A4894288093C0909D4B40802956D002A2DD4A4E7
:203460008942880909D9660809DFE208EE03DF39228040F46DFF14FD09DFE2081420370F26
:2034800068F037F008F0342F0C21379F82F12C210C2396022C23DA016E03DA013C02DA003A
:2034A00009F0431837F001F289FF03180C2196042C2109DFE008EE03DF39228040F46DFFCC
:2034C000FCFC09DFE0081420370F68F037F008F0342F0C21379F82F12C210C2396022C23F7
:2034E000DA016E03DA013C02DA0009F0431837F081F389FF03180C2196042C2109DFE40813
:203500006E2140F46DFFBEFC09DFE4081420370F68F037F008F0342F0C21379F82F12C21D7
:203520000C2396022C23DA016E03DA013C02DA0009F0421837F001F089FF02180C21960462
:203540002C21DA016E03DA013C02DA0009F0500837F081F089FF1008DA016E0382103C023A
:20356000820008CF370F81F02CFC09FF5008960189FF100808CF96012CFC02823C01009095
:20358000F445DA00894F3C08DA01894F2C08DA01AC447B107EF46C41DA032C4ADA002C4CFB
:2035A000DA032C4DDA00894F1008DA01894F1108DA01894F1208DA00894F1308DA00894FD3
:2035C0001608DA00894F1408DA07894F1508DA01894F1808DA01894F1908DA00894F1A08AE
:2035E000DA00894F1B08DA00894F1C08DA00894FA208DA00894FA008DA00894FA408DA0032
:20360000894F2608DAFF894F2D08A00FEC4AA00FEC4EA00FEC4CDA00894FAE08DA00894FEF
:20362000B408DA00894F3D0800902010404F08CFEE2BC8128C223C016E03DA003C02DA016F
:203640003C01EE22DA012CFC08FF82003E0482103E0A3C14C81449A5000A8214D2066D0076
:203660008F2C3C0CC81449A5040A3BC00040D2066D00862C0CAC34AF3C01D4F449A5000AA5
:2036800082146DFF1CFD0090D44F09FF760816013C016E0909FF7E08960189FF3E080C4EBE
:2036A00096012C4E09FF7608370F61F13C016E0909FF7E08960489FF3E080C4E96022C4EC5
:2036C00009FF7708370F61F13C016E0909FF7F08960489FF3F080C4E96042C4E09FF77082A
:2036E000370FE1F13C016E0909FF7F08960889FF3F080C4E96082C4E09FF7708370F61F36F
:203700003C016E0909FF7F08964089FF3F080C4E96102C4E00902020404F08FF82003E041D
:203720008210BE083C57D4F2092F5208161F3C01D4F449A5000A02F46DFFCBFBC82449A512
:20374000000AD20602F46D00212D7623DA012CFD3C413C394DC0E2FF370FE1F78B0F20F28F
:203760003C010D00400300003C013C0185F010008203020285F12C008200A620A6313C0136
:2037800091000028D922382209224009262026316E030D0000033C0189A05009D4F449A514
:2037A000000A82146DFF95FB14AF89AF1808C82449A5100A3BC00040D2066D00E72C762332
:2037C000DA012CFDD4F2092F5208161F3C01EEC33C0100902018404F4DC0E2FF370FE1F7CA
:2037E0008B0F20F23C010D00400300003C013C0185F010008203020285F12C008200A6201E
:20380000A6313C0191000028D922382209224009262026316E030D0000033C0189F05409E1
:20382000484FC21F6CF4C8128C223C016E03DA003C02DA013C01EE4008FF82003E058210BE
:203840005F0F29003C38DA0089AF1008C8128C223C01370F7000D4F20C2E161F3C0189AF0E
:20386000100809AF50088B0F01F1370F70F07FF00380020FC81449A5000A370F5040D20669
:203880006D007E2BD4F449A5000A02F46DFF17FC3C12C81449A5000A3BC00040D2066D003B
:2038A0006F2B0CA82CACD4F449A50C0A82146DFF06FC3C013C03DA002CFC0090406F0B4505
:2038C00010680944880994F46D005A2B94FFA22FB4FF8B0200223C010090404F405C406DAD
:2038E0000B451088821208CFC81209209408370070A094D0DF003100EE1F94DF7FFA1D0005
:20390000C814370A504040C50B8910686D003E2C40F46DFF8CFEC81401CA005694DFA2AF27
:20392000370F50400B8910686D00302C022840F46DFF7DFE3C0CC81494D440C50B891068FA
:203940006D00242C022840F46DFF71FE94DFA28FB4DF8B0800223C010090404F6D00E123B8
:20396000022F02F46D00322214F0B700010034F002F46D00F6233C0114FF370FE1F0BA0FD3
:203980003C016EFB0090FF240B00538420F0910000F8D9FF682010FFD4F23C02A0023C0101
:2039A000009082F282003C17538020F0910000F8D9FF682010FFD4FF7D4F0D80538020F044
:2039C000910000F8D9FF682010FF481F370F48203C04C210BF20EAFF3C01009002486DFF7D
:2039E000E2FF914000FFD9FF6008530221F010FF534820F010F23C0100907643DF140980B2
:203A0000094F6C28375F02F0894F2C283C42DF240400DF340980094F6C28375F02F1894F98
:203A20002C283C37DF440400DF540980094F6C28375F02F2894F2C283C2CDA0C7E48094FCE
:203A40006C28375F02F3894F2C283C23DA0A3E43DA0D7E48094F6D28375F02F0894F2D2808
:203A60003C18DF640400DF740980094F6D28375F02F1894F2D283C0DDA083E43DA097E48D7
:203A8000094F6D28375F02F2894F2D283C0200A00090404F0B451088026A6D00C81C022BB3
:203AA0004B8B51406D00CC34022082033C0782224B200102F6023C05C213DA103FF3F9FF14
:203AC000DA107FF34B8076A682204B0911029AF03C029AF9370F700009F1E408370110005B
:203AE00089F0A408DA018200820137F101133701011789F138198F7300F1820053802010F2
:203B000082700F10000009F2301982F4C64026020F1F00F0A6F289F230198F8300F18B0F95
:203B200020F26E0DDA00538F20F0C23F82100FF0000009FF3019A60F89FF301909FF701833
:203B400037AF81F389FF3018DA010F3F00F04B0F61F14BFB51203C0282023C0100900940E7
:203B600054080C5C8B4FA0F237F001F3894F1408094051080C5C37F002F3894F110800905F
:203B8000404F024F02586D00521C02294BF951406D005634022082033C0782224B2001021D
:203BA000F6023C05C213DA103FF3F9FFDA107FF33F80C2F83708700009F1D4183701100031
:203BC00089F09418820082118202370201233712012789F238198F7300F182105380201005
:203BE00082700F10000009F2301982F4C64026020F1F00F0A6F289F230198F8300F18B0FB5
:203C000020F26E0DDA01538F20F0C23F82100FF0000009FF3019A60F89FF3019DA010F3FB8
:203C200000F04B0F61F14BF951203C0282023C010090094054080C5C8B4FA0F237F081F390
:203C4000894F1408094054080C5C37F002F0894F14080090404D405FC86C89DC900914CF85
:203C6000370FE1F0BA0F3C01EE0440C46DFF77FE09FF5C081E1409FF5D086E5CDA0182100E
:203C80000FF000004CC1260F6E03DA013C02DA003C01EE08DA0182100FF000004CC1A60F1E
:203CA0006CC109FF69086E2248BF6E05C864C8B56DFFC1FFDA0109F07008532F2010C2219E
:203CC00082320F1200204CC582F3C632262F0F100000A60F6CC5483F370F70F009C0D41835
:203CE00037F010F089CF94183C064824483540C46DFF48FF09FFF80809C0D01837F010F0D7
:203D000089CF901809FF5D186E1409FF5D08EE1109FF7A0809C0741837F003F189CF34189A
:203D200009FF7B0809C0741837F082F289CF34183C0109FF5C086E0709FF5D18EE0409FFCF
:203D40005D086E644818820182100F1000004CC126F07603DA013C02DA003C01EE08820054
:203D600082110F0100104CC1A61F6CC109FF5D186E0B09FF5D08EE08484F6E0609FF7A08A3
:203D80005E5248483C0109FF60086E31489F6E05C864C8956DFFE5FEDA0009F06808532FA0
:203DA00020F09221DA030F1F00204CC582F3C632262F0F100000A60F6CC509FF740809C0F0
:203DC000701837F081F389CF301809FF74085E16DA024BF811028BF01F80370870F009C074
:203DE000E40837F010F089CFA4083C0854F409F6740840C402856DFF4EFE09FFF60809C093
:203E0000E00837F010F089CFA00809FEA019BD0E2300D4ECBCCF09EF080809C4840909C46B
:203E20004808370F68506D00EB0AD4C440C56DFF98FE09EC8409BCCF09EF080809C48409C4
:203E400009C44808370F68506D00DA0AD4C440C56DFFF1FE09FFFE086E2CC86209F07C08AF
:203E6000DA010F0F00F009203029A6F089203029C86409F47C0809F57D086DFFC0FDC864BA
:203E800009F47D086DFFACFD09F0401809FFFE081421370F68F037F108F0342F0C21370F63
:203EA00082F12C210C2396022C230C2196042C2109FFC4186E2CC86209F04218DA010F0F24
:203EC00000F009203029A6F089203029C86409F4421809F543186DFF92FDC86409F443187D
:203EE0006DFF7EFD09F0461809FFC4181421370F68F037F108F0342F0C21370F82F12C2117
:203F00000C2396022C230C2196042C2109FFCA186E2CC86209F04818DA010F0F00F009205E
:203F20003029A6F089203029C86409F4481809F549186DFF64FDC86409F449186DFF50FD98
:203F400009F04C1809FFCA181421370F68F037F108F0342F0C21370F82F12C210C239602CA
:203F60002C230C2196042C2109FFD0186E2CC86209F04E18DA010F0F00F009203029A6F0CA
:203F800089203029C86409F44E1809F54F186DFF36FDC86409F44F186DFF22FD09F052180E
:203FA00009FFD0181421370F68F037F108F0342F0C21370F82F12C210C2396022C230C2145
:203FC00096042C2109FF5C0889DF140849FF141A49D2180AA02444FF642FFC4E009020685B
:203FE000910000F8D9FF441049FF000A49A2000AC506180044FF642FFC6E49AF000A494215
:20400000000AC506180044FF642FFC6E894598090090404F09FF5408DF1F3780C842DA00E8
:204020008210820137F10113370101178921381909FF6108EE28487F6E1BC842821009FF69
:204040006008532020008B80001082300F1000000922341982F3C63026020F1F00F0A6F2B8
:2040600089223419C844C8756DFFE5FD3C0BC842DA008210820137F1811037018114892141
:2040800038193C013C0109FF54086E0409FF61086E32C842DA018200820137F10113370110
:2040A000011789213819486F6E1BC842820009FF6008532020008B80001082300F10000032
:2040C0000922341982F3C63026020F1F00F0A6F289223419C844C8656DFF43FD3C0BC84FE4
:2040E000DA018200820137F181103701811489F138193C0100904DC0E1FFD710210F494035
:2041000040080090404F40F46D002F0082504DC0E1FF16073C013E289110003030F3D933E9
:20412000C04F54313C034D00D01F3701E2F05E1382003C173701E2F0EE13534220F060FF11
:204140009130003F30F3D93F1436081F16075E1382103C05081F16075E3282203C028250CC
:2041600002023C010090822282003C17538020F0910000F8D9FF782010FFD4FF7D4F0D80DE
:20418000538020F0910000F8D9FF782010FF481F370F68203C04C210BF20EAFF3C01009058
:2041A000DA00744F0090404F024F40F46DFFDDFF02286E031E325E4382093C0282195E2305
:2041C000821A3C02820ADF1949804DC0E1FF16073C015F8F28006D00B81F022802846D00FA
:2041E0001D1E913000CFD9CC143640F46DFFBDFF534220F010C2142F37AF02F0342F02842E
:204200006D00D61F9110003030F3D933C04F543FB72F82F09110003030F3D933C04F743F80
:204220003C1C6D007E1F022B02B46D00CF1D913000FFD9FF1436534820F010FF9130002F54
:20424000D9221436534820F01022142F37AF02F034FF02B46D00851F02923C010090821232
:204260004DC0E1FF16073C01FF2F0B80538F20F0910000F8D9FF782010FFD4FF3C02A00F84
:204280003C017DF4048082023C109110003030434933088A543F06F4374F9FF09110003057
:2042A00030434933088A743F3C01009020088202DA0174AF54A0DA0002F14940C00874A02D
:2042C00054AFEE0382123C02C2F4F623FF14F2FF3C010090404FDA0140F46DFFC2FF262F58
:2042E00040F46DFF11FFF626821440F46DFF5DFF262F02F23C0100900248804FB70F1CF05F
:204300007B00000D7E0D804FB70F0CFAB77F03FE4DC0E10F7B000011E210A20F3C02804F7F
:2043200060FF82096D006B189130002F392F3506160F4B0F41F14BF251F03C017BA047043E
:204340004B0F51F04B0861014B0F41F04B0F710185F110003C09000085FF1000A21F3F0F48
:20436000048082193C0554FF1603DF3FF6FF02923C010090913000FFD9FF004654FF370F86
:204380006EF18FFF83813C01911000A7D9AA408F0D0080043B0098F0CD4FE00F0D00C00425
:2043A0004D00E0FFB70F14F0CD0FE00F0D00C00482117617DA009601CD4F20090D00C004C4
:2043C0004DC0E1FF8F7F00213C01913000FFD9FF004653C220F010FF54F037006E018FF009
:2043E00083313C01913000FFD9FF004653C220F010FF54FF2E1B8F2320F0960154F037004A
:2044000070088F002100A6F074F08F2320F0960254F0370070088F002100A60F74FF3C0118
:2044200054FF1601DF1FFE7FDA00761382003C028210370F81F0CDCF20090D00C0049130D4
:2044400000FFD9FF004653C220F010FF54FF2E1B8F2320F0960154F0370070088F00210073
:20446000A60F74FF86238F3340F154F0370070088F002100A60F74FF3C0154FF6F0FFF7F21
:204480000D00C00482114DC0E1FF8F7F00213C01913000FFD9FF004653C220F010FF54F009
:2044A00037006E018FF083313C01913000FFD9FF004653C220F010FF54FF2E1B8F2320F076
:2044C000960154F0370070088F002100A6F074F08F2320F0960254F0370070088F002100AB
:2044E000A60F74FF3C0154FF1601DF1FFE7FDA00761382003C028210370F81F0CD0F04091D
:204500000D00C004913000FFD9FF004653C220F010FF54FF2E1B8F2320F0960154F0370048
:2045200070088F002100A60F74FF86238F3340F154F0370070088F002100A60F74FF3C0187
:2045400054FF6F0FFF7F0D00C004913000FFD9FF004654FF2E1B8F2820F0960154F03700E8
:2045600070088F002100A60F74FF8F2820F0960254F0370070088F002100A60F74FF3C0184
:2045800054FF1601DF1FFE7F910000F8D9FF004080FFCD4FE20F0D00C00491F000F8D9FFE7
:2045A000000480FFCD0FE20F0D00C004911000F7D9FF80CF80FFCD8FE20F0D00C0049130BD
:2045C00000FFD9FF004654FF2E1B8F2820F0960154F0370070088F002100A60F74FF8F2842
:2045E00020F0960354F0370070088F002100A60F74FF3C0154FF6F0FFF7F91000000D90051
:20460000000091000010D911000091000080D988000091000090D9990000911000F7D9FF9A
:20462000C00F91100027D922C001A004802080FFA2F0DA404BF0114282003C1E80FFB70F09
:204640001CF08F4F1F1080FFBBF0FF2F0662262F06AFA6F1F606CD81E30F0D00C0043C0295
:2046600074419AD47E05CDC1E30F0D00C00440F449FF001AC2103F40E3FFDA00744F6D0070
:20468000641D022F02846D00F81B02F46D00391C6DFF93F302846D00991C02F46D00DB1CB6
:2046A00091000048D944B0E16D003F179130884F910000F8D9FF4AB480F46DFF0DFE91102D
:2046C00000F8D9FFE23BDC0F0090913000FFD9FF0C4654FF370F6EF18FFF83113C01912080
:2046E00000A6D9AA408B0D0080043B0098F0CD4FE00F0D00C0044D00E0FFB70F14F0CD0FC4
:20470000E00F0D00C00482127627DA009601CD4F20090D00C0044DC0E1FF8F7F00313C01B8
:20472000913000FFD9FF004653C320F010FF54F037006E018FF083413C01913000FFD9FF64
:20474000004653C320F010FF54FF2E1B8F2420F0960154F0370070088F002100A6F074F04B
:204760008F2420F0960254F0370070088F002100A60F74FF3C0154FF1601DF1FFE7FDA0017
:20478000762382003C028210370F81F0CDCF20090D00C004913000FFD9FF004653C320F0DD
:2047A00010FF54FF2E1B8F2420F0960154F0370070088F002100A60F74FF86248F3440F18B
:2047C00054F0370070088F002100A60F74FF3C0154FF6F0FFF7F0D00C00482124DC0E1FF30
:2047E0008F7F00313C01913000FFD9FF004653C320F010FF54F037006E018FF083413C01C0
:20480000913000FFD9FF004653C320F010FF54FF2E1B8F2420F0960154F0370070088F000D
:204820002100A6F074F08F2420F0960254F0370070088F002100A60F74FF3C0154FF160190
:20484000DF1FFE7FDA00762382003C028210370F81F0CD0F04090D00C004913000FFD9FF0F
:20486000004653C320F010FF54FF2E1B8F2420F0960154F0370070088F002100A60F74FFFC
:2048800086248F3440F154F0370070088F002100A60F74FF3C0154FF6F0FFF7F0D00C00452
:2048A000913000FFD9FF0C4654FF2E1B8F2120F0960154F0370070088F002100A60F74FF50
:2048C0008F2120F0960254F0370070088F002100A60F74FF3C0154FF1601DF1FFE7F91F012
:2048E00000F8D9FF000680FFCD4FE20F0D00C00491F000F8D9FF000480FFCD0FE20F0D00D7
:20490000C004912000F6D9FF80CB80FFCD8FE20F0D00C004913000FFD9FF0C4654FF2E1BE6
:204920008F2120F0960154F0370070088F002100A60F74FF86218F3140F154F037007008CA
:204940008F002100A60F74FF3C0154FF6F0FFF7F91000000D900000091000010D9110000FE
:2049600091000080D988000091000090D9990000912000F6D9FFC00B91200026D922C00D49
:20498000A004802080FFA2F0DA404BF0114282003C1E80FFB70F1CF08F4F1F1080FFBBF0B6
:2049A000FF2F0662262F06AFA6F1F606CD81E30F0D00C0043C0274419AD47E05CDC1E30F4F
:2049C0000D00C00440F449FF001AC2103F40E3FFDA00744F912000F8D9FF94DDDC0F009033
:2049E000200840BF3C0180F2370368F4B75F08F037F30834370468F037F308304DC0E1FFF5
:204A000016073C013703680837F003F037F308383C0189A2400909A0400900A00D0040027C
:204A200000800090200840BF3C0180F2370368F4B74F08F037F30834370468F037F30830A1
:204A40004DC0E1FF16073C013703680837F003F037F308383C0189A2400909A0400900A09E
:204A60000D00400200800090200840BF3C0180F2370368F4B73F08F037F30834370468F084
:204A800037F308304DC0E1FF16073C013703680837F003F037F308383C0189A2400909A0E5
:204AA000400900A00D00400200800090200840BF3C0180F2370368F4B72F08F037F30834FE
:204AC000370468F037F308304DC0E1FF16073C013703680837F003F037F308383C0189A204
:204AE000400909A0400900A00D00400200800090200840BF3C0180F2370368F4B71F08F042
:204B000037F30834370468F037F308304DC0E1FF16073C013703680837F003F037F30838C5
:204B20003C0189A2400909A0400900A00D00400200800090200840BF3C0180F2370368F467
:204B4000B70F08F037F30834370468F037F308304DC0E1FF16073C013703680837F003F031
:204B600037F308383C0189A2400909A0400900A00D00400200800090200840BF3C0180F253
:204B8000370368F4B77F08F037F30834370468F037F308304DC0E1FF16073C013703680805
:204BA00037F003F037F308383C0189A2400909A040090D00400200800090200840BF3C010B
:204BC00080F2370368F4B76F08F037F30834370468F037F308304DC0E1FF16073C013703D3
:204BE000680837F003F037F308383C0189A2400909A040090D00400200800090DA0009508C
:204C0000DA08370F0EF009505C08370F03F809505D08370F81F909505E08370F01FA095099
:204C20005F08370F83FA09506108370F01FE09506008370F03FC6C4582010950640837010C
:204C400003100950650837018111095066083701041409506B083701011A0950670837017B
:204C600003120950680837018113095069083701041609506C083701811A09506A083701CB
:204C8000041809506D083701011B09506E083701011C09506F083701811C095F70086E03BC
:204CA00082203C028200095F71086E03DA013C02DA00A6F03701021D095F720837F1041E34
:204CC000095F730837F1811B89411009095F06096C42095F0A096C43095F16096C41095F5F
:204CE0001209744F095F6A086E0A095F6A081E17095F6A081E24095F0E096C460090F4455F
:204D00000090404F405CD4C2D42DF4FD09CF04082CF409CF0408530F22F010D2D922000215
:204D2000E822C82440C56DFF6BFF820009CF63086E05DA0137F001083C04DA0137F0810894
:204D400009FF0408534F20F010D25920C08109CFF4086E22D4F209FF0408BC21534F20F024
:204D600060FF9140003F30F3D93F40483C0109C0760809CFF40814F1370F68F037F108F0E6
:204D800034FF081F370F82F12CF1083F96022CF3081F96042CF100902038910000F8D9FFBE
:204DA000483049FF000A49A2000AA0D644FF642FFC6E49AF000A4942000AA0D644FF642F9B
:204DC000FC6EF44500906DFF1BFF0090D45FF44F0090404F6D00A519022F02F46D00F61729
:204DE00014F0B700010034F002F46D00BA190090404C025809C488090CCC3704685002F408
:204E00006D00FE0209C4880909C44C0802856D0029030CC482203E0B8230BE018240BE07D3
:204E20008250BE0D82605F0F23003C29D4CF09C05008084F370F81F02CF43C22D4CF09C041
:204E40005008084F370F02F22CF43C1AD4CF09C05008085F370F02F02CF53C12D4CF09C0B5
:204E60005008085F370F81F12CF53C0AD4CF09C05008085F370F81F22CF53C023C01009044
:204E8000404C025809C488090CCC3704685002F46D00B60209C4880909C44C0802856D0075
:204EA000E1020CC482203E0B8230BE018240BE078250BE0D82605F0F23003C29D4CF09C07B
:204EC0005008084F370F01F02CF43C22D4CF09C05008084F370F02F12CF43C1AD4CF09C038
:204EE0005008084F370F02F32CF43C12D4CF09C05008085F370F01F12CF53C0AD4CF09C024
:204F00005008085F370F01F22CF53C023C010090404F6D000619022F02F46D00571791A01F
:204F2000003030F3D933C04F5430B700010091A0003030F3D933C04F743002F46D001119F7
:204F400000906D005C12913000FF39FF3506370F64F24B0F41F14BF251203C013C010090D3
:204F600037046800DA084BF00102DA0203F10AF6370F68F0DF15068082220FF210203C0471
:204F800082120FF210203C010090404F026F82066DFFE8FF6E04681268223C0268120090E6
:204FA000404F026F82066DFFDDFF6E04684268523C0268420090404F3B0001606DFFD2FF6B
:204FC00074F20090404F024F0269820602F46DFFC9FF02283B0001600BF910486DFFC2FF8F
:204FE0008F0201F0A6F868680090DA01744F0090804F53042800420F60FF3C0148423C0101
:205000000090BC41DA024BF50102534020F053042100600F9140003F30F3D93FC06910F2E4
:205020003C010090804F53042800420F60FF3C0168550090804F53042800420F60FF3C01E0
:2050400068350090804F53042800420F60FF3C0168450090804F53042800420F60FF3C0170
:2050600068250090804F53042800420F60FF3C01481F375F02F06CF10090804F53042800AE
:20508000420F60FF3C014890DA006CF948BF375F02F06CFB68907663DA013C02DA0037F02B
:2050A00001F0767382103C028200370F81F06CF90090804F53042800420F60FF3C01DF15E9
:2050C000048082103C028200481F370F81F56CF10090404C405F8218D4F2F4C2084F2CC462
:2050E000084F3B008000E20FD4F21022911000303023D93D000D89CD880909FF05082CC581
:2051000049DE001A89CE8C0909FF52085E1709F40508821540E46DFF50FF09F4050882156A
:20512000821640E46DFF50FF09F4050809F5500840D46DFFC0FF09F40508086540D46DFF62
:2051400093FF487F6E08C87409F4600809F561086D00100109FF54081E1509FF5508DF1F00
:20516000278009F4050809F5560809F6540809F7550840D46DFF83FFD4F4084409F5050849
:205180006DFF41FF09F0570809FFD8081421370F68F037F108F0342F0C21370F82F12C219A
:2051A0000C2396022C230C2196042C2109FF52085E1E09F40508482540D46DFF4DFF09F4A7
:2051C0000508483540D46DFF37FF3C0D09F40508482540D46DFF38FF09F40508483540D47D
:2051E0006DFF22FF09F405088215820640E46DFFCEFE09F405088215820640E46DFFD2FE14
:2052000009FF53085E1509C48C096DFFF0FE02823C010090F445DA002C44DA002C45DA14EF
:205220006C42DA0A6C43DA01894F1008DA022C46DA00894F1108DA00894F1208DA01894FCA
:205240001308DA00894F1408DA00894F1508DA02894F1608DA00894F1708DA00AC4CA00F72
:20526000EC47DA80894F2008DA00894F21080090404F024FC83409F40508821502F66DFF55
:2052800086FEC83409F40508821502F66DFF8AFEC8346DFFACFE0090594400C00090194F0A
:2052A00008C0370F78F04B0F41F1194004C0370078004B0041014B0F51F06D0006004BF248
:2052C00041203C0100906DFF3EFE3C010090404F0B54108840F46DFFE4FF4B8251007B0089
:2052E000F8136B0131004B0071814B0861116B0131007B00F0134B1001F0370F61F16E0295
:20530000C2186D000E17022A02A46D005F15DA00BE90DA013E9EDA023E9CDA033E9ADA0446
:205320003E98DA053E96DA06BE91DA07BE963C1C534920F010F2534920F010FF19FF0CC0DB
:20534000378F18F0592F0CC03C1019FF24C0378F18F059FF24C03C0919FF28C0378F18F0C6
:2053600059FF28C03C023C0102A46D00FA160090404F0258481F8FCF1F00481F160F532FE4
:205380002020082F0F2F001082330F23003091A0012FD922F04F534020F01022542F82F0CC
:2053A000C630260F2631A61F742FC82408CF09F55008A64502F46D002300C82408C402853A
:2053C0006D0050000090A00282003C13538020F0910000F8D9FF601110FF481F7E49538048
:2053E00020F0910000F8D9FF601110FFD4F2C210FFD00480BD02EC7F3C010090404F0B45FB
:2054000010A849FC100A82404B0A01828F3A00F1538F20C09140002FD922000E7D2F158015
:205420006D007F16022F02F46D00D01409F0201982110FA1101082F2C621261089F020191A
:2054400002F46D008E16534820F010CFDAFF0FCF00F00FCB10B002F302B249F240080090BE
:20546000404F0B4510886D005C16022A02A46D00AD1449FF001ADA084BF801028F7800F154
:20548000534F2040534020F010FFDA0F0F4F00F00F49109002F3029249F2400802A46D000A
:2054A000601600902020404CDA084BF401826D00CC0E534920F010A2534920F010CF488F6F
:2054C000742F09CF500816FFC21F4B0F41F14BF25100534920F010AF14FF163FC21F4B0FDB
:2054E00041F14BF05100534920F010AF14FF370F62F39211534920F010AF081F160342F154
:20550000534920F010AF081F370F62F142F14B0141F14BF051203C01009020080248405F25
:205520003705E8FB8B0F20F26E01820949A6000A028440F56D003900DA0037F9019014AFEE
:2055400037F983900CA137F903920CA237F983930CA337F903950CA437F983960CA537F951
:205560000398081FAE63DA003C02DA0137F98199DA0037F9019A14FFAE53DA003C02DA016F
:2055800037F9819ADA0037F9019B09FFC008370F66F3C2FF370F70F037F9859B3789049E92
:2055A00002923C010090406C82088209DA084BF40122094F500816FF9210534320F0104F19
:2055C00009FF6008163FC21FE2F0534320F0104F09FF6008370F62F39211534320F0104F9B
:2055E00009FF6108160342F1534320F0104F09FF6108370F62F142F173100AA0B025405D0D
:20560000820B3C4E534B20F010DF54FFE2AF4B0F61F17B0000044B0F51C0820D820E3C32CF
:205620008210532E20F00FF010004B0041F14BFC51F07B00F0036B00214F6D00D326FF92F3
:205640002180532E20F00FF210F04B0F41F14BCF01F016068B0F20F26E09C2F28B0240F3CD
:20566000370F689002E8821D3C0FFF820B809A12C2FF8B0F40F3370F689002E8821D3C04CB
:20568000C21EBF8ECFFFF6D382798278532B20F010CF2819532B20F010CF34F8C21BBF3B33
:2056A000B3FF0090404C405F7641820854CF6E016D00CB0D3C0109CF500816FFC21F4B0FA8
:2056C00041F14BF251F03C017B00F8034BF0513048103B800040821502463700E81BBA0184
:2056E0006E037B00F8037B00F8134B0151703B0040929B499794024A3C4D4B0A41014B035A
:2057000041004B0751107B00F0236B0221114B0131B1DA407FBF05003B0004B03C0973AB8B
:205720000A10FF410400822B3C034EB2821B4B0B41114B1041006B07311082024B2101F0AA
:20574000AE046B0731003C056B0731F067FFBF0F4B9001F06F2F1E804B9001F0AE264B9069
:2057600001F0AE036F060580020902A602B56F061180DA004BF001F0AE27DA004BF001F03C
:20578000370F61F06E03DA003C02DA016E023C04C2FAFF2AB47F3F5409006F0607006F05BA
:2057A0000580025F026502F6DA024BF601229AD2370F4800C2F5370568F037F80680DA028E
:2057C0004BF601421A52C2FF370F68F037F802838E03020F3C02DA0037F802858E03823211
:2057E0003C01370268F037F80284088FAE43DA013C02DA0037F80186088FAE33DA003C0265
:20580000DA0137F88186089F370FE1F237F8018702823C0100900248BC416D00160DDA00FE
:205820004BF801F0AE217B0008F44BF841F04BF251004B0031F14B0F41F16B0F31F07B00DD
:20584000F0134B1F01F0AE244B0031F13C044B0031F1C21F8B1F40134B0161F14BF251F004
:205860006B0F31F882004B0F01F0AE084B0161F14BF251F06B0F31583C094B0161F14BF2C3
:2058800051F06B0F31F867FFBF5F82463C2C4B0661F14BF841F04BF251F07B00F0036B0002
:2058A00021FF4B0F710173600AF04B0F61F14BF251306B0331F882044B4F01F0AE046B03FD
:2058C00031383C056B0331F867FFBF3F4B5301F0AE247603023502013705E8FB6E02F60288
:2058E0003C06C2163B801FF07F6FD3FFC2F18B0140233C010090FF440B00538420F09100CF
:2059000000F8D9FFACD110FFD4F23C02A0023C01009082F282003C17538020F0910000F803
:20592000D9FFACD110FFD4FF7D4F0D80538020F0910000F8D9FFACD110FF481F370F4820F2
:205940003C04C210BF40EAFF3C010090494F102A3C0554FFB45FB025C2F4FF14FC7F00905E
:20596000494F102A3C0554FF745FB045C2F4FF14FC7F0090494F102A3C0554FF345FB01567
:20598000C2F4FF14FC7F0090DA084BF40102534120F0104F49FF241A3C06095FC00874FFA1
:2059A000B025C2F5FF15FB7F0090DA084BF40102534120F0104F49FF241A3C05545F74FF29
:2059C000B045C2F5FF15FC7F0090DA084BF40102534120F0104F49FF241A3C05145F74FF28
:2059E000B015C2F5FF15FC7F0090094F4518EE047B1000F03C02DA01CC4D094078080F0FD1
:205A000010F06CF10090094288093C010090094F4518EE03DA013C037B1000F0CC4D094053
:205A200078080F0F10F06CF10090404F405C406D0248D4FE40E46D008F050229DF093680F9
:205A4000ECE2084F96012CF4E84CA8A8821089F00718E86DA8E848FF6E05C8F240F42D0200
:205A6000000009FF49181E1409FF49185E3540F46D0047093C1A09FF4918DE4209E2A80923
:205A800009E4A809094FD818C2F837087000370F10F0892F981840F46D0033093C06C8AF73
:205AA00009E488092D0F000002923C01009082020C44AE04D44F481F6E0282123C010090EA
:205AC0002010404C405DD4D2D42FF802C8AFF801D4DFF4CF0CC4B70F01F02CC409DF640819
:205AE00089CF081809DF650889CF091809DF260989CF0C1909DF2A0989CF10190CD8370F06
:205B000061F1D80109F0510837F0010389F0110849DF1C0AF4AF5E1754FFEE05DA0089CF6D
:205B200004183C07CCD7481F370F68F089CF041809C04418DA084BF00182534920F009A4CC
:205B40008409104F029440D56DFFAEFD022F6CF809C4441849D5080A4CD109A4840902F55B
:205B60006DFFDDFC022F6CCC821009CF44180FF000008F0001100CD9AE43DA003C02DA0149
:205B800009C444180F4F10F0D80149FF081A8F000140A640A6F10203021249F2400809CF7A
:205BA0007308370F64F28F7F004109A484096DFF7BFC4B0231F189CF0A09D4AF54FFEE07BD
:205BC000A00FECCFA00F89CF80193C46D4FF09F2C80989C2F4090CD9370F61F289CF05185F
:205BE0000CD86F1F2280910000F8D9FFAA75ECCF910000F8D9FF8E8589CF801940C46DFF81
:205C000008FFD4AFD4FF09D5600809DA6108DA80C82408C4A6F56DFFF3FBC82408C402A52F
:205C20006DFF20FC3C19A00FECCFA00F89CF8019D4A2D42F09D5600809DA6108D422092F44
:205C40005008C82408C4A6F56DFFDAFBC82408C402A56DFF07FC09DFC808370F66F389CFDB
:205C60000618910000F8D9FF5886ECCA910000F8D9FF6656ECCBD80209FF46186E119110DD
:205C8000002F09F00518534920F0D80110FF49FF241A530022F0102280FF592F0C02820275
:205CA0003C010090404C40C46D00FF22A00FECC7DA8089CF2008DA0089CF2108A00FECC700
:205CC000DA0089CF2008DA0089CF2408DA0289CF250882FF89CF2609DA0089CF2A090090AE
:205CE0002040404C405DCCD5F80F6D001A12022802846D006B1014FFB70F01F034FF09DF5D
:205D000058086E03DA003C02DA0114F037F081F134FF02846D002512820809D4100909A498
:205D2000BC096DFF7AFD370268F037F80880DA0F37F80485DA0037F8828C09DF59086E0301
:205D4000DA013C02DA0037F8818DDA0137F8048E68484CD489CF0819820009DFC6086E0484
:205D60003BF01FF03C02DA0037F00900820109DFC408EE0409DF66086E0282113710810453
:205D8000820109DFC208EE0409DF66086E0282113710010509DF5B0837F0020809DF5C086E
:205DA00037F0020909DF680837F0020D09DF690837F0020E685009DEA009BD0E3B00D4EF82
:205DC000BCFF0CE409E85508C814088408C5A6F56DFF16FBC814088402856DFF43FBCCE236
:205DE000BCFF0CEC09E85508C814088408C5A6F56DFF06FBC814088402856DFF33FBCCE42C
:205E0000BD0F180009EF140809E85508C8140884370F68506DFFF4FAC814088402856DFF21
:205E200021FBD4F2D4F40C4408C0370F03F02C24D80FECCAF4CCDA006CC1A00FECC29100C5
:205E400000F8D9FFAA85ECC5910000F8D9FFAEA5ECC609DF66086E0C910000F8D9FF108665
:205E6000ECC7910000F8D9FF0466ECC83C0B910000F8D9FF7A46ECC7910000F8D9FF6046CE
:205E8000ECC8910000F8D9FF4206ECC909DF6608DF0F8C00DA0189CF061849A4000A911037
:205EA000005F6DFF2EF749A4040A49A5000A6DFF75F709DF250889CF051809CF05182CA8D4
:205EC000DA0089AF2708DA0189AF3408DA0089AF0A09DA0089AF2A08DA0089AF2F08DA00A6
:205EE000ACAFDA0089AF2308D80F49FF241A80FF89AF0E09DA0089AF2D08DA0189AF30083D
:205F0000DA0089AF2108DA0089AF2208DA0089AF20080CD889AF3A0809DFC40889AFB808C6
:205F200049C4380A49A5040A6DFFEDF609DF240889CF041809CF04182CA8DA0089AF270836
:205F4000DA0189AF3408D80F49FF102A80FF89AF0A09DA0089AF2A08DA0189AF2F08DA0057
:205F600089AF0E09DA0089AF2D08DA0089AF3008DA00ACAFDA0089AF2108DA0089AF220895
:205F8000DA0089AF2308DA0089AF20080CD889AF3A0809DFC20889AFB80849C42C0A49A551
:205FA000040A6DFFB0F63C04DA0089CF0618BBF0FFFFD80F89FF141909CF46186E4509A456
:205FC000BC096DFFA8FC914000FFD9FF1068538221F010FF3C01823009DF2508370F70F02D
:205FE00014F1370F68F037F108F034FF081F370F82F12CF1083F96022CF3081F96042CF1D2
:2060000009A4BC096DFF87FC914000FFD9FF1068538221F010FFB04F3C01823009DF240808
:20602000370F70F014F1370F68F037F108F034FF081F370F82F12CF1083F96022CF3081FA2
:2060400096042CF13C6D09DFC4086E2109A4BC096DFF61FC914000FFD9FF1068538221F05C
:2060600010FF3C0109D0480809DFC40814F1370F68F037F108F034FF081F370F82F12CF104
:20608000083F96022CF3081F96042CF109DFC2086E2209A4BC096DFF3EFC914000FFD9FF22
:2060A0001068538221F010FFB04F3C0109D0480809DFC20814F1370F68F037F108F034FF66
:2060C000081F370F82F12CF1083F96022CF3081F96042CF109DFC6086E2309A4BC096DFFC2
:2060E0001AFC914000FFD9FF1068538221F010FF49FF080A3C0109D0480809DFC60814F1FA
:20610000370F68F037F108F034FF081F370F82F12CF1083F96022CF3081F96042CF1D80FCE
:2061200009FF5308960189FF13080090404F405C40F46D000621E85CDA0089FF1808DA009F
:2061400089FF1908DA0089FF1A08DA0089FF1B08DA0089FF1C08DA0089FF2808DA0089FF13
:206160002908A002E88282FF89FF240882FF89FF2508DA0089FF2608BB00C2FB9BEFC3F42E
:206180006CF40090911000CF094804186DFF3DFC402F530822F010C2392F1E02370F61F1BF
:2061A0008B0F2002DF100D80530822F010C2530822F010C4394F1F029604E92F1F023C016E
:2061C000DF00110009FF00196E0609F2801940F42D020000084FB70F01F02CF4D4F46D00E0
:2061E0001A02530822F010CF39FF1E02370FE1F18B0F20F25E1C530822F010CF530822F0E8
:2062000010C2392F1F029604E9FF1F023C010090404C40C46DFFF9FB402F9110005F09C18A
:20622000051809C6A80949F7100A530122F01052392F1E02370FE1F18B0F2002DF100D80C7
:20624000530122F01052530122F01054394F1F029604E92F1F023C01DF001A00530122F094
:20626000105F39FF1E02370F61F18B0F20F25E1C530122F0105F530122F01052392F1F0273
:206280009604E9FF1F023C011D00BC0009FF49181E1509FF4918DF3F2580530122F0105FA8
:2062A00039FF1E02370F61F18B0F20F25E1C530122F0105F530122F01052392F1F02960408
:2062C000E9FF1F023C01534120F0105F534120F01052392FC2819602E9FFC2811D00920042
:2062E00009FF4918DF4F2480530122F0105F39FF1E02370F61F18B0F20F25E1C530122F012
:20630000105F530122F01052392F1F029604E9FF1F023C01534120F0105F534120F01052C4
:20632000392FC2819602E9FFC2813C6B530122F01052392F1E02370F61F18B0F2002DF10B5
:206340000D80530122F01052530122F01054394F1F029604E92F1F023C01DF00530088AFFC
:20636000BF2F5000530122F01052530122F01054394F1F029604E92F1F02534120F01052CB
:20638000534120F01054394FC2819602E92FC281547FEE0C48CF8210370F01F0896F201959
:2063A00009FF0C19896F24193C2C48CF8210370F01F0896F201909FF4618FF9F0A80D4722E
:2063C00088AF102F09FF7FF8896F24193C1A09F04618DA103F0F0D8088AFC2FF532F20F097
:2063E000D47F10FF09FFC008896F24193C0A88AFC2FF534F20F0D47F10FF54FF896F24195C
:206400000090404C09C2A809092FC0188FFF1F813C01BBF0FF0F8920141940C46DFFF5FA7B
:20642000402F911000DF6F08070009FF4A18960189FF0A186F18070009FF4A18960289FF2C
:206440000A186F28070009FF4A18960489FF0A186F78070009FF4A18968089FF0A186F380F
:20646000070009FF4A18960889FF0A186F48070009FF4A18961089FF0A186F58070009FF15
:206480004A18962089FF0A186F68070009FF4A18964089FF0A18DF08110009FF00196E06E5
:2064A00009F2801940F42D020000084FB70F01F02CF4D4F46D00AF0009CF46186E3109C035
:2064C0000418530022F010DF39FF1E02370F61F18B0F20F25E1C530022F010DF530022F07D
:2064E00010D2392F1F029604E9FF1F023C0109C00518530022F010DF39FF1E02370F61F127
:206500008B0F20F25E1C530022F010DF530022F010D2392F1F029604E9FF1F023C010090C1
:20652000404F40F46DFF71FA0925AC0940242D050000484FC21F6CF40090404F40F46DFFB1
:2065400064FA0925A80940242D050000483FC21F6CF30090DA01494F0408EE0382023C02DF
:2065600082123C010090404FD4F2D4220924A80949FC180A094F4218370FE3013C0188EF9A
:206580000B0F80F1370F508054CFEE0A82003C05094110293C01C2103F80FC7F3C2609F055
:2065A0004618FF900B80D4C502846DFFE5F9D4C201280026F4C23C1909F04618DA103F0F7B
:2065C0000C80D4C502846DFFC3F9532820F0D4C21022F4C23C0AD4C502846DFFC3F95348B7
:2065E00020F0D4C21022F4C288EFA28FACFE88EFEE1009FF00196E0609F2801940F42D02BA
:206600000000084FB70F01F02CF4D4F46D0003000090DA006C4100902008404F49FD100A56
:20662000D4F2D42C09CF4618DF0F7E02911000EF09C4A809F4A46DFF6EF9538221F03C0154
:2066400009C8051809C904184DC0E2FF370FE1F78B0F20A23C010D00400300003C0188AFF5
:20666000BF2FE50088AF92F0530822F010E2530822F010E4B94F140237007000370F0EF0C5
:20668000F92F140209FF4618FF9F10808200530822F010E2530822F010E4394F1602370F00
:2066A00083F2E92F16023C2109F04618DA103F0F10808210530822F010E2530822F010E467
:2066C000394F1602370F83F2E92F16023C0E8220530822F010E2530822F010E4394F1602E3
:2066E000370F83F2E92F160254DFEE4049F20C1A802FB70F1C007B0000FDFE014DC0E1FFF8
:2067000016073C0149F20C1A8020B7000C0AB770030E7B000011E21FA2F03C0449F20C1A59
:206720008020530822F010E259200802820082118222530822F010E2192310023703033004
:206740003713813137230434530822F010E259231002530822F010E2530822F010E4394F76
:2067600012029610E92F12023C3A54DFB70F1C007B0000FD7E0F4DC0E1FF16073C0154D038
:20678000B7000C0AB770030E7B000011E21FA2F03C0254D0530822F010E25920080282000F
:2067A00082118202530822F010E219231002370303303713813137230434530822F010E2BB
:2067C00059231002530822F010E2530822F010E4394F1202B70F01F2E92F1202D4A2492209
:2067E000241A530822F010E4802F594F0C02820082118202530822F010E219231002370315
:2068000003323713813337230436530822F010E259231002530822F010E2530822F010E404
:20682000394F1F029604E92F1F0288A0530922F010E2530922F010E4B94F1402370070002D
:20684000370F0EF0F92F140209FF4618FF9F10808200530922F010E2530922F010E4394F56
:206860001602370F83F2E92F16023C2109F04618DA103F0F10808210530922F010E253094B
:2068800022F010E4394F1602370F83F2E92F16023C0E8220530922F010E2530922F010E4B9
:2068A000394F1602370F83F2E92F1602486FEE4049F2101A802FB70F1C007B0000FDFE01FB
:2068C0004DC0E1FF16073C0149F2101A8020B7000C0AB770030E7B000011E21FA2F03C0408
:2068E00049F2101A8020530922F010E259200C02820082118222530922F010E21923100245
:20690000370303323713813337230436530922F010E259231002530922F010E2530922F0BA
:2069200010E4394F12029620E92F12023C3B486FB70F1C007B0000FDFE004DC0E1FF8F7F64
:2069400000013C01486FB70F0CFAB77F031E7B0000F1E2F0A2013C024861530922F010E2F7
:2069600059210C02820082118202530922F010E21923100237030332371381333723043647
:20698000530922F010E259231002530922F010E2530922F010E4394F1202B70F81F2E92F5A
:2069A0001202530922F010E2530922F010E4394F1F029604E92F1F02BBF0FFFFD4A4894F8C
:2069C00014196DFFA8F79140002FD9221068538221F010223C010C2396022C23D4A46DFFBD
:2069E0009AF79140002FD9221068538221F01022B0423C010C2396022C23D4A46DFF8BF7D0
:206A00009140002FD9221068538221F010224922080A3C010C2396022C23530922F010E2BB
:206A2000530922F010E4394F1F029604E92F1F02534920F010E2534920F010E4394FC2816F
:206A40009601E92FC28188AFBF2F2B00530822F010E2530822F010E4394F1F029604E92FD9
:206A60001F02534820F010E2534820F010E4394FC2819601E92FC28109FF4818EE0948CF86
:206A80008200370F01F0D4AF89FF20193C0848CF8210370F01F0D4AF89FF20193C3F54DFE3
:206AA000EE0E48CF8210370F01F0D4A2892F201909FF0C19D4AF89FF24193C3048CF821009
:206AC000370F01F0D4A2892F201909FF4618FF9F0B80D4D288AF102F09FF7FF8D4AF89FFE3
:206AE00024193C1C09F04618DA103F0F0E8088AFC2FF532F20F0D4DF10FF09FFC008D4AF45
:206B000089FF24193C0B88AFC2FF534F20F0D4DF10FF54FFD4AF89FF241976A30D00000339
:206B20001D00EE0088AFBF1FEB00D4F2D422092CA80909FF7308370F644209CF42181607EA
:206B40003C018B4F000109FF47185E12C2F088AF7E02C2F088AF0B0F80F1370F5080BF187C
:206B6000CF0088AF5280A8A088AFEE0382113C02820109FF4718DE11BF28100088AF6E0D7A
:206B80004DC0E20F3700E1078B0020923C010D00400300003C013C084DC0E20F3700E10770
:206BA0008B0020923C0109FF4718DE14820089F0071809FF4818EE0848CF8200370F01F0BA
:206BC00089CF20193C0748CF8210370F01F089CF201954DFEE1E09F00C19DF01130082019D
:206BE0003C0489C02419C2119AF83FF1FC7F48CF8211371F01F089CF201989C024193C0873
:206C0000DA003C0489C02419C21F3F8FFD7F3C7409FF4618FF9F2480DF011800BF2808006A
:206C2000D4D59AF840C402F56DFFD1F648CF8210370F01F089CF2019D4DF01F800F609FFD0
:206C40007FF889CF24193C06D4D540C402856DFFBEF6D4DF01F800F6F4DF3C4E09F046183C
:206C6000DA103F0F2780DF011A00BF280800D4D59AF840C402F56DFF89F648CF8210370F3C
:206C800001F089CF2019C2F8532820F0D4DF10FF09FFC00889CF24193C0BD4D540C402858B
:206CA0006DFF74F6532820F0D4DF10FFF4DF3C24DF011900BF280800D4D59AF840C402F560
:206CC0006DFF75F648CF8210370F01F089CF2019C2F8534820F0D4DF10FF54FF89CF24195D
:206CE0003C0BD4D540C402856DFF61F6534820F0D4DF10FFF4DF76930D0000030090200845
:206D0000404D49DF100AD4D2D42C8CDA82404B0F0102F6188CDA82404B0F0102370068F057
:206D20003C088CDA82404B0F0102370068F0C21F370F688009DF49189E4B8CDA3B00010018
:206D40004B0F0102F6198CDA3B0001004B0F0102370068F03C098CDA3B0001004B0F0102F5
:206D6000370068F0C21F42F8C2F83708688009CF4618DF0F2102911000EF09C4A809F4A49B
:206D80006DFFC9F5538221F03C0109C9051809CA04184DC0E2FF370FE1F78B0F20B23C0113
:206DA0000D00400300003C01530922F010E2530922F010E4B940140237800E00F920140281
:206DC0008220530922F010E2530922F010E4394F1602370F83F2E92F160254FFB70F1C008F
:206DE0007B0000FD7E0F4DC0E1FF16073C0154F0B7000C0AB770030E7B000011E21FA2F0DF
:206E00003C0254F0530922F010EF59F00802820082118202530922F010EF19F310023703D2
:206E200003303713813137230434530922F010EF59F31002530922F010EF530922F010E2F9
:206E4000392F1202B70F01F2E9FF120209DF49189E4DD4AF49FF1C1A530922F010E280FFED
:206E6000592F0C02820082118202530922F010EF19F3100237030332371381333723043657
:206E8000530922F010EF59F31002530922F010EF530922F010E2392F1F029604E9FF1F022E
:206EA0008CDA82404B0F0102F6188CDA82404B0F0102370068003C088CDA82404B0F010252
:206EC00037006800C210530A22F010EF530A22F010E2B92F140237007000370F0EF0F9FF91
:206EE00014028220530A22F010EF530A22F010E2392F1602370F83F2E9FF16024CD6EE4080
:206F000049DF101A80FFB70F1C007B0000FDFE014DC0E1FF16073C0149DF101A80F0B70087
:206F20000C0AB770030E7B000011E21FA2F03C0449DF101A80F0530A22F010EF59F00C021D
:206F4000820082118222530A22F010EF19F31002370303323713813337230436530A22F07C
:206F600010EF59F31002530A22F010EF530A22F010E2392F12029620E9FF12023C3C4CD61D
:206F8000B70F1C007B0000FDFE004DC0E1FF8F7F00013C014CD6B70F0CFAB77F031E7B00A0
:206FA00000F1E2F0A2013C0309D11809530A22F010EF59F10C02820082118202530A22F063
:206FC00010EF19F31002370303323713813337230436530A22F010EF59F31002530A22F058
:206FE00010EF530A22F010E2392F1202B70F81F2E9FF1202530A22F010EF530A22F010E2B1
:20700000392F1F029604E9FF1F02BBF0FFFFD4A4894F14196DFF7FF4914000FFD9FF10681F
:20702000538221F010FF3C01083F96022CF3D4A46DFF71F4914000FFD9FF1068538221F0D1
:2070400010FFB04F3C01083F96022CF3D4A46DFF62F4914000FFD9FF1068538221F010FF98
:2070600049FF080A3C01083F96022CF3530A22F010EF530A22F010E2392F1F029604E9FFA1
:207080001F02534A20F010EF534A20F010E2392FC2819601E9FFC28109DF4918DF3F308000
:2070A00009D09408DA103FF00A0009D0F208DA0F37F085F389DFB2083C0B09D0F2088CDA3B
:2070C000C2FF370F70F037F085F389DFB20809D09408DA103FF0090009DF7008B70F01F0DA
:2070E00089DF30083C0609DF7008960189DF300809DF7208964089DF32083C3709DF491881
:20710000DF1F248009D09408DA103FF00A0009D0F208DA0F37F085F389DFB2083C0B09D098
:20712000F2088CDAC2FF370F70F037F085F389DFB20809DF7008960189DF300809DF7208CE
:20714000964089DF32083C1109DF7008960189DF300809DF7208964089DF320809DFF20817
:20716000B70F85F389DFB208530922F010EF530922F010E2392F1F029604E9FF1F0253491A
:2071800020F010EF534920F010E2392FC2819601E9FFC28109DF49181E464CDCD4AF89FFF5
:2071A0001C193C054CDCD4AF89FF201976B30D0000033C010090913000FFD9FF300654F8CD
:2071C000370864F0EE0382023C096D003E00370864F04B0F41F14BF251203C01009091305C
:2071E00000FFD9FF300654F8370864F2EE0382023C096D002A00370864F24B0F41F14BF2F2
:2072000051203C01009002486D0050018200DA003E84DA013E873C0B913000FF19F0002634
:207220003C08913000FF19F004263C0382023C0176094B0061F17B0028044B0F51F04BF27C
:2072400041203C0100906D00DA00913000FF39FF3106370F6402DA003E0CDA01BE0BDA023A
:20726000BE0EDA035F0F2100DA045F0F23003C26913000FF39FF0C16160FEE023C0A9130CF
:2072800000FF39FF0C16160F4B0F41F14BF251203C177B0017F44BF251203C127B001FF4D3
:2072A0004BF251203C0D7B0027F44BF251203C087B002FF44BF251203C0382023C013C01C6
:2072C0000090910000F6D9FF000054FF4B0F61213C010090913000FF39FF3706370F62F2F4
:2072E000EE06BB00C22B9BE2CB243C11913000FF39FF3706370F62F25E19910000F6D9FF94
:20730000000054FF4B0F61213C0282023C010090913000FFD9FF00066DFFDEFF09FF640854
:2073200016015E1A09FF6E08167FC21F4B0F41F14BF251203C2409FF6408370FE1F15E1E28
:20734000BB00C20B9BE0CB0409FF6C08167FC21F4B0F41F14BF051203C1209FF6908370F24
:20736000E5F0C21F4B0F41F14BF2410009FF6C08167FC21F4B0F41F14BF051203C01009056
:20738000913000FFD9FF00066DFFA6FF09FF540816015E1A09FF5E08167FC21F4B0F41F1DB
:2073A0004BF251203C2909FF5408370FE1F15E1EBB00C20B9BE0CB0409FF5C08167FC21F0E
:2073C0004B0F41F14BF051203C1709FF5908370FE7F0C21F4B0F41F14BF2411009FF5C0835
:2073E000167F921009FF5B08160FC21FE2F04B0041F14BF151203C010090913000FF39FF24
:207400003306370F62F282003E0482103E083C0ABB00C22B9BE2CB243C013C066DFFB2FF07
:207420003C0382023C013C0100906DFFE8FF913000FF39FF3106370F6402DA003E0CDA0152
:20744000BE0CDA02BE0FDA035F0F2200DA045F0F24003C27913000FF39FF3206160FEE0333
:2074600082023C0A913000FF39FF3206160F4B0F41F14BF251203C177B001FF44BF2512024
:207480003C127B0027F44BF251203C0D7B002FF44BF251203C087B0037F44BF251203C03EE
:2074A00082023C013C0100906DFFA9FF913000FF39FF3106370F6402DA003E0CDA01BE0C86
:2074C000DA02BE0FDA035F0F2200DA045F0F24003C27913000FF39FF3106160FEE038202FA
:2074E0003C0A913000FF39FF3106160F4B0F41F14BF251203C177B001FF44BF251203C12DB
:207500007B0027F44BF251203C0D7B002FF44BF251203C087B0037F44BF251203C03820237
:207520003C013C010090404F820891000026D922000009FF0819742F6D00F30502296D00AD
:207540000406022A02946D0041049130002F392F3046370FE1B19130002F392F304696089B
:207560009130002FE92F304602946D00FA0502A46D0054043C019130002F392F3306370F0C
:20758000E1F3EEFA9130002F392F3306B70F02F29130002FE92F33069130002F392F330612
:2075A00096409130002FE92F33069130002F392F180696109130002FE92F18063C01913074
:2075C000002F392F3306370FE1F3EEFA9130002F392F3706B71F02F29130002FE92F370635
:2075E0009130002F392F370696409130002FE92F37066D00B001A62802A46D00D905DF0817
:207600007E8102A46D000A043C019130002F392F1406370FE1F26EFA9130002F39201C06AF
:2076200008AF37F007F09130002FE92F1C069130002F39201B06088F37F004F09130002F3F
:20764000E92F1B069130002F39201906089F37F087F09130002FE92F19069130002F392FC5
:20766000180696409130002FE92F18069130002F392F1A06B70F01F09130002FE92F1A0699
:207680009130002F392F180696209130002FE92F18069130002F392F1A0696019130002F99
:2076A000E92F1A069130002F392F1A0696049130002FE92F1A06BB70714B9B1485436D008D
:2076C000A7013C019130002F392F1406370F61F16EFA9130002F392F1806B70F01F0913065
:2076E000002FE92F18063C019130002F392F3306370FE1F3EEFA9130002F392F3306B71FEE
:2077000002F29130002FE92F33063C019130002F392F3306370FE1F3EEFA48346D00780102
:207720009130002F19203006485F82F1C61F26F0485F4841261FA6F0DA0137F0020EDA01DD
:2077400037F0010F9130002FD922300674203C019130002F392F3706370FE1F3EEFA9130A8
:20776000002F19203406487F82F1C61F26F0487F4861261FA6F0DA0137F0020EDA0137F0D3
:20778000010F9130002FD922340674203C019130002F392F0316370FE1F3EEFA9130002F80
:2077A00019200016489F82F1C61F26F0489F4881261FA6F0DA0137F0010F9130002FD9229D
:2077C000001674203C019130002F392F0F16370FE1F3EEFA9130002F19200C1648BF82F17E
:2077E000C61F26F048BF48A1261FA6F0DA0137F0010F9130002FD9220C1674209130002F20
:207800001920002648DF82F1C61F26F048DF48C1261FA6F09130002FD92200267420913003
:20782000002F1920042648FF82F1C61F26F048FF48E1261FA6F09130002FD922042674200D
:2078400002A46D00B5049100802F192F140209F0041982F1C610260F09F0041982F1C610CB
:20786000260F09F0041909F100192610A60F02946D00AC029100802FD9221402742F029484
:207880006D006F04820C3C3702A46D00C7023C019130002F392F1406370FE1F26EFA91303A
:2078A000002F39201C0653CC20F0C8121022142F37F007F09130002FE92F1C0602A46D0045
:2078C000770453CC20F0C81210224C226E0953CC20F0C8121022092288092D02000053CCC8
:2078E00020F0C8121022092402096D009100C21C370C68C014FF3FFCC9FF02A46D008E0234
:20790000913000FF39FF1806B70F01F3913000FFE9FF180602A46D004B0402946D00560214
:20792000913000FF39FF2C469608913000FFE9FF2C46913000FF39FF304637BF81F191308E
:2079400000FFE9FF304602946D000B0402823C0100903B00288082096D00E303022A9130B9
:2079600000FF39F01006B7008202913000FFE9F01006913000FF39F01206910000F6D9FF7F
:20798000000054F13B005AF29B6F02F04BF111229AF2370F68F037F005F0913000FFE9FFC2
:2079A0001206913000FF39FF10069604913000FFE9FF10063C05C2F8F68382193C0D913030
:2079C00000FF39FF10066F1FF87F913000FF39FF11066F0FF27F02A46D00F801913000FF8B
:2079E00039FF2C469608913000FFE9FF2C46913000FF39FF30469608913000FFE9FF3046FB
:207A000002A46D00AE0302923C01009002486DFFF6FC913000FF39FF3506160F4B0F41F1B5
:207A20004BF251F03C014B8F41F04B0F71F185F110003C0185F01000A2103FF0FDFF00900F
:207A4000DA018B0401000F0F10F0913000FF59FF248600908FF43F006F041500913000FF41
:207A6000D9FF1086534020F010F2913000FFD9FF1086534020F010FF083F375F03F22C23F2
:207A80003C13913000FFD9FF1086534020F010F2913000FFD9FF1086534020F010FF081FBD
:207AA000375F03F22C2100908FF43F006F041500913000FFD9FF1086534020F010F2913080
:207AC00000FFD9FF1086534020F010FF083FB70F01F02C233C13913000FFD9FF108653402A
:207AE00020F010F2913000FFD9FF1086534020F010FF081FB70F01F02C2100908FF43F0017
:207B00006F041500913000FFD9FF1086534020F010F2913000FFD9FF1086534020F010FF2A
:207B2000083FB70F81F02C233C13913000FFD9FF1086534020F010F2913000FFD9FF108628
:207B4000534020F010FF081FB70F81F02C2100908FF43F006F041400913000FFD9FF1086C1
:207B6000534020F010F2913000FFD9FF1086534020F010FF083F96012C233C12913000FF45
:207B8000D9FF1086534020F010F2913000FFD9FF1086534020F010FF081F96012C21009057
:207BA0008FF43F006F041400913000FFD9FF2C86534020F010F2913000FFD9FF2C865340B0
:207BC00020F010FF083F96202C233C12913000FFD9FF2C86534020F010F2913000FFD9FF65
:207BE0002C86534020F010FF081F96202C2100908FF43F006F041400913000FFD9FF1086F0
:207C0000534020F010F2913000FFD9FF1086534020F010FF083F96022C233C12913000FFA3
:207C2000D9FF1086534020F010F2913000FFD9FF1086534020F010FF081F96022C210090B5
:207C40008FF43F006F041400913000FFD9FF1086534020F010F2913000FFD9FF1086534047
:207C600020F010FF083F96082C233C12913000FFD9FF1086534020F010F2913000FFD9FFF8
:207C80001086534020F010FF081F96082C210090DA010F4F00F0913000FF19F0208626F04C
:207CA000760382123C0282023C0100908FF43F006F041500913000FFD9FF1086534020F00D
:207CC00010F2913000FFD9FF1086534020F010FF082F375F03F22C223C13913000FFD9FFCB
:207CE0001086534020F010FF9130002FD9221086534020F01022142F375F03F234FF009055
:207D00006F041F008B05011082100F10100086F4913000FFD9FF2C86534420F010FF913034
:207D2000002FD9222C86534420F01022542F82F2C620260F0F160060A66F74FF3C1B821086
:207D40000F50100086F4913000FFD9FF2C86534420F010FF9130002FD9222C86534420F0F6
:207D60001022542F82F1C610260F0F560060A66F74FF00908FF43F006F041500913000FFE9
:207D8000D9FF2C86534020F010F2913000FFD9FF2C86534020F010FF083F375F02F32C2397
:207DA0003C13913000FFD9FF2C86534020F010F2913000FFD9FF2C86534020F010FF081F62
:207DC000375F02F32C2100904DC0E1FF16073C0153CF20F060FF9130003F30F3D93F0046E2
:207DE00054FF2E1B8F2420F0960154F0370070088F002100A60F74FF86248F2440F154F0F0
:207E0000370070088F002100A60F74FF3C0154FF1601DF1FFE7F0090913000FF19FF3036EB
:207E20006F1F12008F2420F09601913000FF19F03036370070088F002100A60F913000FF45
:207E400059FF303686248F2440F1913000FF19F03036370070088F002100A60F913000FFD3
:207E600059FF30363C01913000FF19FF30361601DF1FFB7F00904DC0E1FF16073C019130A2
:207E800000FFD9FF004653CF20F010FF54FF2E1B8F2420F0960154F0370070088F002100EB
:207EA000A60F74FF8F2420F0960254F0370070088F002100A60F74FF3C0154FF1601DF1FCF
:207EC000FE7F084F96082CF454FF2E1B8F2420F0960154F0370070088F002100A60F74FF4F
:207EE00086248F3440F154F0370070088F002100A60F74FF3C0154FF6F0FFF7F009091303C
:207F000000FF19FF30366F1F12008F2420F09601913000FF19F03036370070088F0021005C
:207F2000A60F913000FF59FF30368F2420F09602913000FF19F03036370070088F00210025
:207F4000A60F913000FF59FF30363C01913000FF19FF30361601DF1FFB7F913000FF39FFEC
:207F600034369608913000FFE9FF3436913000FF19FF30366F1F12008F2420F096019130EE
:207F800000FF19F03036370070088F002100A60F913000FF59FF303686248F3440F1913082
:207FA00000FF19F03036370070088F002100A60F913000FF59FF30363C01913000FF19FFAC
:207FC00030366F0FFC7F00904DC0E1FF16073C01913000FFD9FF004653CF20F010FF54FFF9
:207FE0002E1B8F2420F0960154F0370070088F002100A60F74FF8F2420F0960254F037003D
:2080000070088F002100A60F74FF3C0154FF1601DF1FFE7F084FB70F81F12CF454FF2E1BA3
:208020008F2420F0960154F0370070088F002100A60F74FF86248F3440F154F0370070088A
:208040008F002100A60F74FF3C0154FF6F0FFF7F0090913000FF19FF30366F1F12008F249B
:2080600020F09601913000FF19F03036370070088F002100A60F913000FF59FF30368F24E5
:2080800020F09602913000FF19F03036370070088F002100A60F913000FF59FF30363C013A
:2080A000913000FF19FF30361601DF1FFB7F913000FF39FF3436B70F81F1913000FFE9FFB1
:2080C0003436913000FF19FF30366F1F12008F2420F09601913000FF19F030363700700820
:2080E0008F002100A60F913000FF59FF303686248F3440F1913000FF19F030363700700821
:208100008F002100A60F913000FF59FF30363C01913000FF19FF30366F0FFC7F00904DC06B
:20812000E1FF16073C0153CF20F060FF9130003F30F3D93F004654FF370F6EF18FFF8321C9
:208140003C013C010090913000FFD9FF303654FF370F6EF18FFF83213C013C0100904DC0D6
:20816000E1FF16073C0153CF20F060FF9130003F30F3D93F004654FF2E1B8F2420F09601BD
:2081800054F0370070088F002100A60F74FF86248F3440F154F0370070088F002100A60F1E
:2081A00074FF3C0154FF6F0FFF7F0090913000FF19FF30366F1F12008F2420F09601913037
:2081C00000FF19F03036370070088F002100A60F913000FF59FF303686248F3440F1913040
:2081E00000FF19F03036370070088F002100A60F913000FF59FF30363C01913000FF19FF6A
:2082000030366F0FFC7F0090FF240B00538420F0910000F8D9FFD05110FFD4F23C02A00223
:208220003C010090404F02486DFF8FFF022902946DFFF4FDDA207FF80B8009FF08298210B9
:208240000F801000A60F89FF08293C0B09F00C2982118FF801F10FF11010A61089F00C290C
:2082600002946DFFA5FF0090404F0248025FFF481F803BF0014040F46D001B0082108B085B
:2082800001100F1010005E1709FF0029A60F89FF00293C0809FF002982F1C610260F89FF17
:2082A00000293BF0014040F46DFFBEFF0090404F02486DFF4AFF022902946DFFAFFDDA20DB
:2082C0007FF80D8009FF082982100F80100082F1C610260F89FF08293C0D09F00C298211EF
:2082E0008FF801F10FF1101082FFC6F1261089F00C2902946DFF5CFF0090404F6DFF97F852
:2083000009FF4028161FC21F4B0F61F14BF251203C010090404F6DFF8AF809FF41281603A9
:20832000C21F4B0F61F14BF251203C010090BF450980C2C56F04040082543C0282443C0193
:20834000DA0403F40AF5534F20F0910000F8D9FF003210FF54FF60F23C010090404F09FFEC
:20836000002937046800370F02F48210370F81F73BF0014040F46DFF9CFF89FF00293BF022
:20838000014040F46DFF50FF0090404F09FF002937046800370F05F08210370F81F73BF004
:2083A000014040F46DFF85FF89FF00293BF0014040F46DFF39FF0090404F024F6DFF37F858
:2083C0004B0271014BF011229AF28B3F20439A144BF0118240F46DFFC3FF02823C01009088
:2083E000404F024F6DFF23F84B0271018F2000104BF111229A2206EFC2FF8BFF21F3921176
:208400004B1011823B00D0129B1113107F810A80C21F8BFF21F392114B10110202083C0121
:208420003B90D00306503F0808803B00D0029B1013007F80048082083C0540F402F46DFFCA
:20844000A6FF02823C010090404F09FF0029374F01F78210370F81F73BF0014040F46DFF8C
:2084600028FF89FF00293BF0014040F46DFFDCFE0090DF0431004C418B8701000F04104097
:20848000A64F6C414C418230534720100F10000082F1C610260F6C414C41534720000F058C
:2084A0001050A65F6C41766B4C41821053472010C2310F100000A60F6C413C0C4C41821005
:2084C00053472010C2310F10000082F1C610260F6C413C0B4C4182108B8701100F100000ED
:2084E00082F1C610260F6C410090404F3BF0014040F46DFFDEFE09FF4328968089FF03280E
:208500003BF0014040F46DFF8FFE820082013C0E3B0040F0E21F10F2392F4320370F61F2A1
:208520003C016E0382103C01C211BF41F3FFDF10EE7F0090404C405F8208C852D42D3C0100
:20854000C852092E84093C01C85289C2840909C284090929480809FA0C0840D402946DFF07
:20856000A8FE08E0534A20F010E2534A20F010E409414168370181018920016808F0534AD9
:2085800020F010E2534A20F010E4094F4268370F04F0892F026809F05008534A20F010E2EA
:2085A000534A20F010E4094F4068370F02F2892F006809F05108534A20F010E2534A20F022
:2085C00010E4094F4068370F02F3892F00680810534A20F010E2534A20F010E4094F4168F3
:2085E000370F01F1892F016808D0534A20F010E2534A20F010E4094F4068370F02F0892F1A
:20860000006809F05308534A20F010E2534A20F010E4094F4168370F02F0892F01680830CC
:20862000534A20F010E2534A20F010E4094F4268370F81F2892F026814F0534A20F010E27A
:20864000534A20F010E4094F4268370F01F2892F026809F05208534A20F010E2534A20F07D
:2086600010E4094F4168370F04F2892F01688B0901F0370F684040D46DFF1BFE082FEE086F
:208680004CE282100FA01000A60F6CE23C094CE282100FA0100082F1C610260F6CE28B0934
:2086A00001F0370F684040D46DFFBEFD09F00C08DA087FF01B0008B009C2000809E1204949
:2086C000DA0F534220300F3F00F082F3C63F26F189E1204909EF2049534220100F101000D5
:2086E000A60F89EF20493C1908B009C2000809E12449DA0F534220300F3F00F082F3C63F27
:2087000026F189E1244909EF2449534220100F101000A60F89EF244909FFC6086E2008B557
:2087200002946DFF06FE09F00C08DA010F0F10F089EF1049089009FFC6081421370F68F01B
:2087400037F108F0342F0C21370F82F12C210C2396022C230C2196042C213C0108FFFF8F67
:208760001A8008A008F109E23049DA0F534120300F3F00F082F3C63F26F289E2304909EFE1
:208780003049534120100F101000A60F89EF30493C1B08A008F109E234493BF000309A81F1
:2087A000534F20F00FF3003082FFC6F3263289E2344909EF3449C281534120100F101000B0
:2087C000A60F89EF344909FFC4086E2908A502946DFFAFFD08F0534020F010E4534020F0F7
:2087E00010E5395F03809680E94F0380BBF0FFFF89EF1449088009FFC4081421370F68F0EB
:2088000037F108F0342F0C21370F82F12C210C2396022C230C2196042C213C0140D4029491
:208820006DFF02FD08FF2CC109FF0C0834CF02823C010090910000F8D9FFE05149FF000A85
:208840004942000AA05644FF642FFC6E894594090090405F8208D4F2D42C084F3B00400091
:20886000E20F10C2D92D4020894D8409D4F2D422F44208498949080840C46DFF40FD022A6E
:208880008B0901003700684040C46DFF12FD09FF6F085E1B821409F5620809F663088207FC
:2088A00040D46DFFE8FD3C08820482058206820740D46DFFE0FD09FF70085E1B821409F507
:2088C0005A0809F65B08821740D46DFFD4FD3C08820482058206821740D46DFFCCFD09FF27
:2088E00071085E1B821409F56A0809F66B08822740D46DFFC0FD3C088204820582068227A6
:2089000040D46DFFB8FD085F5F9F2300085F5349200091000028D9223442012000261022D4
:2089200014203C0109DF401882414B100122373F02F089DF001809D10019DA0882424B2059
:2089400001220F3F00F0A6F189D100193C01DA0014D037F002F034DF09FF6E0814D037F0FC
:2089600002F234DF09FF6F08DF1F5D8049F21C0A09FF61086E2D09DF4428960489DF0428A7
:2089800009FF610809F05F0809D1002982123721811737F182163701041489D1002909F0F3
:2089A0005F08DA0FFE0409FF5E08821009D1002982123721811B37F1041889D1002909DF2B
:2089C0004428370F02F089DF04283C013C0709DF4428B70F01F189DF042809F05F08DA0FF6
:2089E000BE0509FF5E0809F0600809D1002982123721811B37F1041889D1002909DF44283F
:208A0000370F02F089DF04283C01142F6E03DA013C02DA0009D0452837F001F189DF0528B2
:208A20003C0109FF7008DF1F5D8049F2140A09FF59086E2D09DF6428960489DF242809FF77
:208A4000590809F0570809D1202982123721811737F182163701041489D1202909F05708AB
:208A6000DA0FFE0409FF5608821009D1202982123721811B37F1041889D1202909DF64280D
:208A8000370F02F089DF24283C013C0709DF6428B70F01F189DF242809F05708DA0FBE0586
:208AA00009FF560809F0580809D1202982123721811B37F1041889D1202909DF6428370FAB
:208AC00002F089DF24283C01142F6E03DA013C02DA0009D0642837F001F289DF24283C019C
:208AE00009FF7108DF1F578049F2240A09FF69086E2D39CF04809604E9CF048009FF6908C8
:208B000009F0670819C1008082123721811737F182163701041459C1008009F06708DA0F14
:208B2000FE0409FF6608821019C1008082123721811B37F1041859C1008039CF0480370F99
:208B400002F0E9CF04803C013C0109F06708DA0FBE0509FF660809F0680819C1008082128C
:208B60003721811B37F1041859C1008039CF0480370F02F0E9CF04803C01142F6E03DA0157
:208B80003C02DA0039C0048037F001F2E9CF04803C01085F7E93DA033C02DA0014D037F035
:208BA00002F034DF09F56C0840C402946DFF5EFB82013C36536120F010F209204A08534115
:208BC00020F010D2534120F010D4094F6108370F03F0892F2108536120F010F2092F060933
:208BE0004BAF41F04B0F7101C2E0DA1F7F0F0780DA104BF011228BF200008BF02F033C010F
:208C0000534120F010D2534120F010D4094F600837006800370F05F0892F2008C211BF2119
:208C2000CBFF8B0901F0370F684040C46DFFFCFA02823C010090910000F8D9FFF85149FF4E
:208C4000000A4942000AA0C644FF642FFC6EDA002C44F4450C442C45DA00894F2C08009015
:208C6000405C8208D4CDF44D6DFF5BFA022F02F46DFFACF8820074D002F46DFF72FA09C493
:208C80005D0840D46DFFE2FB4CC54B0F714140D46DFFA8FBF62382123C634CC44B0F71416A
:208CA00040D46DFF8BFB40D46DFF29FB82013C34536120F010CF0880534120F010D25341D2
:208CC00020F010DF09FF6128370F03F0892F2128536120F010CF481F4B2F41F04B0F710149
:208CE000C2E0DA1F7F0F0780DA104BF011428BF400008BF02F033C01534120F010DF5341BC
:208D000020F010D2092F602837006800370F05F089FF2028C211BF21CDFF09CF5C08DE1E40
:208D200082093C178B09014040D46DFFC2FA3B0040F0E29F10DFD9FF4020DA0314F037F029
:208D400002F034FF8B09014040D46DFF6DFAC219BF49EAFF40D46DFFCAFB02823C010090D0
:208D6000404FF4F5BB0068F99B8FB9F46CF540546DFFD2FA68426DFF5AF36862DA002CF830
:208D80003BD07BF39B6F58F36CF1DA002CFE3BD07BF39B6F58F389FF0A09DA0089FF1C08B5
:208DA000DA0089FF1D080090C2F437045040D44F094FC40810FF14FF345FB015094FC40836
:208DC000C21FAC42094FC4080940C6083F0F0480DA00AC42FF14EA7F40523C010090C2F45E
:208DE00037045040D44F094FC40810FF145F34FFB015094FC408C21FAC42094FC408094087
:208E0000C6083F0F0480DA00AC42FF14EA7F40523C0100904DC0E2FF370FE1F78B0F200247
:208E20003C010D00400300003C018C423C010BF480F1370F50108C4B4BF10122A231370106
:208E40005020DA00894F1808A2248C4A0BF480F1894F060976030D0000033C0100904DC07A
:208E6000E2FF370FE1F78B0F20023C010D00400300003C01094184083C018C4AA21F0BF4C4
:208E800080F1370F50108C4B4BF10122A23137015020DA00894F1908A2248C4A0BF480F12B
:208EA000894F0A0976030D0000033C010090025FC234B7040200370050808BC801008B80F7
:208EC00000406D00BBA7BC2640240B8F10486D0032003C0100904DC0E2FF370FE1F78B0F39
:208EE00020123C010D00400300003C018C4212508940840809408E088C420BF0A0F1AC47C5
:208F0000094F06096E0F094F0609A25F894F0609094F06094EF7DA00894F0609DA01894FFE
:208F2000180876130D000003A254370450203C010090C234B70402F0370F5000DA00894F1F
:208F40001808DA01894F1908804F8BCF01F0C27FB70F03F0744FDA00AC42DA00AC47DA00D7
:208F6000894F0A09894F0609DA00AC49AC48894094088945960840423C0100902008404F85
:208F8000405C02488209DF08D700D4F2F4A288AFACA3888FACA291000028D9223822092024
:208FA00040090B0610F10B1780F2EE0891000028D9223822092A40093C274DC0E2FF370FAB
:208FC000E1F78B0F20F23C010D00400300003C013C0185F010008203020285F12C008200D4
:208FE000A620A6313C0191000028D922382209224009262026316E030D0000033C010B604F
:2090000040A00B7150B03C0140F402846DFF04FF022F6E0E49A4000A40C502F46DFFC6FEBF
:20902000402C40F40B8F10486D0089000228DF09398091000028D9223822092040090B0A48
:2090400010F10B1B80F2EE03DA003C294DC0E2FF370FE1F78B0F20F23C010D004003000002
:209060003C013C0185F010008203020285F12C008200A620A6313C0191000028D92238225C
:2090800009224009262026316E030D0000033C010BA050F10BB100F20B1B90F23C016E050F
:2090A000DA0089FF06093C44DF0841003C0109FF5808EE3891000028D9223822092040094C
:2090C0000B0A10F10B1B80F2EE03DA003C294DC0E2FF370FE1F78B0F20F23C010D0040036D
:2090E00000003C013C0185F010008203020285F12C008200A620A6313C0191000028D92236
:20910000382209224009262026316E030D0000033C010BA050F10BB100F20B1B90F23C01A7
:209120006EC709FF58088B0F0092DF086FFF09AFC408ACF802823C0100904DC0E2FF370F64
:20914000E1F78B0F20023C010D00400300003C018C42A25FAC42094F0A096E0F094F0A09A1
:20916000A25F894F0A09094F0A094EF7DA00894F0A09DA01894F190876030D000003A2543B
:20918000370450203C0100902008404F405C02488209DF08D700D4F2F4A288AFACA3889F68
:2091A000ACA291000028D9223822092040090B0610F10B1780F2EE0891000028D922382237
:2091C000092A40093C274DC0E2FF370FE1F78B0F20F23C010D00400300003C013C0185F07C
:2091E00010008203020285F12C008200A620A6313C0191000028D922382209224009262010
:2092000026316E030D0000033C010B6040A00B7150B03C0140F402846DFF23FE022F6E0E41
:2092200049A4000A40C502F46DFFDBFD402C40F40B8F10486DFF51FE0228DF09398091004F
:209240000028D9223822092040090B0A10F10B1B80F2EE03DA003C294DC0E2FF370FE1F735
:209260008B0F20F23C010D00400300003C013C0185F010008203020285F12C008200A62043
:20928000A6313C0191000028D922382209224009262026316E030D0000033C010BA050F1F1
:2092A0000BB100F20B1B90F23C016E05DA0089FF0A093C44DF0841003C0109FF5908EE38BF
:2092C00091000028D9223822092040090B0A10F10B1B80F2EE03DA003C294DC0E2FF370FFC
:2092E000E1F78B0F20F23C010D00400300003C013C0185F010008203020285F12C008200B1
:20930000A620A6313C0191000028D922382209224009262026316E030D0000033C010BA0EB
:2093200050F10BB100F20B1B90F23C016EC709FF59088B0F0092DF086FFF09AFC408ACF911
:2093400002823C010090911000FF8250530022F010F2530022F010FF39FF1F029604E92F64
:209360001F02910000F6D9FF0400DA0134FF82546D0095AB009082346DFF64F3910000F648
:20938000D9FF040014FFEE2D910000F6D9FF4C5354FFB70F1CF07B00000DFE034DC0E1FF2A
:2093A00016073C01910000F6D9FF4C5354F0B7000C0AB770030E7B000011E21FA2F03C06AB
:2093C000910000F6D9FF4C5354F0911000FFDA05530F22F010FF59F00C0282546D0051ABB3
:2093E00000908214910000F6D9FF100014FF910000F6D9FF4C4310F46D008DBB910000F697
:20940000D9FF100091000026D9221000142FC21F34FF910000F6D9FF100014FF5E1E9100BC
:2094200000F6D9FF4C4314F0DAA53E07910000F6D9FF1000DA0034FF910000F6D9FF10001C
:2094400014FF5E3D910000F6D9FF1000DA0034FF910000F6D9FF0C00DA0134FF0090911038
:2094600000FF8250530022F010F2530022F010FF39FF1F029604E92F1F02910000F6D9FFB5
:209480000800DA0134FF82546D0009AB009082346DFFD8F2910000F6D9FF080014FFEE2DAE
:2094A000910000F6D9FF4C5354FFB70F1CF07B00000DFE034DC0E1FF16073C01910000F632
:2094C000D9FF4C5354F0B7000C0AB770030E7B000011E21FA2F03C06910000F6D9FF4C536D
:2094E00054F0911000FFDA05530F22F010FF59F00C0282546D00C5AA00902008DABB34AFED
:2095000049A4000A82746D00CC00910000F6D9FF50430CA18F8F20000CA2A6F0B4F09100CF
:2095200000F6D9FF54430CA38F8F20000CA4A6F0B4F0910000F6D9FF58430CA58F8F200006
:209540000CA6A6F0B4F000902008DAC334AF49A4000A82746D00A500910000F6D9FF5C43EA
:209560000CA18F8F20000CA2A6F0B4F0910000F6D9FF60430CA38F8F20000CA4A6F0B4F03F
:20958000910000F6D9FF64430CA58F8F20000CA6A6F0B4F000902010DA002CAC8204BB0037
:2095A00068599B8509506D005ABADA1EB4AFDA032CA4BB0068F99B8F09F078028204820522
:2095C00082763BC000706D004FB46D003F003BB006403B0008506D006D0082043B90D053FA
:2095E00006756D003CBA3BB0064049A40C0A6D00430009A04C08DA415F0FF7FF3BB00640FC
:2096000082156D0057003BC0064082056D0052003BA0014082156D004D003B9001408275F8
:209620006D0048003BB001403B8001506D0042003BC001403B0001506D003C003BD00140D1
:2096400082356D00370000902008DA0034AF3C0E3B50074049A4000A6D000E008204BB006B
:2096600068599B8509506D00FAB914A0DA125F0FF1FF00902008404F8F0448F134AF14FF89
:209680002CA182043BE0015049A4000A49A5000A822682176D00C6B40CA134FF009002463C
:2096A00082043BE00150821740456D00BBB40090200834A489A5010882043BE0015049A418
:2096C000000A49A5000A822682176D00ABB40090024F0B561088027A3BA002406D00E703B1
:2096E00002F46D00B20302946D00AF033BB002406D00DD0302846D00A80302A46D00A503CA
:209700003BC002406D00D30300900248820482053BF00E603BF013706DFFDCFF82093C0C81
:20972000DA003C0502846D009003C21F3B0014003F0FFAFFC219DAF03FF9F4FF0090026F40
:209740000B4510686DFFC6FF02F46D007E0300903B9016408215820682376D00C8AB3BA0E8
:2097600016408215820682376D00C1AB3BB016408215820682376D00BAAB3BC0164082150F
:20978000820682376D00B3AB3B001A408215820682376D00ACAB3B101A408215820682370F
:2097A0006D00A5AB3B201A408215820682376D009EAB3B301A408215820682376D0097AB5D
:2097C0003B401E408215820682376D0090AB3B201E408215820682376D0089AB3B001E4065
:2097E0008215820682376D0082AB3B101E408215820682376D007BAB3B501E4082158206DB
:2098000082376D0074AB3B301E408215820682376D006DAB3B401E4082156D00B0AB3B006A
:209820001E4082056D00ABAB82043B00B4549BC504506D0014B93B001E4082156D009FABE2
:2098400082043B00B4549BC504506D0008B93B1001406D002C0382043B00E0509B75725072
:209860006D00FDB83B6003406D002103DA016E0582046D00C7023C13DA006E063B000C4029
:209880006D00C0023C0CDA006E063B0007406D00B9023C053B000A406D00B4023BA0034052
:2098A0006D00050382546D00AD023B200B406D00FE023BC000406D00A5023BC000406D0037
:2098C000A10282046D009E023B3003406D009A023B3003406D0096023B700B406D00E7029C
:2098E0003B5003406D008E023BB00B406D00DF023B9002406D0086023B200C406D00D7022A
:2099000082146D007F023B300C406D00D0023B9001406D0077023B400C406D00C8023B00A2
:2099200002406D006F023B500C406D00C0023BA001406D0067023B600C406D00B8023BF0D6
:2099400001406D005F023B000D406D00B0023B400A406D0057023B100A406D0053023B0034
:209960000E406D00A4023B000D406D004B023B8000406D0047023BE000406D0043023B90BB
:2099800000406D003F023B9000406D003B0282546D0038023B1003406D0034023B300340C8
:2099A0006D0030023B8004406D002C023B7001406D0028023B4001406D0024023B500140D0
:2099C0006D0020023B1003406D001C023B4003406D0018023B100E406D0069023B000D40A1
:2099E0006D0010023B8000406D000C023BE000406D0008023B9000406D0004023B90004017
:209A00006D0000023B5001406D00FC013B1003406D00F8013B3003406D00F4013B8004409E
:209A20006D00F0013B7001406D00EC013B4001406D00E8013B5001406D00E4013B100340C4
:209A40006D00E0013B4003406D00DC013B1002406D002D023B9002406D00290282046DFFF0
:209A600056FE00900B4510880B6710A809ACC00891000046D9446843BBF0FF4F9BF40F40FD
:209A80006DFF16D4820D3C2A1AD9370F70509A78370F70601AD9370F707002846DFF1AFE37
:209AA000370A70F08B0F1EF0530F21F0910000F8D9FF045210FF01FD00F614FF820E3C0B46
:209AC0002E0502B46D00C1013C0402C46D00BD0186FFC21EBF8EF6FFC21DDA103FFDD6FFBC
:209AE00091000046D94468436DFF5CD300900B451088026A820B3C2B1AB9370F70509A7869
:209B0000370F70601AB9370F707002846DFFE2FD370A70008B001EF0530F21F0910000F81F
:209B2000D9FF045210FF01FB00F614FF820C3C0C2E06BB00804F6D0088013C0482046D0026
:209B4000840186FFC21CBF8CF5FFC21BDA103FFBD5FF009020280B4510880B6710A809AC6A
:209B60002808BF7C0300826CDA0A7FBF04003BA000B082004B0A01F0AE0C74AA49A4050A3C
:209B800091000058D95574C26D001F02C2123C0A74AA49A4040A91000058D95574C26D00FD
:209BA0001402C292370248F052B0C2F03700480042CFC21F370F48103C0901A100F6DA2030
:209BC0002CF4C21137014810C210BF00F87FDA004BFA01F0AE0601A000F6DA202CF43C0544
:209BE00001A000F6DA2D2CF401A100F6DA002CF449A4040A0B8910486D005B0000902008AE
:209C00000B451088026ACEAE530921F0370F70503BD0026002846DFF6CFF325A370A50A07A
:209C20003C0A530921F0370F70503B00026002846DFF5FFF3B0071F24BFA010234A03B8009
:209C40003EF04BFA0102DA0A4BF0010289A10108DA644BFA0102DA0A4BF0010289A102085D
:209C6000DA0A4BFA0102DA0A4BF0010289A10308DA0A4BFA010289A10408820A3C168B1A7C
:209C80000000DA0803F00A0837007040530921003700705001AA00F614F08B0003F0370F19
:209CA00048606DFF26FFC21ABF5AEBFF00900B451088404FDA003C133B800000030F0A087D
:209CC00037007040530921003700705010F2092600086DFF0EFFC21F370F70F010F20920C5
:209CE0000008DF00EBFF009020080B4510883B0071F24BF6010234A03B803EF04BF6010210
:209D0000DA0A4BF0010289A10108DA644BF60102DA0A4BF0010289A10208DA0A4BF60102EE
:209D2000DA0A4BF0010289A10308DA0A4BF6010289A10408820A3C14DA0803FA0AF8370F6B
:209D40007040530921F0370F705001AA00F614FF8B0F03F0370F48606DFFCBFEC21ABF5A87
:209D6000EDFF009020080B451088DA644BF6010234A0DA0A4BF60102DA0A4BF0010289A18D
:209D80000108DA0A4BF6010289A10208820A3C14DA0803FA0AF8370F7040530921F0370FF8
:209DA000705001AA00F614FF8B0F03F0370F48606DFF9FFEC21ABF3AEDFF0090910000F8D1
:209DC000D9FF6011C8628F9420F0910000F8D9FF6011C86F54F0B7008404A60F742F910068
:209DE00000F8D9FF6011C88286C4910000F8D9FF6011C88F54FFB70F04F0A6F47424009096
:209E0000024F3B201E4082056D00B9A83B101E4082156D00B4A83B301E4082156D00AFA8B6
:209E20003B501E4082056D00AAA802F46DFFC8FF3B501E4082156D00A2A83B201E40821543
:209E40006D009DA80090024F3B201E4082056D0096A83B101E4082156D0091A83B301E40D5
:209E600082156D008CA83B501E4082056D0087A88F8F3F406DFFA4FF3B501E4082156D0005
:209E80007EA83B501E4082056D0079A8370F68406DFF96FF3B501E4082156D0070A83B204F
:209EA0001E4082156D006BA80090024F3B201E4082056D0064A83B101E4082056D005FA8EF
:209EC0003B301E4082156D005AA83B501E4082056D0055A802F46DFF73FF3B501E40821585
:209EE0006D004DA83B201E4082156D0048A8009020080B451088404F0B6710A8DA003C15CF
:209F0000B4AB3B800000030F0A0837007040530921003700705010F20926000802A76DFF5A
:209F2000A3FDC21F370F70F010F209200008DF00E9FF00900242DA00DF051400CE223252E6
:209F40003C0E4B6201028B01030034404B620122C21F370F68F0F6223C03B0143CF33C1817
:209F60003C164B621102BFA107808B710300370068003C038B01030034404B621102020244
:209F8000C21F370F68F0F6223C03B0143CEB02F23C01009082003C129AF4A20F104F09F1D7
:209FA00000089AF4A20F104F01400026092F000834FF014000F634F1C210DA024BF41122A5
:209FC0003F20ECFF00902028404C405D820849AE280A1D00450109D00008DA255F0F3A8117
:209FE000B01D09D00008DA255F0F2D01DA465F0F5100DA585F0FE400DA61BE0CDA63BE0CA9
:20A00000DA645F0F2400DA665F0F4400DA69BE0EDA6F5F0FBC00DA705F0FF900DA735F0F90
:20A02000E800DA755F0F9A00DA785F0FC9001D000F011D000E01B04E09EF3CF9370F48F056
:20A0400034CFB01CC2181D000401B04E09E93CF949A4000A82153BA0006002946DFF6CFFDA
:20A06000022FCE9810AF3BD0020034F0C21F370F68F049A4000A02F46DFF8EFF49A5000AFC
:20A0800040C402F46D005D9F10CC42F81D00E100B04E09E93CF94B09314149A4000A8215D0
:20A0A0003BA000606DFF48FF022F82004B09010037006100760810AF3BD0020034F0C21FC3
:20A0C000370F68F049A4000A02F46DFF65FF49A5000A40C402F46D00349F10CC42F84B0989
:20A0E00031F14B0F41F16B0F31F93B0040029B4097044B0F41003700E8FBEE0ADA302CA593
:20A100002CA42CA32CA22CA134AF82623C0A4B00314149A4000A82153BA000606DFF0CFFFB
:20A120003C0601A200F6DA3034FFC212BF62FBFF01A200F6DA2E34FFC212370268F049A4F2
:20A14000000A02F46DFF28FF49A5000A40C402F46D00F79E42F83C7CB04E09E43CF949A479
:20A16000000A82053BA000606DFFE6FE022F49A4000A02F46DFF10FF49A5000A40C402F438
:20A180006D00DF9E10CC42F83C63B04E09E43CF949A4000A82053B8000606DFFCDFE022FFF
:20A1A00049A4000A02F46DFFF7FE49A5000A40C402F46D00C69E10CC42F83C4AB04E09E407
:20A1C0003CF949A4000A82053B0001606DFFB4FE022F49A4000A02F46DFFDEFE49A5000AB4
:20A1E00040C402F46D00AD9E10CC42F83C31B04E09EFBCF93C0709FF000834CFB01CC21883
:20A20000B01F09FF0008EEF83C23B04E09E43CF949A4000A82053B0001606DFF8DFE49A4FC
:20A22000000A3B8000406DFFB7FE49A5000A3B80004040C46D00859E49CC080A8B880080B7
:20A240003C07DA2534CFB01CC2183C023C013C0609DF000834CFB01CC218B01D09DF000800
:20A26000DF0FBBFE02823C0100903B2014408205820682276D003BA68224BB00205C9B15A4
:20A2800000503B8001603BF001706D0057B400903C01822491000046D9446C436D0092B673
:20A2A000DF02F9FF0090F445DA006C410C4896012C480C4896022C480C48B70F01F12C4836
:20A2C0000C48B70F81F12C480C48B70F01F22C480C4896202C480940C808DA0837F006F364
:20A2E000AC440C49B70F01F22C49DA00894F0E09DA00894F1209DA00894F0A090C49B70F75
:20A3000081F22C490C49B70F01F32C49094F5808B70F01F0894F1808094F5808B70F81F07B
:20A32000894F1808094F5808B70F01F1894F1808094F5808B70F81F1894F18080090DA006B
:20A34000344FDA00AC41DA00AC42DA00AC43DA002C48DA00AC45A00FEC43DA006C44009011
:20A360008F841EF08F0F0801B70408FC3704E81BB71F812BDA7F7FF1048082020090DA96C5
:20A380007F1F048082023C068B6109F1325F0FF2002037024820760432523702482000906D
:20A3A0008F841EF08F0F0801B70408FC3704E81BB71F812BDA7F7FF1048082020090DA9685
:20A3C0007F1F048082023C068B6109F1325F0FF2002037025020760432523702502000901D
:20A3E000B70408FC3704E80BB71F811BDA7F3FF00580DA967F0F0480820200908B6009F176
:20A40000325F0FF10010370168200090B70408FC3704E80BB71F814BDA7F7FF00480D2029C
:20A420000090DA967FF0078082058B6009611DFFF7C382058BA016601DFFF3C3B70408FCBB
:20A440003704E80BB71F811BDA7F3FF00580DA967F0F0480820200908B6009F1325F0FF143
:20A4600000103701702000908B0420F28B0500F5EE0A7B0008008203B700892B8F7301F0F0
:20A48000A6F2009082029B02F02FBBF0FF3F9BF3FF3F0F2480000F358010BA008B0100F4DE
:20A4A000EE4C3B7001800B451068BB00FF1F9BF1FF1F8F0400012651BA008B0100F4EE2197
:20A4C00082019BF1FF1F8F0400012651BA008B0100F4EE098F751E107745804302153B0010
:20A4E00003803C0F8F351F107745804902153B4002803C078FF51F107745804F0215C21890
:20A500000F2480000F3580108B0020F28B0100F5EEF202490B6710A8D2148B881E606DFF5E
:20A5200080C30F2A80000F3B8010BA008B0100F4EE2B3B0008703C293B600930BB00000F3C
:20A540009BF00F0026408F0500118B0020F28B0100F5EE073BA00830774500568FC400408B
:20A5600082009B00080082013C05C2F37745805006140B0430F10B1500F20B15A0F2EEF6BF
:20A5800002401DFF7BFF82078BF29F008BF3BF1026A026B1BA008B0100F4EE038F074471DE
:20A5A0008BF80760820402951D00AD9E3BD03CF19B4FEDF34BF401F02E031D00479F7B004B
:20A5C000F803BBA027F89BAF01F44BF401F02E2C3BB0FDF09B9FFCF34B4051406D00369FDE
:20A5E0006B02312F00906B0031F46B0021044B0F51406D002B9F3BB0FDF09B9FF4F36B0F49
:20A600002122009091200048D94460641D0002008208404F8209820A820BC81CC82D483C54
:20A6200009FF1001DF1F238080CF160180D08F100001FE046E04C2FC04DF24CF76CF8F3CF2
:20A6400000018FEC1FF06E0902F140D2C2F16014442164C1FC4E90DD020CDF0CE07FC2FC75
:20A6600060C204DF24CFFC2E3CD9DE2580CF2E03C2FC24C9DF0CD37F8F3C00F106EC76C54F
:20A68000C2FC60C264CAFC2F6EC9C2FF60F224CBFC2F3CC48F0F1F00DF002E008F3F000184
:20A6A000DF102B8080CF8F3F00D180DF1603FEDB76DB02D440C440D56D00100701CD00C669
:20A6C00001DD00D6A2DC76CF8F3C00018FEC1FF06E0902F140D2C2F16014442164C1FC4E36
:20A6E00090DD020CDF0C9B7F02C440C440D56D00F5063C9400901603DF2F91FF80CF160314
:20A700006E0702F440C46D00D20610CCA2FCDF0C867F8F3C004106EC76C5C2FC60C264C8D6
:20A72000FC2FDF047C7F40C46D00C1061DFF77FF0090205089A4380989A62C0989A7340907
:20A74000DA01A00F820909AA1019780C89A9081989A9280902A089A90019B70089FBF806A8
:20A7600078113700E8FB78080258404C029D405D8BFF0FC27B00F8B376C658116E04029C5E
:20A7800009AD30095808BA0F7813F68A3B700600580B3E043B7004007E0382183C23580DB2
:20A7A0006F5F21803B100600580B3E043B100400FE095811EE0382083C1582788F3F0000E1
:20A7C00082013C06C2F88FC31F107723000E0B011028FBF0000026202631BA008B0100F4CB
:20A7E000EEF2DA00780F02A46D0035087625DA2D780F67AABFAFEE0E580D8F8F0101DA08BD
:20A800007E03DA2B3C068B000102580FAB0FA2F0780F09A00019AA1089A00019DF0D1600E8
:20A82000580B910000F8D9FF77C210FF081F2E37910000F8D9FF2442F8063C1B910000F8DB
:20A84000D9FF2842F8063C15DF0C1D00580B910000F8D9FF77C210FF081F2E36910000F83F
:20A86000D9FF2C423C05910000F8D9FF3042F8065810BB90FF0F9239580D260F780D1D00B8
:20A880008C013B100600580B3E053B1004005F0F27805808AB1F18FF780858109230F6836C
:20A8A000580D2E22C210428058083BC0F91FC2207FF106003B4006103F1F0400DA033C0A6E
:20A8C0003B60FF1F7FF106003BA000103F1F0400DA02780C580C12091D005F01580849AF48
:20A8E0000A0A6E7549A4140A02A46D00879B09AC1409022A370CE8FB82006E55BBF028ECF9
:20A9000049AE130A7B0012D49B5ECFE33C3F49A20A0A7D2E0C8049AF120A49AE130AA0722C
:20A9200009F03FF489E03FF4FC2CBBD0CC0C58059BC0DC0349A4140A4B0F41406D005E9BE1
:20A9400089A20609DF0914806B0E21F24BDB41B04BDF41406DFF06FD762A4BBC514049A45F
:20A96000140A82196D004A9B89A2060909AF06096B0E21FF4BDF41406DFFF4FC8B0203F0AB
:20A9800089EF3FF4580AC21F780A5805370FE8FBEEBF3C0304EF24FF49A2130A012E20F474
:20A9A000EEFA3C154B0A01F06F2F12007B0012043C064B0A41A0580AC2FF780A4B0A41F034
:20A9C00089AF06094BBF01F06F0FF5FF3B600610580B028082093E143B6004107E13580AAE
:20A9E00012803B500610580B3E143B5004107E12C210CE03DA003C038B7000F310A2492E6D
:20AA00000A0A3C117B0012F449A4060A4BFA41406D00F49A022A09A406096DFFA3FC8B0216
:20AA200003F024FF01FE20F4EE0649A2130A012F20F4EEE909EF000840EFC25F3C0A49AF48
:20AA40000A0A01EF30F4EE0740EF09EF3FF4C21F34EF3C08DA3134EF49EF010A580AC21F83
:20AA6000780A09E00008DA393F0FEB7F89F93FF049A20A0A012F20F4EE0609F00008DA30A5
:20AA80005F0FF67F3B500600580BBE013B5004003E0E3B6006005F0F3C003B6004005F0FED
:20AAA0003800580A3FF80400FFDF330058103B50062049AF0A0A9210580B09A10A083E2468
:20AAC0003B5004207E2C761349AF0B0A14FFEE04580DAE227682C21042803C17028276155F
:20AAE0008BF81F2049AF0B0A14FFEE03580D2E22C21082013C0814FFEE03580D2E23C210A9
:20AB0000B01FC2113F21F97F8B4000903C453B600600580B3E043B6004007E0F09A0280993
:20AB2000FA10AB10A09F581042F9F684580D6F2F34001A8992193C300280580A49AF0A0A13
:20AB40004EF4581092193C0D09A1280958101219021F14F17612B01FABF01F00C2FFEEFA09
:20AB600014FF6E02F604580D6F2F1700580AC219325F3C04C2FFC219C2F07607FF1FFC7FCC
:20AB80003C04C219B01FC2F0760314FFEEFB580D16042B09009F580F6E0D580D16036E0A7A
:20ABA00061FF07C109A43C0940C46D005304DA00780FD806BD0F1A803B100600580B3E0418
:20ABC0003B100400FE02580D16036E0F54DFC22F61FFDCC06D003E04580B40C48B7F0140AA
:20ABE0006D003804DA017812580D6F0F1680580EA29F3C0F61FFDDC0580D40C416028B0FC4
:20AC000020F2864F8B0F02406D002404580EC2FF780EFF1FF17F580F6E0861FFCAC009A42D
:20AC20003C0940C46D001604D806BCFA40F440C56D001F0454DFC23F74DF1D008A013B106D
:20AC40000600580B3E053B1004005F0F9F808F28200058138B7001018B1F03A1BF102200EE
:20AC60008201DA177FF00800821258110F021020262F6E02821182F2C2F00F0200F0C6F274
:20AC8000F6145811262F6E045811A62F78115811C21F7811EF7F0600DA0078113B2003A00B
:20ACA0005812EE0D54DFC22F61FF70C06D00D203580B40C48B7F01406D00CC0361FF79C0B2
:20ACC00002A440C46D00C603F683580D2E2561FF6AC06D00BF0358113B8001B054D08F1F03
:20ACE00000A0428074D03C183B000340DF0B1100C2CB02B032500F0A00F0160F8B0F034015
:20AD0000DA397F4F0600580B8B6F1CF042F440C46D00A003C2F8FF18E97F580B40C48BFF6F
:20AD200000406D0097035808CEF63BD00240325F78083C033BB0024040C46D008B03580C7B
:20AD400054D0C22F42F0580C820110AF34F13BA00010580CC2FF370F68F0780C10AF580890
:20AD60004B1F01228B0303F034FF09A220094B12012289A26009DF02EEFF74D040A440C5AF
:20AD80006D0077031D00E5003B50060049AF0A0ABE013B5004003E0E3B6006005F0F78000C
:20ADA0003B6004005F0F7400580A3FF80400FFDF6F0009A00A08580AAB1F20A076093B7057
:20ADC0000610580B3E143B7004107E12C2F861FFF0BF76063700684049AF0B0A3C033B00AE
:20ADE000034040C46D00360314FFEE0B580DAE29768C3B500600580B3E043B5004007E05D4
:20AE000061FFD1BF6D002603820B3C1A09F00008F60A580DAE283B500610580B3E143B50AC
:20AE200004107E1D61FFC5BF760537006840B01F3C033B00034040C46D000C03C21B3F8B72
:20AE4000E77F61FFB6BF580B40C48FDF0F416D000103C2FA54DFC21F0EA43BB002403C0432
:20AE6000325A3BD0024074DF40C46D00F30261FF92BF8B00034040C46D00EC0261FF8BBFB8
:20AE80008B01034040C46D00E5023C6209AA28094EA854DFC21F61FF79BF6D00DB023C19C8
:20AEA00054D0C21074D014F47643B01F3C033B00034040C46D00CE023B600600580B3E0682
:20AEC0003B6004003E03ABF81F88C2FAFF1AEA7F3B600600580B3E063B6004003E0314FFCF
:20AEE0006E02F684580D6F2F340061FF62BF580A3BE00240325F3C0854D03B000340C210A8
:20AF000074D0C2FFC2F840C46D00A402768BFF1FF57F3C0861FF4DBF04F440C46D009A0213
:20AF2000C2F8768314FFEEF73B600600580B3E0E3B6004003E0B580D2E2B3C0854DFC21F18
:20AF400061FF24BF6D008602C2F8DF08F9FF580EA29F3C0A54D03B00024040C4C21074D078
:20AF60006D007802C2FFFF1FF77F00902010404C405D89A68C09DA00780209D40008DF04CC
:20AF80005002DA257E4409D001047E08B01D49A5080A40C46D0054023CF1820A0BAA1088A0
:20AFA00009DF01003BD002007E048F1A40A13CF93BB002007E07BBF0FE0F26A08F8040A17A
:20AFC0003CF03B0002007E066F3AECFF8F0A41A13CE83B0003007E048F2A40A13CE23B306E
:20AFE00002007E048F4A40A13CDC3BA00200FE03D803B04FF80309F83CF9CE848F1A40A136
:20B00000325809DF01003C0D13A820FF8B0F1D8009DF01008B0F1D0037006800BFA0F6FFD0
:20B020003BE002005F0F23808F0A42A109DF01003BA00200FE05D803B04FF80309F93CF991
:20B04000CE968F1A40F1BBF0FDAF26FA09DF01003C0D13A920FF8B0F1D9009DF01008B0F64
:20B060001D0037006800BFA0F6FF3BC006007E048F0A48A13C1E3B8006007E048F0A44A1A0
:20B080003C183BC004007E048F0A50A13C123BA006007E04B71A81A43C0C3BA007007E04FE
:20B0A000B71A01A53C063B400700FE01B71A81A53BC006003E043B8006007E0709D00008F5
:20B0C0007E04B71A01A6B01D09DF01003B3006005F0F2F808F1A00F1EE0E3C093B000240DA
:20B0E00049A5080A40C46D00AB01C2F87F890400FF28F67FD80340C449A5080AB04FF803F8
:20B1000009F03CF9370048406D009A01DF0F377F3C093B00024049A5080A40C46D009001D2
:20B12000C2F87F892C7FFF28F67F1DFF28FF3B400600BE013B9006003E0E3BF006003E0BEC
:20B140003B8007003E083B8005003E053B5007005F0F598082023B4006003E043B900600F3
:20B160007E0282123B0008010F0A80105F0104006F9A05003B8000003C0282403B800010D6
:20B180005F100980D80349FF080AF80309F078F93C15D803B04FF80309F03CF90B000008B6
:20B1A0000B0110483B0004010F0A80105F010D807628370448000B0000080B0110483C136E
:20B1C000370468403C0F3B0004005F010B807626370450000B0000483C06370470403C0232
:20B1E000F62282056F5A0600BBD0FF0F260A3C0282190BFA106889A440090B8910481D0043
:20B20000CB003B300700FE066F5A0680BBF0FF9F9BF9FF97D8030BA8104840C5029649A6B9
:20B22000080AB04FF80309F4BCF96D00CC021DFFA6FE3B600600BE063B600400BE033B5005
:20B240000600BE003B5004003E0D3B7006003E0A3B7004003E073B1006003E043B10040081
:20B260007E0DD8038F0A0211AB698091B04FF80302F609F03CF974A03C2C3B200700FE0893
:20B280006F6A0800D803B04FF80309F03CFA3C06D803B04FF80309F03CF98F0A02F1EA69A5
:20B2A000DA004BF051F174AF3B6006603C123B200500FE09D8038F0A02F1EA6949FF080A4A
:20B2C000F80309F478F96DFF8DBC3B60066074A20B89104849A5080A02A740C46DFF2BFA0F
:20B2E0001DFF4DFE3B0007005F0F5D806F8A45006F0A0E80DA113C093B00024049A5080A68
:20B3000040C46D009D00C2F83F8FF8FFD803A03E49FF080A09FF3FF449A5080A370F684064
:20B3200040C46D002101FCE73BA0034049A5080A40C46D008500D803A03E49FF040A09FF6C
:20B340003FF449A5080A370F684040C46D000C01FCE7DA113C093B00024049A5080A40C4BA
:20B360006D006E00C2F83F8FF8FFD80349FF080AF8031DFF04FED8033B8000400245B04F09
:20B38000F8038F2A407109F03CF9820189A040093B80076049A5080A40C46D0000011DFF75
:20B3A000EEFD3BE006005F0F37803B0008010F0A80F03E036F9A0E00D803B04FF80309FF5A
:20B3C000BCF909A00809820189F040091DFFD7FD3B000401260ADA407EAAD803B04FF80342
:20B3E00009FFBCF95802B4FF1DFFC9FD5F0A0B80D803B04FF80309FFBCF9580234FF1DFF72
:20B40000BEFDD803B04FF80309FFBCF9580274FF1DFFB5FD910000F6DA1959FF704309A214
:20B4200008090090910000F6DA1759FF70433B0004406D000C007B00FC27009037046840DF
:20B44000545FC21F745F1D000500BA0492F20090D44FBCF440F41D0035ABCC414C4280F082
:20B460007FF0068034F4CC41B01FEC410090404F405C3C06370F684040C46DFFEBFF09FF59
:20B480000100EEF900903704E82BB704894B8BF20F228B04002400903704E82BB704894B89
:20B4A0008BF20F228B04202400903BF00F00804F1603063F0FF0100082FFC6F0C2F4604F69
:20B4C000804FB70F02F060F2B014542F260F742F77000004FCF60090804F16033BF00F0055
:20B4E0008F3F00100F10100082F1C610C2F4604F8041B7010220095101008F3F0030B014D9
:20B500000F3110106022C21F542216032602A612742277000004FDF0ED7F0090404F0B4520
:20B5200010A849FD160A026840FCDA0034DF820702860BAB10486DFF99BB23820A0A0B2394
:20B5400010A88BA060F2CA708B0003F089DF3FF48B0220F28B0300F5EEEB04DF24FFEEFE76
:20B5600040C200900248404F8FC83F40405CDA090B4F2001DA37AB0F83F042F46DFF60FF51
:20B580008FF8000140F4DA0940C50B0F2011DA37AB0F834142041DFF53FF026E2020DA5897
:20B5A000404F0B4510A8405C027909AC600982085FEF7300DA643EEDDA693EEBDA6F5FEF08
:20B5C0006C00DA75BEE4DA785FEF67001D00ED00D2000B0C50F10B1D00F20BD190F2EE0766
:20B5E0003BD002800BC0C0C00BD1D0D00BCD104840A43BA000606DFF93FFF6B6BA0C8B0DA0
:20B6000000F4DF0FDF8040A46D009296370268C0DF081180DA753EE88F890101DA087E04A4
:20B620003BB002803C078F8901F18B0F01F2AB08A28F768CABFA1FAA8F3900F16E0740F40D
:20B64000028440C56DFFFCFE82086F0914808F2900F18B0F20F2864F8B0F02F03C0740F436
:20B6600002F440C56DFFECFEC2FA7FAB04003FACF87F768E40F4028440C56DFFE1FE3C08DB
:20B68000C2FB61FF72BB6DFFDBFEABFA1FAA3FBCF97F1D008A008BFE268240A48F3820F0A7
:20B6A0008B8F00600BCD10486DFF3AFFDA78FEE314AF40A26E10092000088BF01BF0370FE8
:20B6C0006810DA193F1F05808B0002F0342F092F0104EEF240A46D002B96370268F07806FE
:20B6E0008B0C20F28B0D00F5EE0AF6B6DF086A806F296800821BBBB0FFFF26F96F291B00C7
:20B700006F191300768E61FF30BB6DFF99FEABFA1FAA40F402E440C56DFF92FEABFA1FAA45
:20B72000BBB0FFFF26F9DA6F7EE558063FBF0300921B6F29090076875806C22BC22F370FA9
:20B7400068F078066F0915808F2900F18B0F20F2864F8B0F02C03C0740F402C440C56DFFD2
:20B760006FFEC2FA7FAB050058063FAFF77F6F291900DF08170061FFF8BA6DFF61FEABFA7E
:20B780001FAA40F402E440C56DFF5AFEABFA1FAA3C08C2FB61FFE9BA6DFF52FEABFA1FAA61
:20B7A00058063FBFF87FBBF0F74F40A4BBF0FF6F40F5269440C602A59BF6FF671D00030015
:20B7C00000900248404F025F405C0269406D6D00AF95022A6F0819803C083B00024040C439
:20B7E00040D56DFF2DFEC2FF3FFAF97F3FF9F77F3C0BC2F909F40100DF04110040C440D570
:20B800006DFF1EFE8AFFDF09F6FF3C083B00024040C4C2FF40D56DFF13FEEEF9009091001A
:20B8200000F6D9FF1400D4F291200056D955408A01240046015420F4EE0891200056D95562
:20B84000C08A014530F4EE0482FF60F20090F4F400908F141E2000900B40C0210090DA0060
:20B860004BF401F02E231DFFA3F66744BF4F6DFF9FF66722BF2F00904DC0E2FF3C010D0099
:20B88000400300003C013C016DFF4BE402246DFFF4E26DFF5AE402246DFF33E3910000F60F
:20B8A000D9FF54536DFF6EDD68224DC0E1FF8F7F00413C01910000F6D9FF54536DFFA5DC5C
:20B8C0006812910000F6D9FF54536DFFB0DD74F2910000FFBCF16DFF92DD913000FF39FF79
:20B8E0003506160F4B0F41F14BF251F03C013C01910000F6D9FF54536CF38204BB00205C42
:20B900009B150050820682476D0018A90090B704812F8F151EF08FFF01F0A6F200909100C3
:20B9200000F6D9FF30A0544FB4FF0090CE44325437045040370470203C0100903B200640E7
:20B9400082056D002BA23B00054082056D0026A200900D0000020D00000391000046D94447
:20B9600068966DFF39BF0D00400200800D0000020D00000391000046D94468966DFF86BED5
:20B980000D00400200800D0000020D00000391000046D9446CB66DFF1FBF0D00400200808A
:20B9A0000D0000020D00000391000046D9446CB66DFF6CBE0D00400200800D0000020D00D1
:20B9C000000391000046D94470D66DFF05BF0D00400200800D0000020D0000039100004635
:20B9E000D94470D66DFF52BE0D00400200800D0000020D00000391000046D94474F66DFFB0
:20BA0000EBBE0D00400200800D0000020D00000391000046D94474F66DFF7FBE0D00400239
:20BA200000800D0000020D00000391000046D94474F66DFF2BBE0D0040020080CE4432544D
:20BA4000370450408BC41EF0533F20F04B0F41F14B5F51203C01009082443B1001503B30DB
:20BA600001606D00FA9A82243B8000503BA000606D00F39A00900D0000020D00000391003E
:20BA80000046D94470D66DFF48BE6DFF03F40D0040020080404F82043BA0005082266D0004
:20BAA000C8ABB4F282043BC0005082266D00C1ABA81200900D0000020D00000382146DFFB0
:20BAC00064BF8278DA010F8F00F0892F28290D00400200800D0000020D00000382146DFFE7
:20BAE00054BFDA0982180FF80080892828290D0040020080CE428204533420F04B0F41F1A5
:20BB0000910000F6D9FF48F309F034394B0F51203C01009082446D00699A022F82446D00F3
:20BB2000459A3B3001406D00D2997624325F370F50F002F23C01009082246D00579A022FFB
:20BB400082246D00339A3BA000406D00C099F624325F370F50F002F23C010090BBD0CCFCDF
:20BB60009BCFF4F3910000F6D9FF18C054F0BBD0CC1C9BC1E4134B1041006BF461203C017A
:20BB8000009082043BA000506D0076AB82043BC000506D0071AB82143B0001506D006CABD6
:20BBA00082143B4001506D0067AB00900D0000020D00000382046DFF6DE0762482046DFF2A
:20BBC00041DF82446DFF66E0762482446DFF3ADF0D00400200800D0000020D000003821464
:20BBE0006DFF58E0762482146DFF2CDF82546DFF51E0762482546DFF25DF0D0040020080D8
:20BC000020080D000002DA0034AF0D000003820449A4000A6D00D6A914A482156D001E03DA
:20BC200091000046D94468966DFF77BD0D00400200803BC042408205820682176D00579921
:20BC40003BD042408205820682176D0050993B4042408205820682176D0049993B50424058
:20BC60008205820682176D00429900903B002C408205820682176D003A993B102C40820577
:20BC8000820682176D0033993B302C408205820682176D002C993B202C408205820682172A
:20BCA0006D00259900900D0000020D00000391000046D9446CB66DFF30BD910000F6D9FFDC
:20BCC000505314FF5E346D00F8013C09910000F6D9FF505314FF5E236DFF85EB0D004002B0
:20BCE00000806D00EC063C1C3BA0424082056D0046996D00390082046DFF09ED3C10910072
:20BD000000F6D9FF2C3014FF6E0A6D0006013BC042406D00DC98F6236D0072093CF13CE54D
:20BD200000900D0000020D000003910000F6D9FF505314FF5E346D004D013C12910000F61D
:20BD4000D9FF505314FF5E246DFF8BEB3C09910000F6D9FF505314FF5E136DFFF6EA0D00CD
:20BD600040020080910000F6D9FF48F391000026D922A0E04922000A49FF000AC504001095
:20BD8000442F64FFFC4E910000F6D9FF48F37B2028F489FF3839910000F6D9FF48F37BC064
:20BDA00020F489FF343900900D0000020D000003910000F6D9FF28C054F46D00A219910083
:20BDC00000F6D9FF28C054F46DFFECF202246D00E4026D00FA0B82046DFFD7BDDA0982182D
:20BDE0000FF80080892828290D0040020080910000F6D9FF7873DA0074FF910000F6D9FFF5
:20BE00007873DA006CF1910000F6D9FF7873DA006CF2910000F6D9FF7873DA006CF391006A
:20BE200000F6D9FF7873DA006CF4910000F6D9FF7873DA006CF50090910000F6D9FF709398
:20BE4000DA0074FF910000F6D9FF7093DA006CF1910000F6D9FF7093DA006CF2910000F6DB
:20BE6000D9FF7093DA006CF3910000F6D9FF7093DA006CF4910000F6D9FF7093DA006CF575
:20BE80000090910000F6D9FF6083DA0074FF910000F6D9FF6083DA006CF1910000F6D9FFAB
:20BEA0006083DA006CF2910000F6D9FF6083DA006CF3910000F6D9FF6083DA006CF49100DF
:20BEC00000F6D9FF6083DA006CF50090910000F6D9FF4893DA0074FF910000F6D9FF489325
:20BEE000DA006CF1910000F6D9FF4893DA006CF2910000F6D9FF4893DA006CF3910000F69F
:20BF0000D9FF4893DA006CF4910000F6D9FF4893DA006CF500906D00F0016D0017076D00D9
:20BF2000091B6D00940A6D00F32D6D0072136D00404A6D003E3291000046D944BCA36D00BF
:20BF4000DB416D00892291000046D944BCA36D00FA256D000F0F6D00DD0C6D008C3B910028
:20BF60000046D944BCA36D00B41F6D00E50300900D0000020D00000382346DFF8BDEDF024F
:20BF80001F0082346DFF5EDD910000F6D9FF505314FF5E346D00D2003C12910000F6D9FF92
:20BFA000505314FF5E246DFF74EA3C09910000F6D9FF505314FF5E136DFFDFE982746DFF1E
:20BFC00069DE762482746DFF3DDD0D0040020080911000FF8250530022F010F2530022F0F7
:20BFE00010FF39FF1F029604E92F1F02910000F6D9FF6C5391000026D9226C53142FC21F53
:20C0000034FF910000F6D9FF6C5314FF910000F6D9FF685314F03F0F1180910000F6D9FF60
:20C020006C53DA0034FF910000F6D9FF2C30DA0134FF82546D003395009020080248404CD2
:20C0400082093C36DAA534AFDAF12CA1534920F010CF94FF370F70F08F8F3F0089A0020895
:20C060002CA349A4000A824502846D008BA73C01910000F6D9FF645314FF6EFB910000F6B8
:20C08000D9FF6453DA0034FF534920F010C2910000F6D9FF6863081F8F8F2000910000F670
:20C0A000D9FF6863082FA6F089208208C219DA083FF9CA7F00903C31910000F6D9FF2830EB
:20C0C00091000026D9222830142FC21F34FF910000F6D9FF283014FF5E1E910000F6D9FF5A
:20C0E000686314F0DAA53E07910000F6D9FF2830DA0034FF910000F6D9FF283014FF5E3D84
:20C10000910000F6D9FF2830DA0034FF910000F6D9FF6453DA0134FF8214910000F6D9FF42
:20C12000283014FF910000F6D9FF686310F46D0049A7DF02C3FF009082346DFF83DC9100C4
:20C1400000F6D9FF6C53DA0034FF910000F6D9FF2C3014FFEE34910000F6D9FF685314FF28
:20C16000DF1F2B80910000F6D9FF4C5354FFB70F1CF07B00000DFE034DC0E1FF16073C0123
:20C18000910000F6D9FF4C5354F0B7000C0AB770030E7B000011E21FA2F03C06910000F670
:20C1A000D9FF4C5354F0911000FFDA05530F22F010FF59F00C0282546D0063940090200879
:20C1C0000248404C910000F6D9FF6453DA0034FF82093C20DAA534AF534920F010CF94FFFF
:20C1E0002CA1534920F010CF881F370F70F08F8F3F0089A002082CA349A4000A82450284F7
:20C200006D00C0A682043B90D05306756D0027A4C219BF99E1FF3C01910000F6D9FF6453BE
:20C2200014FF6EFB910000F6D9FF6453DA0034FF3C01910000F6D9FF6863081F3BF00F0097
:20C240005F0FF9FF910000F6D9FF6863082F3BF00F005F0FF0FF0090910000F6D9FF6073BE
:20C2600009FF5308538F20F0910000F6D9FF607310FF91000026D9226073092FD40810FF80
:20C2800034F4910000F6D9FF607391000026D9226073092FD408C21FACFA910000F6D9FFC5
:20C2A000607309FFD40882707FF02600765A910000F6D9FF607309F453086D003A013C08FA
:20C2C000910000F6D9FF6073DA0189FF1208910000F6D9FF6073DA00ACFA910000F6D9FF9E
:20C2E000607391000026D9226073092F5308BA0F89FF13080090910000F6D9FF70539100A4
:20C300000046D94408143B000A403BC003506D00C30534F2910000F6D9FF081482023C2F06
:20C3200001F20026142091000026D922705314217F011480DAA04BF2110253002AF091002A
:20C340000026D922E4701022DAA04BF2110201210026DAFF342F3C12DAA04BF2110253007D
:20C360002AF091000026D922E4701022DAA04BF2110201210026DA00342FC2123B0058F2C3
:20C380003FF2D0FF910000F6D9FF2C30DA0034FF6D00F7020090024F910000F6D9FF34A05B
:20C3A00094F0520037005000910000F6D9FF20D054F14B0F4121910000F6D9FF24D054F336
:20C3C0004B0041014B0341006B2161406DFFEAEF0228910000F6D9FF34A0B4FF910000F638
:20C3E000D9FF0CB0B4F802846DFFA2FADA643FF21680910000F6D9FF0CB094FF0EF8910025
:20C4000000F6D9FF0CB0DA64B4FF3C08910000F6D9FF0CB03BC0F9FFB4FF3B302AF0A28FE6
:20C42000370F50503B4023F07F5F03003C033B4023503B2031F07FF503003C033B2031506C
:20C440003BF003406D00AA9C0090910000F6D9FF5053DA0334FF910000F6D9FF4C5391008A
:20C460000026D9220814F4F24DC0E2FF370FE1F78B0F20F23C010D00400300003C013C01DA
:20C4800082143B00585282663B0001706D0056A30D000003821491000046D94438D06DFF19
:20C4A000CEFD910000F6D9FF6453820034F0821491000046D94418E06DFF83FE821491005F
:20C4C0000046D94438D06DFFBAFD4DC0E20F3C010D00400300003C013C0182083C08820574
:20C4E0008206821702846D000295C218BF88F9FF82046DFF6AC74924240A910000F6D9FF5B
:20C500006853825491000026D9224C53D425827582163B0058726D00D09234F23B900040AC
:20C5200082156D009B916E030D000003009082038201910000F6D9FF607309FF52086E08A8
:20C54000910000F6D9FF6073820089F0120882053C44538420F0910000F6D9FF607310FF65
:20C5600001F500F614F0DAA55F0F3780538420F0910000F6D9FF607310FF9A45C23F10FF10
:20C5800009F07FF8DA5A5F0F28808B1500003C0F538420F0910000F6D9FF607310FF01F0DD
:20C5A00000F614F2422137017010C2109A457F0FF17F538420F0910000F6D9FF607310FF8D
:20C5C0009A45C23F10FF09F07EF88FF10FF17E04C2138B032032C215DA083F5F0400DF0309
:20C5E000BA7FDF032000910000F6D9FF447380F082013C10600F538420F091000026D922A3
:20C600006073102201250026142F34FFC215C210C211BF41F17F91000046D94444736DFF50
:20C6200080F90090910000F6D9FF3450DA0034FF910000F6D9FF309094FF92513C729AF133
:20C64000530F2AF0910000F6D9FFE47010FF084FEE2A53012AF0910000F6D9FFE47010FFFD
:20C66000084FEE219A11530F2AF0910000F6D9FFE47010FF084F6E179A21530F2AF09100C7
:20C6800000F6D9FFE47010FF084F6E0D910000F6D9FF345091000026D92234501420C21078
:20C6A00034F03C3E9AF1530F2AF0910000F6D9FFE47010FF084F6E2A53012AF0910000F62F
:20C6C000D9FFE47010FF084F6E219A11530F2AF0910000F6D9FFE47010FF084FEE179A2139
:20C6E000530F2AF0910000F6D9FFE47010FF084FEE0D910000F6D9FF345091000026D92215
:20C700003450142FC21F34FF3C0B910000F6D9FF345091000026D9223450142F34FFC21195
:20C72000DA3A3FF18E7F910000F6D9FF345014F23C010090910000F6D9FF144014FFEE6DD1
:20C74000910000F6D9FF184014FFEE67910000F6D9FFE47039FF4E52EE60910000F6D9FF82
:20C76000E47039FF5852EE59910000F6D9FFE47039FF6252EE52910000F6D9FFE47039FF72
:20C780006C52EE4B910000F6D9FFE47039FF7652EE44910000F6D9FFE47039FF6B42EE3DFA
:20C7A000910000F6D9FFE47039FF6A42EE36910000F6D9FFE47039FF6A32EE2F910000F693
:20C7C000D9FFE47039FF7432EE28910000F6D9FFE47039FF7E32EE21910000F6D9FFE470DC
:20C7E00039FF4842EE1A910000F6D9FFE47039FF5242EE13910000F6D9FFE47039FF5C4266
:20C80000EE0C910000F6D9FF246091000026D9222460142FC21F34FF910000F6D9FF30908F
:20C8200094F0DA373FF01900910000F6D9FF184014FFEE12910000F6D9FF144014FFEE0C91
:20C84000910000F6D9FF246091000026D9222460142FC21F34FF009082508203DA016E46F2
:20C86000910000F6D9FF6C6391000026D92234C0542F74FF8BC003113C32532120F091000C
:20C8800000F6D9FF600010FF94FF910000F6D9FF6C6394F27FF220008203910000F6D9FF9F
:20C8A00038C0532120F091000026D92260001022942FB4FF910000F6D9FF38C0A8119100A1
:20C8C00000F6D9FF6C6391000026D92238C0542F74FF3C05C213BF4303803C080212C2F175
:20C8E00037015010DA0C3F2FCA7FDA016E48910000F6D9FF706391000026D9223CC0542F0F
:20C9000074FF8BC003013C34532020F0910000F6D9FF582010FF94FF910000F6D9FF7063B7
:20C9200094F17F1F20008203910000F6D9FF00D0532020F091000026D92258201022942F5E
:20C94000B4FF910000F6D9FF00D0A810910000F6D9FF706391000026D92200D0542F74FF93
:20C960003C07C21337036830BF4303803C080201C2F037005000DA0C3F1FC87F0090821219
:20C980001D00990082131D00920053022AF0910000F6D9FFE47010FF01F300F614FFEE3D44
:20C9A0009AF2530F2AF0910000F6D9FFE47010FF01F300F614F09A12530F2AF0910000F610
:20C9C000D9FFE47010FF01F300F614F1421053022AF0910000F6D9FFE47010FF01F300F6C0
:20C9E000081F42F053022AF0910000F6D9FFE47010FF01F300F609F17FF84210BF300E0003
:20CA000053022AF0910000F6D9FFE47010FF01F300F6DA0134FF3C4953022AF0910000F672
:20CA2000D9FFE47010FF01F300F614F0DAFF5F0F3D809AF2530F2AF0910000F6D9FFE4700E
:20CA400010FF01F300F614F09A12530F2AF0910000F6D9FFE47010FF01F300F614FF42F0C0
:20CA600053022AF0910000F6D9FFE47010FF01F300F6081F42F053022AF0910000F6D9FF74
:20CA8000E47010FF01F300F609FF7FF842F0FF200D0053022AF0910000F6D9FFE47010FF3B
:20CAA00001F300F6DA0034FFC213DA9F3FF36F7FC212DA3B3FF2687F00904DC0E2FF3C0155
:20CAC0000D00400300003C013C016DFFD7F63BF003403B2003503B302A606D00C2986DFF0F
:20CAE000ADF96DFF86F96DFF4EF86DFF56E53B2006403B00715282066D00B3983BC005402D
:20CB00003B00715282066D00AC983B0005403B00715282066D00A5983B6005403B00715250
:20CB200082066D009E983B20064082056D0036993BC0054082056D0031993B000540820561
:20CB40006D002C993B60054082056D0027996DFF85F782043B005852820682476D00EE9F71
:20CB60006DFF85EB6DFF67F86DFF82F86DFFFCF86DFFAEF96DFF87F96DFFECE591000046B5
:20CB8000D94444C36D000F173BA042408215820682376D00AC913C036D00BB4F3BD04240BC
:20CBA0006D009591F627910000F6D9FF3C3014FF6EF491000046D94444C36D00A6106DFFFB
:20CBC00046FC820482053B8038616D00678C820482153B00E2646D00618C91000046D94466
:20CBE00020306DFF8ABA91000046D9442030BBF0FF4F6DFF83BB0D0000030090404C820898
:20CC00003C2482093C1E53092AF0910000F6D9FFE47010FF01F800F614FF6E0A8B880240C8
:20CC20008B590050BBF0FF6F6DFF8BE53C098B8802408B590050BB00FE6F6DFF82E5C21927
:20CC4000DA3C3FF9E2FFC218DAA03FF8DCFF82083C37532820F0910000F6D9FF600010FFE9
:20CC600094F08B800200370070408B58005082066DFF67E5532820F0910000F6D9FF50404F
:20CC800010FF94F08B800200370070408B5800503B007E606DFF55E5532820F0910000F609
:20CCA000D9FF582010FF94FF8B8F02F0370F70408B580050BB00806F6DFF43E5C218DA3C1F
:20CCC0003FF8C9FF82083C2C8B880240910000F6D9FF249094FFC25F370F70503BF00160B5
:20CCE0006DFF2FE58B880240910000F6D9FF289094FFC25F370F70503BF001606DFF21E590
:20CD00008B880240910000F6D9FF309094FFC25F370F7050BBF0816F6DFF13E5C218DAA092
:20CD20003FF8D4FFDA003C0CC9C016E042F0370070409255BB00806F6DFF03E5C21F3B40EE
:20CD400001003F0FF3FF00902018910000F8D9FF948249FF000A49A2000AC504140004FF2C
:20CD6000242FFC4E910000F6D9FF2060DA0034FF910000F6D9FF2870DA0034FF82013C4C1B
:20CD80003BA003203C46DA147FF12680538120F053022A00910000F6D9FFE47001F000F612
:20CDA00010FF14FFEE13538120009AF2530F2AF0910000F6D9FFE47010FF01F000F614FF98
:20CDC000EE0501A100F634F23C2601A100F6820034F03C1E53022AF0910000F6D9FFE47086
:20CDE00010FF09FF5F28EE109AF2530F2AF0910000F6D9FFE47010FF09FF5F28EE0501A1A9
:20CE000000F634F23C0801A100F6DA0034FFC2F2FF12BBFFC211DA147F1FB4FFDA003C2343
:20CE200010AF14F0FFB0118010AF14F0760D910000F6D9FF206091000026D9222060142064
:20CE4000C21034F03C0F10AF14F0F60C910000F6D9FF287091000026D92228701420C21085
:20CE600034F0C21F3B4001007FF0DCFF14A0DA013C0810AF14F17F01048010AF14F0C21FA8
:20CE80003B4001107FF1F7FF910000F6D9FF3090B4F00090D9AAC00F82003C07534020F093
:20CEA00010AFDA0074FFC2103B0010F03FF0F8FF82003C1A82013C1303400AF1104F14FFD9
:20CEC000534F20F010AF03400AF11042142F534F20F010A2542FC21F74FFC2213F41EE7F03
:20CEE000C220370070003F50E7FF820282038204820582063C02C2163B0010007F060700A9
:20CF0000534620F010AF54FF6EF73BF00F703C058BF71F00370050707F760700534620F0C9
:20CF200010AF54FF6EF65F670580370668203C669A167E74370668203C61370670003C09D3
:20CF4000534020F010AF54F14212C210370070007F07F87F8208370670003C0A534020F040
:20CF600010AF54F1E2014218C210370070007F07F77F7B00F89B370670603C3C534620F0BF
:20CF800010AF54F042030B3280A04B0361014B0261114B1051104B0A41F14B0261014B0F31
:20CFA00051B0534620F010AF54FFE26F42F45A484B0461014B0361C14BC051C04B0F41F1C3
:20CFC0004B0A41014B0F51F04BB141006B0F311C4B1041006B0F31FC4BF041004B9001F090
:20CFE000370F61F16E04020937066850C216370670603F76C57F02523C0100909100004651
:20D00000D944BCA36DFFFCFD82043BA0005091000048D944AB126DFF4CE6DA5A3BA000809E
:20D02000910000F6D9FF28C054F46DFFBBE90BF8104802266DFFE5E582043BC00050910036
:20D040000048D94488226DFF34E63BA005403BC00050910000F6D9FF309094FF370F706008
:20D060006DFF44E682043BF0005091000048D944B2126DFF1EE63BA005403BF000509100C3
:20D0800000F6D9FF289094FF370F68606DFF6CE682043BE0005091000048D944B9126DFF8D
:20D0A00008E63BA005403BE00050910000F6D9FF249094FF370F68606DFF56E682043B00DA
:20D0C000015091000048D944BC026DFFF2E53BA005403B000150910000F6D9FF20A094FFAA
:20D0E000370F70606DFF02E682043B10015091000048D944BF026DFFDCE53BA005403B1055
:20D100000150910000F6D9FF24A094FF370F70606DFFECE582043B20015091000048D9448D
:20D120009D126DFFC6E53BA005403B200150910000F6D9FF0C9009F6C0086DFFD7E58204ED
:20D140003B30015091000048D94496126DFFB1E53BA005403B300150910000F6D9FF248094
:20D1600009F6C0086DFFC2E50090910000F6D9FF48934B0541F16CF6910000F6D9FF4893ED
:20D1800074F4910000F6D9FF48934B0541F16B0431FF6CF191000026D9224893910000F65B
:20D1A000D9FF4893481F910000F6D9FF489348506B00310F7B002014910000F6D9FF4893EF
:20D1C000481F7B0008244B2F41F06B1061FF6C22910000C6D9CC4893910000F6D9FF48931C
:20D1E000483F910000F6D9FF489348246DFFDAE84B0241016B0021FF6CC3910000F6D9FF2C
:20D20000489391000026D92248934C256CF4910000F6D9FF489391000026D92248934C21A1
:20D220006CF5910000F6D9FF4893483F3B0000049BC061044B0F01F0AE27910000F6D9FF4E
:20D24000489348303C053B0000049BC06104910000F6D9FF489368303B0000F49BCF61FC73
:20D260004BF001F0AE023C053B0000049BC0610C910000F6D9FF48936830DA004BF001F0B2
:20D2800016068B0F20F26E0C3B2006404B0071516D0084953BC0054082056D007F9591003F
:20D2A00000F6D9FF4893483F82004B0F01F0370F61F06E133BC00540910000F6D9FF4893DF
:20D2C000483F67FFBFFF4B0F71516D0067953B20064082056D0062950090910000F6D9FFA3
:20D2E00060834B0541F16CF6910000F6D9FF608374F4910000F6D9FF60834B0541F16B048A
:20D3000031FF6CF191000026D9226083910000F6D9FF6083481F910000F6D9FF6083485068
:20D320006B00310F7B002014910000F6D9FF6083481F7B0009244B2F41F06B1061FF6C222E
:20D34000910000C6D9CC6083910000F6D9FF6083483F910000F6D9FF608348246DFF22E801
:20D360004B0241016B0021FF6CC3910000F6D9FF608391000026D92260834C256CF491002B
:20D3800000F6D9FF608391000026D92260834C216CF5910000F6D9FF6083483F3B00000471
:20D3A0009BC061044B0F01F0AE27910000F6D9FF608348303C053B0000049BC06104910002
:20D3C00000F6D9FF608368303B0000F49BCF61FC4BF001F0AE023C053B0000049BC0610CEA
:20D3E000910000F6D9FF60836830DA004BF001F016068B0F20F26E0C3B0005404B0071517E
:20D400006D00CC943B60054082056D00C794910000F6D9FF6083483F82004B0F01F0370F34
:20D4200061F06E133B600540910000F6D9FF6083483F67FFBFFF4B0F71516D00AF943B0046
:20D44000054082056D00AA94009082013C42532120F0910000F6D9FF600010FFDA00B4FFE5
:20D46000532120F0910000F6D9FF582010FFDA9FB4FF532120F0910000F6D9FF504010FF94
:20D48000DA4FB4FF532120F0910000F6D9FF8C3310FFDA5289FF9C18534120F0910000F66C
:20D4A000D9FF408010FF532120F091000026D922582010229420532120F091000026D922FB
:20D4C00060001022942FA2F04B0041F174FFC211DA3C3FF1BEFF910000F6D9FF20A0DA00A6
:20D4E000B4FF910000F6D9FF24A0DA00B4FF82003C68534021F08B9F01103C24910000F6DD
:20D50000D9FFE47001F100F639FF60326E11910000F6D9FFE47001F100F639FF6132EE0852
:20D52000910000F6D9FF582089F1B6183C0EDA9E7E18910000F6D9FF5820DA9F89FFB618CE
:20D54000C211DA9F3FF1DCFF910000F6D9FF582009FFB6183C22910000F6D9FFE47010FFA7
:20D5600039F16032DF011100910000F6D9FFE47010FF39F15F32F618910000F6D9FF6000B4
:20D5800089FFB6183C0C5E18910000F6D9FF6000820189F1B618C2FFFF1FDF7F910000F629
:20D5A000D9FF582009F1B618910000F6D9FF600009FFB618A2F1DA197F1F03003C04C21085
:20D5C000BF7099FF00906DFF9ADF6DFFBFDF910000F6D9FF58A391000026D9225043942FA3
:20D5E0004B0F41F17B0058044B0F51F074FF910000F6D9FF58A391000026D9225843942F50
:20D600004B0F41F17B0058044B0F51F06CF2DA016E1F910000F6D9FF58A391000026D9223A
:20D620006443942F4B0F41F13B3033039B3018044B0F51F03BC01E059B80EB036B0021FF1F
:20D640003B10D7039BA0FA036B0031FF6CFB910000C6D9CC58A3910000F6D9FF58A3482FA3
:20D66000910000F6D9FF58A354F04B0F51406DFFF8F03B3033F39B5F26F44BF241F06CC688
:20D68000910000F6D9FF58A3486F82004B0F01F06F2F1180910000F6D9FF58A37B402B0C31
:20D6A00091000026D92258A34C266B0F31F06CF63C0F910000F6D9FF58A37B402B0491002E
:20D6C0000026D92258A34C266B0F31F06CF6910000F6D9FF248009FFC008DF4F230091000A
:20D6E00000F6D9FF248009FFC0089E3B910000F6D9FF0C9009FFC0089E44910000F6D9FF03
:20D700000C9009FFC0081E3D910000F6D9FF144014FF1E27910000F6D9FF184014FFDE2867
:20D7200091000026D92258A3910000F6D9FF58A348BF910000F6D9FF14B054F0910000F6ED
:20D74000D9FF58A348716B0F61F16C273C07910000F6D9FF58A3DA006CF70090910000F6ED
:20D76000D9FF78734B0541F16CF6910000F6D9FF787374F4910000F6D9FF78734B0541F184
:20D780006B0431FF6CF191000026D9227873910000F6D9FF7873481F910000F6D9FF7873F5
:20D7A00048506B00310F7B002014910000F6D9FF7873481F7B000A244B2F41F06B1061FF97
:20D7C0006C22910000C6D9CC7873910000F6D9FF7873483F910000F6D9FF787348246DFFE1
:20D7E000E1E54B0241016B0021FF6CC3910000F6D9FF787391000026D92278734C256CF462
:20D80000910000F6D9FF787391000026D92278734C216CF5910000F6D9FF7873483F3B0047
:20D8200000049BC061044B0F01F0AE27910000F6D9FF787348303C053B0000049BC0610402
:20D84000910000F6D9FF787368303B0000F49BCF61FC4BF001F0AE023C053B0000049BC039
:20D86000610C910000F6D9FF78736830DA004BF001F016068B0F20F26E1C3B2006404B0015
:20D8800071516D008B923BC0054082056D0086923B000540910000F6D9FF7873483F4B0F45
:20D8A00071516D007B923B60054082056D007692910000F6D9FF7873483F82004B0F01F0B2
:20D8C000370F61F06E253BC00540910000F6D9FF7873483F67FFBFFF4B0F71516D005E9270
:20D8E0003B20064082056D0059923B600540910000F6D9FF7873483F67FFBFFF4B0F7151B7
:20D900006D004C923B00054082056D004792009020F0910000F6D9FF504009F0B41891008A
:20D9200000F6D9FF309094FF8BFF00F0532F20F0910000F6D9FF504010FF94FFA2F04B004C
:20D9400041F1910000F6D9FF309094F08BA003018BF00000C2F04B0041014B0F51803BA003
:20D9600003903C30534920F010AF91000026D92250400920B4184B0041018BA903114B01E5
:20D9800041116B1871F07B00F0036B0021FF74FF532920F0910000F6D9FF504010FF94FFC8
:20D9A0004B0F4101534920F010AF54FF6B0F31407B0000546D005B836B0221AAC2F93709D5
:20D9C0006890910000F6D9FF309094FF8BFF00F03F9FCA7F910000F6D9FF7463910000260F
:20D9E000D9223090942F8B9F03F18B1F1FF04B0F41F14BFA51F074FF910000F6D9FF746317
:20DA000054FF7B0017044B0F01F016038B0F20F26E1C910000F6D9FF309094F0DA0A3F0FAE
:20DA20001500910000F6D9FF1470DA0134FF910000F6D9FF7C53DA0034FF910000F6D9FF46
:20DA40001860DA0034FF3C3F910000F6D9FF7C5314FF1E68910000F6D9FF7C5314FFDF7F60
:20DA60002780910000F6D9FF7C5314FF6E0D910000F6D9FF7C5314FF5E67910000F6D9FFDE
:20DA80007C53DA0634FF910000F6D9FF7C5314FF6E0D910000F6D9FF7C5314FF5E77910041
:20DAA00000F6D9FF7C53DA0734FF3C0D910000F6D9FF1470DA0034FF910000F6D9FF7C534E
:20DAC000DA0B34FF00900258BF14AB00910000F6D9FF646353A422F04B0F41F17B00F80395
:20DAE0004B0F41F07BA02B044B0F51406DFF5AE4B4F2910000F6D9FF646394F0DA2A7F0FDA
:20DB00000800910000F6D9FF6463DA2AB4FF910000F6D9FF646394FFCEF7910000F6D9FF43
:20DB20006463DA00B4FF910000F6D9FF786391000026D9226463942F4B0F41F1BB305C0F39
:20DB40009B8004044B0F41F07B4033044B0F51406D00F6833B6066F69B6F15F44BF241F0DC
:20DB60007B0022044B0F51F074FF910000F6D9FF7C634B0841F13B90C2059BF0D8034B0FE1
:20DB800041F091000026D9222CD0542091000026D922786354213B3033239B32F3236B1011
:20DBA00061024B0F41F04B0F31F174FF910000F6D9FF40734B0841F13B90C2059BF0D803F9
:20DBC0004B0F41F03B3033039B30F30391000026D92228D0542191000026D9227863542236
:20DBE0006B2171004B0F41F04B0F31F174FF910000F6D9FF30D091000026D9227C63542F3B
:20DC0000325F74FF910000F6D9FF34D091000026D9224073542F325F74FF1D00AA00910059
:20DC200000F6D9FF6463325453A422F04B0F41F17B00F8034B0F41F07BE02C044B0F5140BD
:20DC40006DFFB0E3B4F2910000F6D9FF646394F0DA2A7F0F0800910000F6D9FF6463DA2AB1
:20DC6000B4FF910000F6D9FF646394FFCEF7910000F6D9FF6463DA00B4FF910000F6D9FF61
:20DC8000786391000026D9226463942F4B0F41F1BB305C0F9B8004044B0F41F07B403304EB
:20DCA0004B0F51406D004C833B6066F69B6F15F44BF241F07B0022044B0F51F074FF910085
:20DCC00000F6D9FF7C634B0841F13B90C2059BF0D8034B0F41F03B3033039B30F30391009C
:20DCE0000026D92228D0542191000026D922786354226B2171004B0F41F04B0F31F174FF1C
:20DD0000910000F6D9FF40734B0841F13B90C2059BF0D8034B0F41F091000026D9222CD03B
:20DD2000542091000026D922786354213B3033239B32F3236B1061024B0F41F04B0F31F1E4
:20DD400074FF910000F6D9FF30D091000026D9227C63542F325F74FF910000F6D9FF34D076
:20DD600091000026D9224073542F325F74FF009082188209820A910000F6D9FF309094F0D3
:20DD8000DF006181910000F6D9FF248009F0C008DF005981910000F6D9FF0C9009F0C00889
:20DDA000DF005181910000F6D9FF144014F0DF004A81910000F6D9FF184014F0DF004381F3
:20DDC000DF089F003BA003B01D009800DF0A5580532B20F0910000F6D9FF600010FF94F0DC
:20DDE0009AFB532F20F0910000F6D9FF600010FF94FF3FF04100532B20F0910000F6D9FF3E
:20DE0000582010FF94F09AFB532F20F0910000F6D9FF582010FF94FFA2F0FF502D00821AAD
:20DE2000532B20F0910000F6D9FF600010FF94F9532B20F0910000F6D9FF504010FC532BF2
:20DE400020F0910000F6D9FF582010FF94FF4B0F4101534B20F0910000F6D9FF903010FFC1
:20DE600054FF6B0F31F07BE029046B00214F6DFF99E2B4C23C41532B20F0910000F6D9FF8A
:20DE8000600010FF94FF3FF93800532B20F0910000F6D9FF582010FF94F09AFB532F20F0F1
:20DEA000910000F6D9FF582010FF94FFA2F0FF502400532B20F0910000F6D9FF504010FC5B
:20DEC000532B20F0910000F6D9FF582010FF94FF4B0F4101534B20F0910000F6D9FF9030D2
:20DEE00010FF54FF6B0F31F07BE029046B00214F6DFF58E2B4C2C2FBDA0A3FBF697F820994
:20DF0000820ADF08A0003BA003801D009900DF0956809AF8532F20F0910000F6D9FF582021
:20DF200010FF94F0532820F0910000F6D9FF582010FF94F13F1042009AF8532F20F0910012
:20DF400000F6D9FF600010FF94F0532820F0910000F6D9FF600010FF94FFA2F0DA087FF031
:20DF60002D008219532820F0910000F6D9FF582010FF94FA532820F0910000F6D9FF504060
:20DF800010FC532820F0910000F6D9FF600010FF94FF4B0F4101534820F0910000F6D9FFE3
:20DFA00060F010FF54FF6B0F31F07B8029046B00214F6DFFF7E1B4C23C41532820F09100BE
:20DFC00000F6D9FF582010FF94FF3FAF38009AF8532F20F0910000F6D9FF600010FF94F0BD
:20DFE000532820F0910000F6D9FF600010FF94FFA2F0FF702400532820F0910000F6D9FF26
:20E00000504010FC532820F0910000F6D9FF600010FF94FF4B0F4101534820F0910000F6AA
:20E02000D9FF60F010FF54FF6B0F31F07B8029046B00214F6DFFB6E1B4C2C2F8DA0A3F8FD3
:20E04000687F00900259910000F6D9FF48F389F48048C2B4370450406DFF4EED022891006C
:20E0600000F6D9FF48F309F5383902946DFFE8EC022A4B0831F1370F48B04B0B41014B8010
:20E080000100370061F16E057B00F8036B0031889A1B370F48C04B0A31F1370F48D04B0DB9
:20E0A00041014BA00100370061F16E04C2FD370D48D09A1D370F48E0BF4B0300823BBF4C22
:20E0C0000300823CBF4D0300823DBF4E0300823E910000F6D9FF606302846DFFB1E1B4F295
:20E0E000910000F6D9FF5C6302A46DFFA9E1B4F2534B20F0910000F6D9FF48F310FF01FE6A
:20E1000000F609F07808534B20F0910000F6D9FF48F310FF01FD00F609FF7808A2F04B00E0
:20E1200041014B0D41F16B0F311A534B20F0910000F6D9FF48F310FF01FD00F609FF78087B
:20E140004B0F61F16B10612F534C20F0910000F6D9FF48F310FF01FE00F609F04818534CC3
:20E1600020F0910000F6D9FF48F310FF01FD00F609FF4818A2F04B0041014B0D41F16B0F67
:20E18000311A534C20F0910000F6D9FF48F310FF01FD00F609FF48184B0F61F16B10613FB9
:20E1A000534C20F0910000F6D9FF48F310FF01FD00F609F05818534B20F0910000F6D9FF9D
:20E1C00048F310FF01FD00F609FF5818A2F04B0041014B0B41F16B0F3118534B20F09100E0
:20E1E00000F6D9FF48F310FF01FD00F609FF58184B0F61F16B10614F534C20F0910000F68E
:20E20000D9FF48F310FF01FE00F609F06818534B20F0910000F6D9FF48F310FF01FE00F622
:20E2200009FF6818A2F04B0041014B0B41F16B0F3118534B20F0910000F6D9FF48F310FF95
:20E2400001FE00F609FF68184B0F61F16B1061FF6B0321026B0421006B0F21F07B00080487
:20E260004B0F51204B0231F1370F48304B0341014B200100370061F16E049AF3370F483064
:20E280009A13370F4800FF092800910000F6D9FF20D0534020F091000026D92248F3102202
:20E2A0005420534320F091000026D92248F3102254216B0131004B0341116B01311253432E
:20E2C00020F091000026D92248F31022542F6B1061FF74FF3C2691000026D92220D05340A7
:20E2E00020F0910000F6D9FF48F310FF4870534320F0910000F6D9FF48F310FF487F6B0F1D
:20E3000031004B0341F16B0F3112534320F0910000F6D9FF48F310FF487F6B1061FF742FFB
:20E320000090910000F6D9FF247014FFDF0F7001910000F6D9FF248009FFC008DF0F68813E
:20E34000910000F6D9FF0C9009FFC008DF0F60813C0C910000F6D9FF389091000026D92202
:20E360003890942FC2FFB4FF910000F6D9FF389094FF532F20F0910000F6D9FF600010FF84
:20E3800094FFEE0D910000F6D9FF389094FF910000F6D9FF309094F03FF0DD7F910000F680
:20E3A000D9FF389094FF532F20F0910000F6D9FF600010FF94F0910000F6D9FF10A094FFA4
:20E3C000532F20F0910000F6D9FF600010FF94FFA2F037007000910000F6D9FF10A094FF6F
:20E3E000910000F6D9FF389094F1A21F370F70F04BF0012237027020910000F6D9FF10A0D4
:20E4000094F1DA377FF10300F6028212910000F6D9FF389094FF370F68303C42532320F0CB
:20E42000910000F6D9FF600010FF9AF3532F20F091000026D922600010229420A220B4F091
:20E44000532320F0910000F6D9FF600010FF94F0910000F6D9FF10A094F1532120F091003B
:20E4600000F6D9FF600010FF94F13F011700532320F0910000F6D9FF600010FF9100002678
:20E48000D92210A09420532020F091000026D922600010229420B4F09A13370F68309100E2
:20E4A00000F6D9FF10A094FF3FF3BA7F3C0C910000F6D9FF00A091000026D92200A0942F84
:20E4C000C2FFB4FF910000F6D9FF00A094FF532F20F0910000F6D9FF600010FF94F0DA9DDB
:20E4E0003FF00E00910000F6D9FF00A094FF910000F6D9FF309094F03FF0DB7F910000F69A
:20E50000D9FF0CA094FF532F20F0910000F6D9FF582010FF94F0910000F6D9FF00A094FF56
:20E52000532F20F0910000F6D9FF582010FF94FFA2F037007000910000F6D9FF0CA094FFF9
:20E54000910000F6D9FF00A094F1A21F370F70F04BF0012237027020910000F6D9FF0CA09E
:20E5600094F1DA377FF10300F6028212910000F6D9FF00A094F0370068303C42532320F0B0
:20E58000910000F6D9FF582010FF9AF3532F20F091000026D9225820102294204220B4F060
:20E5A000532320F0910000F6D9FF582010FF94F0910000F6D9FF0CA094F1532120F09100C6
:20E5C00000F6D9FF582010FF94F13F101700532320F0910000F6D9FF582010FF91000026D8
:20E5E000D9220CA09420532020F091000026D922582010229420B4F09A13370F683091006D
:20E6000000F6D9FF0CA094FF3FF3BA7F00908202910000F6D9FF0C40820034F0910000F696
:20E62000D9FF084014F0DF00AD80910000F6D9FF347009F0C008FF20A580910000F6D9FF43
:20E64000307009F0C008DF009D80910000F6D9FF309094F0DA093F0F9500910000F6D9FF95
:20E660003C7009F0C008DF008D80910000F6D9FF387009F0C008DF008580910000F6D9FF36
:20E6800008B009F0C008DF007D80910000F6D9FF248009F0C008DF007580910000F6D9FF2E
:20E6A0000C9009F0C008DF006D80910000F6D9FF247014FFEE663BF000003C4C3BA0001039
:20E6C0003C35DF021A8053002AF0910000F6D9FFE47010FF01F100F614FF6E0D53002AF03C
:20E6E000910000F6D9FFE47010FF01F100F6081FEE02C2123C1A53002AF0910000F6D9FF63
:20E70000E47010FF01F100F614FF6E0F53002AF0910000F6D9FFE47010FF01F100F6081FE0
:20E72000EE04C21237026820C211DA963FF1CBFFBF420F808202910000F6D9FF0C409100C5
:20E740000026D9220C40142FC21F34FF3C028202C210DA2D3FF0B4FF910000F6D9FF0C40CD
:20E7600014FFBF4F0980910000F6D9FF3070DA01B4FF3C07910000F6D9FF0C40DA0034FF67
:20E78000910000F6D9FF307009FFC008DF1F7780910000F6D9FF347009FFC008EE6F3BF05A
:20E7A00000003C4C3B4001103C35DF021A8053002AF0910000F6D9FFE47010FF01F100F642
:20E7C00014FF6E0D53002AF0910000F6D9FFE47010FF01F100F6081FEE02C2123C1A530000
:20E7E0002AF0910000F6D9FFE47010FF01F100F614FF6E0F53002AF0910000F6D9FFE470A5
:20E8000010FF01F100F6081FEE04C21237026820C211DA8C3FF1CBFFBF420F80820291007B
:20E8200000F6D9FF0C4091000026D9220C40142FC21F34FF3C028202C210DA283FF0B4FFF1
:20E84000910000F6D9FF0C4014FFEE183BA0424082056D009483910000F6D9FF3070DA00B3
:20E86000B4FF910000F6D9FF347091000026D9223470092FC008C21FB4FF910000F6D9FF99
:20E88000307009FFC008DF1F2D80910000F6D9FF347009FFC008DF1F2580910000F6D9FF88
:20E8A0003C7009FFC008EE1D910000F6D9FF387009FFC008EE16910000F6D9FF104014FF34
:20E8C0006E10DA006E08910000F6D9FF3870DA01B4FF3C07910000F6D9FF3C70DA01B4FFF9
:20E8E000910000F6D9FF387009FFC008DE19910000F6D9FF008009F0C008DA193FF01180F7
:20E90000910000F6D9FF309094F0DA193FF00800910000F6D9FF3870DA02B4FF3C1F9100A8
:20E9200000F6D9FF3C7009FFC008DE18910000F6D9FF008009F0C008DA193FF010809100B4
:20E9400000F6D9FF309094F0DA193FF00800910000F6D9FF3C70DA02B4FF00900D00000242
:20E960000D00000382046DFF10A88270DA010F0F00F0892F2829910000F6D9FF00B06DFF7E
:20E98000DDE8B4F2910000F6D9FF38A06DFFC4E8B4F2910000F6D9FF3CA0910000C6D9CCE0
:20E9A00038A094CF910000C6D9CC00B094C8428F82284B8F0182B4F8910000F6D9FF24808D
:20E9C00009FFC0081E68910000F6D9FF0C9009FFC008DE61910000F6D9FF1C90910000C675
:20E9E000D9CC1C9094CF910000C6D9CC3CA094C8428FB4FF910000F6D9FF383014FF6E2142
:20EA0000910000F6D9FF243014FFEE1B910000F6D9FF2C70910000C6D9CC2C7094CFC21F50
:20EA2000B4FF910000F6D9FF2C7094FF3B8025807FF80800910000F6D9FF2430DA0134FFF5
:20EA4000910000F6D9FF243014FF5E136D002B14910000F6D9FF10B0910000C6D9CC38A0E0
:20EA600094CF4B0F41F174FF910000F6D9FF10B0910000C6D9CC10B054CFBB10AC8C9B5840
:20EA8000CA834B8F41F074FF910000F6D9FF387009FFC008EE08910000F6D9FF3C7009FFCB
:20EAA000C0086E25910000F6D9FF248009FFC008EE1E910000F6D9FF0C9009FFC008EE174C
:20EAC000910000F6D9FF04B0DA00B4FF910000F6D9FF04D0DA0074FF910000F6D9FF3CA0DB
:20EAE00094FF4B0F414182056DFF3AF6910000F6D9FF246014FFBF3F1480910000F6D9FF9D
:20EB0000387009FFC008EE0C910000F6D9FF3C7009FFC008EE053C036DFF12E73CFE910046
:20EB200000F6D9FF1C4014FFDE1A910000F6D9FF0880910000C6D9CC088094CFC21FB4FF3E
:20EB4000910000F6D9FF088094F8DAC87F8F0800910000F6D9FF1C40DA0034FF910000F63B
:20EB6000D9FF347009FFC008DF1F2480910000F6D9FF104014FFEE1D910000F6D9FF0480F7
:20EB8000910000C6D9CC048009CFC008C21FB4FF910000F6D9FF048009FFC0083B0019803A
:20EBA0007FF80880910000F6D9FF1040DA0134FF910000F6D9FF248009FFC0085E2C9100AB
:20EBC00000F6D9FF2850910000C6D9CC285014CFC21F34FF910000F6D9FF285014FF3B203F
:20EBE0001C807FF80E00910000F6D9FF2480DA00B4FF910000F6D9FF2850DA0034FF9100EF
:20EC000000F6D9FF0C9009FFC0085E2C910000F6D9FF1850910000C6D9CC185014CFC21F41
:20EC200034FF910000F6D9FF185014FF3B201C807FF80E00910000F6D9FF0C90DA00B4FFC3
:20EC4000910000F6D9FF1850DA0034FF910000F6D9FF106014FF5E3C910000F6D9FF349041
:20EC6000910000C6D9CC349094CFC21FB4FF910000F6D9FF248009FFC0085E4C910000F6D9
:20EC8000D9FF2050910000C6D9CC205014CFC21F34FF910000F6D9FF248009FFC0085E6C2C
:20ECA000910000F6D9FF2450910000C6D9CC245014CFC21F34FF910000F6D9FF0C9009FF17
:20ECC000C0085E6C910000F6D9FF0060910000C6D9CC006014CFC21F34FF910000F6D9FF31
:20ECE0000C9009FFC0085E4D910000F6D9FF1090910000C6D9CC109009CFC008C21FB4FF2E
:20ED00000D0040020080404F3BB000406D00787C8204BB0068599B8509506D00A08E910062
:20ED20000026D9224CB3542F74FF91000026D9220CD0542F6CF191000026D92210D0542F3A
:20ED40006CF291000026D92214D0542F6CF391000026D92218D0542F6CF491000026D922AE
:20ED60001CD0542F6CF591000026D92230B0542F6CF691000026D92234B0542F6CF791003F
:20ED80000026D9221CB0542F6CF891000026D92220B0542F6CF991000026D92238B0542F18
:20EDA0006CFA91000026D9223CB0542F6CFB91000026D9224CB34C216CFC91000026D9222D
:20EDC0004CB34C226CFD91000026D9224CB34C236CFE91000026D9224CB34C246CFF9100B6
:20EDE0000026D9224CB34C2589FF001991000026D9224CB34C2689FF041991000026D92267
:20EE00004CB3542F89FF081991000026D9224CB34C2189FF0C1991000026D9224CB34C22DD
:20EE200089FF101991000026D9224CB34C2389FF141991000026D9224CB34C2489FF181972
:20EE400091000026D9224CB34C2589FF1C1991000026D9224CB34C2689FF20199100002638
:20EE6000D92230C0542F89FF241991000026D92224B0542F89FF281991000026D92228B003
:20EE8000542F89FF2C1991000026D9222CB0542F89FF30193BB000403BC0005091000046F3
:20EEA000D9444CB36D00F97B3BB00040821591000046D9440CD06D00F07B3BB00040822519
:20EEC00091000046D94410D06D00E77B3BB00040823591000046D94414D06D00DE7B3BB024
:20EEE0000040824591000046D94418D06D00D57B3BB00040825591000046D9441CD06D0023
:20EF0000CC7B3BB00040826591000046D94430B06D00C37B3BB00040827591000046D94403
:20EF200034B06D00BA7B3BB000403B80005091000046D9441CB06D00B07B3BB000403B90C7
:20EF4000005091000046D94420B06D00A67B3BB000403BA0005091000046D94438B06D0070
:20EF60009C7B3BB000403BB0005091000046D9443CB06D00927B3BB000403BD000509100A3
:20EF80000046D9444CB3B0446D00877B3BB000403BE00050910000F6D9FF4CB349F4080A69
:20EFA0006D007B7B3BB000403BF00050910000F6D9FF4CB349F40C0A6D006F7B3BB0004015
:20EFC0003B000150910000F6D9FF4CB349F4100A6D00637B3BB000403B100150910000F657
:20EFE000D9FF4CB349F4140A6D00577B3BB000403B200150910000F6D9FF4CB349F4180A0C
:20F000006D004B7B3BB000403B300150910000F6D9FF4CB349F41C0A6D003F7B3BB00040C3
:20F020003B400150910000F6D9FF4CB349F4200A6D00337B3BB000403B500150910000F696
:20F04000D9FF4CB349F4240A6D00277B3BB000403B600150910000F6D9FF4CB349F4280A7B
:20F060006D001B7B3BB000403B700150910000F6D9FF4CB349F42C0A6D000F7B3BB0004073
:20F080003B800150910000F6D9FF4CB349F4300A6D00037B3BB000403B900150910000F6D6
:20F0A000D9FF4CB349F4340A6D00F77A3BB000403BA0015091000046D94430C06D00ED7A11
:20F0C0003BB000403BB0015091000046D94424B06D00E37A3BB000403BC0015091000046E9
:20F0E000D94428B06D00D97A3BB000403BD0015091000046D9442CB06D00CF7A0090024874
:20F10000910000F6D9FF7C5314FF6E08910000F6D9FF309094FFFF4F2800910000F6D9FFB1
:20F12000248009FFC008EE20910000F6D9FF0C9009FFC008EE19910000F6D9FF20D03B30C1
:20F1400033F39B3FF7F374FF910000F6D9FF24D07B002AF474FF02846DFF24D902246DFF72
:20F160001CE91D00E601910000F6D9FF248009FFC008DF0FA600910000F6D9FF248009FF14
:20F18000C008DF4F2E80910000F6D9FF20D0BBF051F89BBFFAF374FF910000F6D9FF24D07B
:20F1A0007B002AF474FF910000F6D9FF3C5014FF6E10910000F6D9FF20D0BBF051F89BBF2A
:20F1C000FAF3BBD0CC0C9BC0DC036B0021FF74FF02846DFFE7D802246DFFDFE83C6F910061
:20F1E00000F6D9FF248009FFC008DE38910000F6D9FF20D0BB703DFA9B0FF9F374FF91006C
:20F2000000F6D9FF24D07B001AF474FF02846DFFC9D802246DFFC1E83C51910000F6D9FF76
:20F22000248009FFC008DE56910000F6D9FF20D07B00F8F374FF910000F6D9FF24D07B80B0
:20F240002CF474FF02846DFFADD802246DFFA5E83C35910000F6D9FF248009FFC008DE68FB
:20F26000910000F6D9FF20D0BBA099F99B9FF9F374FF910000F6D9FF24D07B0027F474FF5D
:20F2800002846DFF8FD802246DFF87E83C17910000F6D9FF20D0BBA099F99B9FF9F374FFEC
:20F2A000910000F6D9FF24D07B0022F474FF02846DFF78D802246DFF70E81D003A019100E2
:20F2C00000F6D9FF0C9009FFC008DF0FA800910000F6D9FF0C9009FFC008DF4F2E80910026
:20F2E00000F6D9FF20D0BB703DFA9B0FFBF374FF910000F6D9FF1C5014FF6E10910000F600
:20F30000D9FF20D0BB703DFA9B0FFBF33BB047019BE0E2036B0021FF74FF910000F6D9FF3B
:20F3200024D07B002AF474FF02846DFF3BD802246DFF33E83C71910000F6D9FF0C9009FF6B
:20F34000C008DE38910000F6D9FF20D03B10D7F39BAFFAF374FF910000F6D9FF24D07B00F3
:20F360001AF474FF02846DFF1DD802246DFF15E83C53910000F6D9FF0C9009FFC008DE5806
:20F38000910000F6D9FF20D03B6066F69B6FFAF374FF910000F6D9FF24D07B802CF474FFDC
:20F3A00002846DFFFFD702246DFFF7E73C35910000F6D9FF0C9009FFC008DE68910000F60C
:20F3C000D9FF20D0BBD0CCFC9BCFF8F374FF910000F6D9FF24D07B802CF474FF02846DFF77
:20F3E000E1D702246DFFD9E73C17910000F6D9FF20D0BBA099F99B9FF9F374FF910000F654
:20F40000D9FF24D07B002AF474FF02846DFFCAD702246DFFC2E71D008C007B001AF44BF8D1
:20F4200001F0370F61F16E34910000F6D9FF24D07B0027F474FF910000F6D9FF247014FF3F
:20F44000EE14910000F6D9FF7C5314FF1E67910000F6D9FF7C5314FF5E78910000F6D9FF6E
:20F4600024D07B002AF474FF910000F6D9FF309094FF02846DFF96D70BF210486DFFE4F5E1
:20F4800002846DFF8FD702246DFF87E73C517B001AFC4BF801F0370F61F06E34910000F602
:20F4A000D9FF24D07B0027F474FF910000F6D9FF247014FFEE14910000F6D9FF7C5314FF2E
:20F4C0001E67910000F6D9FF7C5314FF5E78910000F6D9FF24D07B002AF474FF910000F6AA
:20F4E000D9FF309094FF02846DFF5CD70BF210486DFFAAF502846DFF55D702246DFF4DE778
:20F500003C17910000F6D9FF20D03B3033F39B3FF7F374FF910000F6D9FF24D07B002AF495
:20F5200074FF02846DFF3ED702246DFF36E70090910000F8D9FF204254F8910000F8D9FFA2
:20F54000204254F9910000F8D9FF204254FA910000F6D9FFBCA3DA00F9FF16E0910000F6DE
:20F56000D9FFBCA3DA00F9FF18E0910000F6D9FFBCA3DA00F9FF1AE0910000F6D9FFBCA342
:20F58000DA00F9FF1CE0910000F6D9FFBCA3DA00F9FF1EE0910000F6D9FFBCA3DA00F9FF7F
:20F5A00020E0910000F6D9FFBCA3DA00F9FF22E0910000F6D9FFBCA3DA00F9FF24E0910094
:20F5C00000F6D9FFBCA3DA0059FF0EE0910000F6D9FFBCA3DA0059FF12E0910000F6D9FF9D
:20F5E000BCA3D9F426E082043B000F506D00DB743BE009103C5B3BA003203C15532120F05F
:20F60000910000F6D9FFBCA310FF532120F091000026D922BCA31022B92026E0C210F9F0BC
:20F6200026E0C2F2DA1E7F2F1D0053022AF0910000F6D9FFE47010FF01F100F614F0DAFF57
:20F640005F0FDE7F9A12530F2AF0910000F6D9FFE47010FF01F100F614F0DAFF5F0FD07F73
:20F660003C17532120F0910000F6D9FFBCA310FF532120F091000026D922BCA31022B92F37
:20F6800026E0C21FF9FF26E0C2F237025020762E53022AF0910000F6D9FFE47010FF01F161
:20F6A00000F614F0DAFF5F0FDE7FC2F1370150109A11EEA23BE009203C60C2F2532220F00D
:20F6C000910000F6D9FFBCA310FFB9F026E0370A50183F101100532220F0910000F6D9FFC1
:20F6E000BCA310FFB9F026E037005000370A10A8372A10A0DA507FF22800532220F0910083
:20F7000000F6D9FFBCA310FFB9F026E0910000F6D9FFBCA3C9F11CE03F101700910000F69D
:20F72000D9FFBCA3532220F091000026D922BCA31022B92026E0F9F01CE0910000F6D9FFA7
:20F74000BCA3F9F21AE0DA507FF21800910000F6D9FFBCA391000026D922BCA319200EE0BC
:20F76000532220F091000026D922BCA31022B92F26E042F059F00EE0DF02A1FFDA0092126B
:20F780003C629AF2532F20F0910000F6D9FFBCA310FFB9F026E0370950183F1012009AF29C
:20F7A000532F20F0910000F6D9FFBCA310FFB9F026E0370050003709109837291090DA50A2
:20F7C0007F2F2800532220F0910000F6D9FFBCA310FFB9F026E0910000F6D9FFBCA3C9F1DA
:20F7E00020E03F101700910000F6D9FFBCA3532220F091000026D922BCA31022B92F26E02F
:20F80000F9FF20E0910000F6D9FFBCA3F9F21EE0DA507F2F1800910000F6D9FFBCA391000A
:20F820000026D922BCA3192012E0532220F091000026D922BCA31022B92F26E042F059F0EC
:20F8400012E0C212DA9E3FF29E7F370950F06E24370A50F06E21370950F0370A5000420F98
:20F860004B0F41F17B00F0034B0F41406DFF9AD537281080370850F0532F20F0910000F651
:20F88000D9FFBCA310FFB9FF26E08BCF03F1370F50F037F81088370A5040370950F0A2F4E2
:20F8A0006DFFDCDFDA787F2F5E00910000F6D9FFBCA319FF0EE0910000F6D9FFBCA319F038
:20F8C00012E07F0F2280370850F037095000420F4B0F41F17B00F0034B0F41406DFF62D52E
:20F8E00037281080370850F0532F20F0910000F6D9FFBCA310FFB9FF26E08BCF03F1370FE9
:20F9000050F037F81088910000F6D9FFBCA319FF0EE0910000F6D9FFBCA319F012E07FF0F4
:20F920002280370850F0370A5000420F4B0F41F17B00F0034B0F41406DFF34D5372810808B
:20F94000370850F0532F20F0910000F6D9FFBCA310FFB9FF26E08BCF03F1370F50F037F808
:20F960001088910000F6D9FFBCA359F816E0910000F6D9FFBCA3DA50F9FF22E0910000F681
:20F98000D9FFBCA391000026D922BCA3DA50532F20F01022B92F26E08BCF03F1F9FF24E0F9
:20F9A0000090404F3BB0004082056D002277DF0236013BB000403BC0005091000046D944EE
:20F9C0004CB36D006A763BB00040821591000046D9440CD06D0061763BB0004082259100A2
:20F9E0000046D94410D06D0058763BB00040823591000046D94414D06D004F763BB0004072
:20FA0000824591000046D94418D06D0046763BB00040825591000046D9441CD06D003D7618
:20FA20003BB00040826591000046D94430B06D0034763BB00040827591000046D94434B0CF
:20FA40006D002B763BB000403B80005091000046D9441CB06D0021763BB000403B90005058
:20FA600091000046D94420B06D0017763BB000403BA0005091000046D94438B06D000D76A6
:20FA80003BB000403BB0005091000046D9443CB06D0003763BB000403BD0005091000046DD
:20FAA000D9444CB3B0446D00F8753BB000403BE0005091000026D9224CB34924080A6D0029
:20FAC000EC753BB000403BF0005091000026D9224CB349240C0A6D00E0753BB000403B00C3
:20FAE000015091000026D9224CB34924100A6D00D4753BB000403B10015091000026D9224E
:20FB00004CB34924140A6D00C8753BB000403B20015091000026D9224CB34924180A6D002D
:20FB2000BC753BB000403B30015091000026D9224CB349241C0A6D00B0753BB000403B4031
:20FB4000015091000026D9224CB34924200A6D00A4753BB000403B50015091000026D922CD
:20FB60004CB34924240A6D0098753BB000403B60015091000026D9224CB34924280A6D009D
:20FB80008C753BB000403B70015091000026D9224CB349242C0A6D0080753BB000403B80A1
:20FBA000015091000026D9224CB34924300A6D0074753BB000403B90015091000026D9224D
:20FBC0004CB34924340A6D0068753BB000403BA0015091000046D94430C06D005E753BB0CB
:20FBE00000403BB0015091000046D94424B06D0054753BB000403BC0015091000046D94420
:20FC000028B06D004A753BB000403BD0015091000046D9442CB06D0040759110F02A192F64
:20FC2000201674FF9110F02A192F08066CF19110F02A192F10066CF29110F02A192F180615
:20FC40006CF39110F02A192F20066CF49110F02A192F28066CF59110F02A192F30066CF68F
:20FC60009110F02A192F38066CF79110F02A192F00166CF89110F02A192F08166CF991103C
:20FC8000F02A192F10166CFA9110F02A192F18166CFB9110F02A192F28166CFC9110F02A7A
:20FCA000192F30166CFD9110F02A192F38166CFE9110F02A192F00266CFF9110F02A192FFB
:20FCC000082689FF00199110F02A192F102689FF04199110F02A192F182689FF08199110EC
:20FCE000F02A192F202689FF0C199110F02A192F282689FF10199110F02A192F302689FFCC
:20FD000014199110F02A192F382689FF18199110F02A192F003689FF1C199110F02A192FA3
:20FD2000083689FF20199110F02A192F103689FF24199110F02A192F183689FF28199110FB
:20FD4000F02A192F203689FF2C199110F02A192F283689FF301991000026D9224CB354FFE8
:20FD6000742F91000026D9220CD0481F742F91000026D92210D0482F742F91000026D922EA
:20FD800014D0483F742F91000026D92218D0484F742F91000026D9221CD0485F742F910008
:20FDA0000026D92230B0486F742F91000026D92234B0487F742F91000026D9221CB0488F93
:20FDC000742F91000026D92220B0489F742F91000026D92238B048AF742F91000026D9228E
:20FDE0003CB048BF742F91000026D9224CB348CF6C2191000026D9224CB348DF6C22910021
:20FE00000026D9224CB348EF6C2391000026D9224CB348FF6C2491000026D9224CB309FFBB
:20FE200000196C2591000026D9224CB309FF04196C2691000026D9224CB309FF08196C2743
:20FE400091000026D9224CB309FF0C196C2891000026D9224CB309FF10196C299100002602
:20FE6000D9224CB309FF14196C2A91000026D9224CB309FF18196C2B91000026D9224CB38B
:20FE800009FF1C196C2C91000026D9224CB309FF20196C2D91000026D92230C009FF24191B
:20FEA000742F91000026D92224B009FF2819742F91000026D92228B009FF2C19742F910022
:20FEC0000026D9222CB009FF3019742F0090404C910000F6D9FF3C60DA0034FF910000F686
:20FEE000D9FF3860DA0034FF910000F6D9FF0070DA0034FF910000F6D9FF0C70DA0034FFC1
:20FF0000910000F6D9FF309094FFC21F370F68803C19532820F0910000F6D9FF486010FF2A
:20FF200094F46DFF05DDBFF20D80910000F6D9FF0C7091000026D9220C70142FC21F34FF4D
:20FF4000C218DA3B7F8FE7FF910000F6D9FF0C7014FFFFAF0F80910000F6D9FF0470DA01E5
:20FF600034FF910000F6D9FF0870DA0034FF3C10DA05E9CF04E0910000F6D9FF0470DA00F6
:20FF800034FF910000F6D9FF0870DA0134FF910000F6D9FF309094FFC21F370F68003C1AB2
:20FFA000532020F0910000F6D9FF486010FF94F1DA143FF10E00910000F6D9FF386091006F
:20FFC0000026D9223860142FC21F34FF3C023C05C210DA3B7F0FE6FF910000F6D9FF309019
:20FFE00094FFC21F370F68003C1B532020F0910000F6D9FF486010FF94FF3BC0FE1F3FF114
:02000004800179
:200000000E00910000F6D9FF3C6091000026D9223C60142FC21F34FF3C023C05C210DA3BCC
:200020007F0FE5FF910000F6D9FF3C6014FF6E32910000C6D9CC1070910000F6D9FF309005
:2000400094FFC21F532F20F0910000F6D9FF582010FF94F0910000F6D9FF309094FFC25F5D
:20006000532F20F0910000F6D9FF582010FF94FFA2F0370050406DFF5BDC34C2910000F6FC
:20008000D9FF007091000026D9223C60142F34FF3C37910000F6D9FF386014FF6E319100A7
:2000A00000F6D9FF007091000026D9223860142F34FF910000C6D9CC1070910000F6D9FF67
:2000C000309094FFC21F532F20F0910000F6D9FF600010FF94F0910000F6D9FF309094FF56
:2000E000C25F532F20F0910000F6D9FF600010FF94FFA2F0370050406DFF1ADC34C29100AA
:2001000000F6D9FF084014FFDF0F8681910000F6D9FF306014FFDF0F7F81910000F6D9FF72
:20012000248009FFC008DF0F7781910000F6D9FF0C9009FFC008DF0F6F81910000F6D9FF5D
:2001400008B009FFC008DF0F6781910000F6D9FF307009FFC008DF0F5F81910000F6D9FF45
:200160003C7009FFC008DF0F5781910000F6D9FF387009FFC008DF0F4F81910000F6D9FF49
:200180003C9094FFDF0F4881910000F6D9FF04A094FFDF0F4181910000F6D9FF28C054F474
:2001A0006DFF00D102246DFFC3DBDA103F2F3481910000F6D9FF3C6014F0DA113F0F3380DA
:2001C000910000F6D9FF3C6014F0910000F6D9FF2C6014FFC22F3FF02600910000F6D9FF7D
:2001E000309094FFC21F532F20F0910000F6D9FF582010FF94F0910000F6D9FF309094FF1D
:20020000C25F532F20F0910000F6D9FF582010FF94FFA2F0370050406DFF8ADBDA147FF229
:200220003B80910000F6D9FF386014F0DA103F0FF380910000F6D9FF386014F0910000F6DB
:20024000D9FF2C6014FFC21F3FF0E600910000F6D9FF309094FFC21F532F20F0910000F685
:20026000D9FF600010FF94F0910000F6D9FF309094FFC25F532F20F0910000F6D9FF60008F
:2002800010FF94FFA2F0370050406DFF51DBDA143FF2C280910000F6D9FF309094FFBF0FEA
:2002A000BB00910000F6D9FF309094FFC21F532F20F0910000F6D9FF600010FF94F0DA50E2
:2002C0007FF01300910000F6D9FF309094FFC21F532F20F0910000F6D9FF582010FF94F00D
:2002E000DA503F0F9900910000F6D9FF3C6014F0DA113F0F4080910000F6D9FF3C6014F0F6
:20030000910000F6D9FF2C6014FFC22F3FF03300910000F6D9FF007091000026D9223C606F
:20032000142F34FF910000C6D9CC1070910000F6D9FF309094FFC21F532F20F0910000F61F
:20034000D9FF582010FF94F0910000F6D9FF309094FFC25F532F20F0910000F6D9FF58207E
:2003600010FF94FFA2F0370050406DFFE1DA34C23C46910000F6D9FF386014F0DA103F0FB0
:200380003F80910000F6D9FF386014F0910000F6D9FF2C6014FFC21F3FF03200910000F6DC
:2003A000D9FF007091000026D9223860142F34FF910000C6D9CC1070910000F6D9FF30909A
:2003C00094FFC21F532F20F0910000F6D9FF600010FF94F0910000F6D9FF309094FFC25FF2
:2003E000532F20F0910000F6D9FF600010FF94FFA2F0370050406DFF9BDA34C2910000F653
:20040000D9FF3060DA0134FF910000F6D9FF3460DA0134FF910000F6D9FF306014FF6E1ADB
:20042000910000F6D9FF28C054F46DFFBBCF02246DFF7EDADA147F2F0E80910000F6D9FFC4
:200440003460DA0034FF910000F6D9FF3060DA0034FF009049AA00BA82088209910000F626
:20046000D9FF247014FF6E056D000E146DFF5BEF910000F6D9FF144014FFEE08910000F602
:20048000D9FF184014F0DF00F6023BA003203C53532220F0910000F6D9FF600010FF94F0ED
:2004A0009AF2532F20F0910000F6D9FF600010FF94F1A210BF003C00532220F0910000F612
:2004C000D9FF600010FF94F09AE2532F20F0910000F6D9FF600010FF94F1A210BF00280057
:2004E000532220F0910000F6D9FF600010FF94F09AB2532F20F0910000F6D9FF600010FF79
:2005000094FFA2F0BF101400532220F0910000F6D9FF600010FF94FF6E0A532220F091005F
:2005200000F6D9FF600010FF94F83C08DA147E228208C2F2DA147FF2ADFF3BA003203C5548
:200540009AF2532F20F0910000F6D9FF582010FF94F0532220F0910000F6D9FF582010FFA8
:2005600094F1A210BF003D009AE2532F20F0910000F6D9FF582010FF94F0532220F09100BA
:2005800000F6D9FF582010FF94F1A210BF0029009AB2532F20F0910000F6D9FF582010FF23
:2005A00094F0532220F0910000F6D9FF582010FF94FFA2F0BF101500532220F0910000F637
:2005C000D9FF582010FF94F0DA9F3E0A532220F0910000F6D9FF582010FF94F93C09DA144C
:2005E0007E233BE00990C2F2DA147FF2ABFF910000F6D9FF347009FFC008DF1F20819100E6
:2006000000F6D9FF7453DA0034FF910000F6D9FF7853DA0034FF82003C07532020F010AFFA
:20062000DA00B4FFC210DA9F7F0FF9FF02823C623BB003303C5A53032AF0910000F6D9FFB7
:20064000E47010FF01F200F614FF6E4E9AF3530F2AF0910000F6D9FFE47010FF01F200F6CB
:2006600014FFEE429AE3530F2AF0910000F6D9FFE47010FF01F200F614FFEE36532220F0D7
:2006800010AFB4F3910000F6D9FF745314F0370370103F011180DA503F2F0E00910000F612
:2006A000D9FF74533703700034F0910000F6D9FF785334F2910000F6D9FF745314FF37030A
:2006C00070007F0F1180DA503FF20E00910000F6D9FF7453370370F034FF910000F6D9FFD0
:2006E000785334F23C04C2F3FF23A77FC212370250207F299F7F910000F6D9FF785314FF4C
:200700008BEF09F14B0F41F1910000F6D9FF745314F08BB003014B0041014B0F5180910027
:2007200000F6D9FF745314FF532F20F0910000F6D9FF582010FF91000026D9227853142FD9
:20074000B4FF910000F6D9FF745314F93C2F9A19532F20F0910000F6D9FF582010FF5329A1
:2007600020F091000026D9225820102294204B0041016B0821406DFF15CEB4F29A19532FCE
:2007800020F0910000F6D9FF582010FF94F0DA9E3FF00C009A19532F20F0910000F6D9FF88
:2007A000582010FFDA9EB4FFC219DA3A7F9FD1FF910000F6D9FF745314F93C2D9AF9532FF9
:2007C00020F0910000F6D9FF582010FF532920F091000026D9225820102294204B004101FA
:2007E0006B0831406DFFDECDB4F29AF9532F20F0910000F6D9FF582010FF94FF4EFB9AF9DE
:20080000532F20F0910000F6D9FF582010FFDA00B4FFC2F9FF19D4FF3BB003003C0B532085
:2008200020F0910000F6D9FF600010FFDA00B4FFC2F0FF10F6FF1D001D01910000F6D9FFFD
:20084000347009FFC008DF0F1581910000F6D9FF7453DA0034FF910000F6D9FF7853DA9ECB
:2008600034FF82003C07532020F010AFDA00B4FFC210DA9E7F0FF97F370870003C5A3BB031
:2008800003103C5253012AF0910000F6D9FFE47010FF01F000F614FF6E469AF1530F2AF0D2
:2008A000910000F6D9FFE47010FF01F000F614FFEE3A9AE1530F2AF0910000F6D9FFE470AA
:2008C00010FF01F000F614FFEE2E532020F010AFB4F1910000F6D9FF745314FF3FF10F8014
:2008E000DA503F0F0C80910000F6D9FF745334F1910000F6D9FF785334F0910000F6D9FFFC
:20090000745314FF7F1F0F80DA503FF00C80910000F6D9FF745334F1910000F6D9FF785376
:2009200034F03C04C2F1FF21AFFFC210370070007F09A77F910000F6D9FF785314FF4B0F14
:2009400061F1910000F6D9FF745314F08BB003014B0041014B0F5180910000F6D9FF7453FE
:2009600014FF532F20F0910000F6D9FF600010FF91000026D9227853142FB4FF910000F60A
:20098000D9FF745314F93C2F9AF9532F20F0910000F6D9FF600010FF532920F0910000260A
:2009A000D9226000102294204B0041016B0821406DFFF8CCB4F29AF9532F20F0910000F613
:2009C000D9FF600010FF94F0DA9E3FF00C009AF9532F20F0910000F6D9FF600010FFDA9E2E
:2009E000B4FFC2F9FF19D2FF910000F6D9FF745314F93C2D9A19532F20F0910000F6D9FF60
:200A0000600010FF532920F091000026D9226000102294204B0041016B0831406DFFC2CC78
:200A2000B4F29A19532F20F0910000F6D9FF600010FF94FF4EFB9A19532F20F0910000F655
:200A4000D9FF600010FFDA00B4FFC219DA3A7F9FD3FF3BB003003C0B532020F0910000F6A4
:200A6000D9FF582010FFDA9EB4FFC2F0FF10F6FF3C68910000F6D9FF307009FFC008DF1FC5
:200A80006180910000F6D9FF347009FFC008EE593BA0424082156D0072723BA003103C4F9D
:200AA000532120F0910000F6D9FF582010FF9A11532F20F091000026D9225820102294207F
:200AC000C2F0B4F0532120F0910000F6D9FF582010FF94F04E0B9A11532F20F0910000F6B5
:200AE000D9FF582010FF8200B4F0532120F0910000F6D9FF600010FF9A11532F20F0910051
:200B00000026D922600010229420C210B4F0532120F0910000F6D9FF600010FF94F0DA9DAB
:200B20007F0F0B00532120F0910000F6D9FF600010FFDA9DB4FFC2F137016810BF41B2FF8C
:200B40000090404C3BB003808209910000F6D9FF2860820034F03BB003A01D00DF02532AEA
:200B600020F0910000F6D9FF504010FF532A20F091000026D922600010229420532A20F055
:200B800091000026D922582010229421421086F0B4F0532A20F0910000F6D9FF8C3310FF1E
:200BA000532A20F091000026D92250401022942F89FF9C18910000F6D9FF248009FFC00862
:200BC000DF2F2680532A20F0910000F6D9FF504010FD532A20F0910000F6D9FF582010FF65
:200BE00094FF4B0F4101534A20F0910000F6D9FF903010FF54FF6B0F31F07BE029046B000A
:200C0000214F6DFFCFCBB4D21D006102910000F6D9FF248009FFC008DF6F4180532A20F0E9
:200C2000910000F6D9FF504010FD532A20F0910000F6D9FF582010FF94FF4B0F4101534A79
:200C400020F0910000F6D9FF903010FF54FF6B0F31F07BE029046B00214F6DFFA3CBB4D2A5
:200C6000532A20F0910000F6D9FF504010FF94FF4EF382003C09532A20F0910000F6D9FF62
:200C8000504010FF94F0532A20F0910000F6D9FF504010FFB4F01D001A02910000F6D9FF6A
:200CA000248009FFC008DF5F2680532A20F0910000F6D9FF504010FD532A20F0910000F63F
:200CC000D9FF600010FF94FF4B0F4101534A20F0910000F6D9FF60F010FF54FF6B0F31F045
:200CE0007BE029046B00214F6DFF5CCBB4D21D00EE01910000F6D9FF248009FFC008DF3F7B
:200D00006A80532A20F0910000F6D9FF504010FD532A20F0910000F6D9FF600010FF94FF72
:200D20004B0F4101534A20F0910000F6D9FF60F010FF54FF6B0F31F07BE029046B00214F5B
:200D40006DFF30CBB4D2DA3A7FFA4300532A20F0910000F6D9FF504010FF94F09A1A532F91
:200D600020F0910000F6D9FF504010FF94FFA2F0BF202F00532A20F0910000F6D9FF5040B6
:200D800010FF9A1A532F20F091000026D92250401022942FC2FFB4FF532A20F0910000F63F
:200DA000D9FF504010FF94FF4EF382103C09532A20F0910000F6D9FF504010FF94F0532A85
:200DC00020F0910000F6D9FF504010FFB4F01D007E01910000F6D9FF248009FFC008DF4FC4
:200DE0002C80910000F6D9FF3C5014FF6E25532A20F0910000F6D9FF504010FD532A20F0A0
:200E0000910000F6D9FF600010FF94FF4B0F4101534A20F0910000F6D9FF60F010FF54FF17
:200E20006B0F31F07B2029046B00214F6DFFBACAB4D21D004C01910000F6D9FF0C9009FF91
:200E4000C008DF2F2680532A20F0910000F6D9FF504010FD532A20F0910000F6D9FF600041
:200E600010FF94FF4B0F4101534A20F0910000F6D9FF60F010FF54FF6B0F31F07BC0290473
:200E80006B00214F6DFF8ECAB4D21D002001910000F6D9FF0C9009FFC008DF6F4A80532A8F
:200EA00020F0910000F6D9FF504010FD532A20F0910000F6D9FF600010FF94FF4B0F41019C
:200EC000534A20F0910000F6D9FF60F010FF54FF6B0F31F07B402A046B00214F6DFF62CA5D
:200EE000B4D2532A20F0910000F6D9FF600010FF94FF4B0F4101534A20F0910000F6D9FFD6
:200F000060F010FF54FF6B0F31F07BE031044B0F01F0370F61F16E0A532A20F0910000F685
:200F2000D9FF504010FFDA9EB4FF1D00D000910000F6D9FF0C9009FFC008DF4F2C809100EC
:200F400000F6D9FF1C5014FF6E25532A20F0910000F6D9FF504010FD532A20F0910000F614
:200F6000D9FF582010FF94FF4B0F4101534A20F0910000F6D9FF903010FF54FF6B0F31F01A
:200F80007BE02A046B00214F6DFF0CCAB4D21D009E00910000F6D9FF0C9009FFC008DF5F61
:200FA0002580532A20F0910000F6D9FF504010FD532A20F0910000F6D9FF582010FF94FFFD
:200FC0004B0F4101534A20F0910000F6D9FF903010FF54FF6B0F31F07B602A046B00214FC8
:200FE0006DFFE0C9B4D23C72910000F6D9FF0C9009FFC008DF3F6B80532A20F0910000F6C0
:20100000D9FF504010FD532A20F0910000F6D9FF582010FF94FF4B0F4101534A20F091007B
:2010200000F6D9FF903010FF54FF6B0F31F07B802A046B00214F6DFFB5C9B4D2DA3A7FFA24
:201040004600532A20F0910000F6D9FF504010FF94F09A1A532F20F0910000F6D9FF504006
:2010600010FF94FFA2F0FFF03200532A20F0910000F6D9FF504010FF9A1A532F20F09100B9
:201080000026D92250401022942FC22FB4FF532A20F0910000F6D9FF504010FF94F0DA9E7F
:2010A0003FF00400DA9E3C09532A20F0910000F6D9FF504010FF94FF532A2000910000F6FE
:2010C000D9FF504001F000F6B4FF532A20F0910000F6D9FF504010FF532A20F0910000263F
:2010E000D92250401022942F4B0F41416DFF38D502246DFF57C9B4F2910000F6D9FF18C08C
:20110000532A20F091000026D92250401022942F4B0F41F174FFC2FAFF0A237DDA00DF0FDF
:20112000C1008203C9C016E0C9C11AE0A210C9C11EE0C9C216E0A221BF700F00BF710D006D
:20114000910000F6D9FF2860821034F0C9C016E08B101B903C20FF71100082727F020D00CF
:20116000C9C01EE08B101B90910000F6D9FF2860820034F03C10FF700F0082707F100C00BE
:20118000C9C01AE08B101B90910000F6D9FF2860DA0034FFC9CF18E08BBF03F1370F68F026
:2011A0004BF90142CE95CE423C0282F43C048E423C028214C9C118E03C72F63F9A11532F0B
:2011C00020F0910000F6D9FF504010FFC9C016E0A240B4F082133C609A11532F20F09100FD
:2011E00000F6D9FF504010FF532120F091000026D922504010229420A240B4F09A11532F23
:2012000020F0910000F6D9FF504010FF94F0910000F6D9FF5040532820F010FF94FF3FF0F1
:201220001600FF0914009A11532F20F0910000F6D9FF504010FF91000026D9225040532884
:2012400020F01022942FB4FF3C27BF1926009A11532F20F0910000F6D9FF504010FF94F0B6
:20126000910000F6D9FF5040532820F010FF94FF3F0F13009A11532F20F0910000F6D9FF55
:20128000504010FF91000026D9225040532820F01022942FB4FFC211370150103F818F7F01
:2012A0000090910000F6D9FF144014FFEE04DA00DF0FBC00910000F6D9FF347009FFC0088F
:2012C000EE56910000F6D9FF0CB094F43BA00A506DFFFBE3910000F6D9FF28C054FF82008C
:2012E0004B0F01F06F0F2380910000F6D9FF38A094FF4B0F4141910000F6D9FF34D054FF26
:201300008BAF0A506DFFEBDF910000F6D9FF00B094FF4B0F4141910000F6D9FF30D054FFD3
:201320008BAF0A506DFF23DF3C21910000F6D9FF38A094FF4B0F4141910000F6D9FF34D045
:2013400054FF8BAF0A506DFFCADF910000F6D9FF00B094FF4B0F4141910000F6D9FF30D0B4
:2013600054FF8BAF0A506DFF02DF3C5D910000F6D9FF347009FFC008DF1F5680910000F672
:20138000D9FF0CB094F43BA00A506DFF9EE3910000F6D9FF28C054FF82004B0F01F06F0F2A
:2013A0002380910000F6D9FF38A094FF4B0F4141910000F6D9FF34D054FF8BAF0A506DFF2E
:2013C0008EDF910000F6D9FF00B094FF4B0F4141910000F6D9FF30D054FF8BAF0A506DFF70
:2013E000C6DE3C21910000F6D9FF38A094FF4B0F4141910000F6D9FF34D054FF8BAF0A50FC
:201400006DFF6DDF910000F6D9FF00B094FF4B0F4141910000F6D9FF30D054FF8BAF0A5050
:201420006DFFA5DE1D007303910000F6D9FF248009FFC008EE09910000F6D9FF0C9009FF5D
:20144000C008DF0F7201910000F6D9FF248009FFC0081E28910000F6D9FF0C9009FFC0087F
:20146000DE2B910000F6D9FF04B0DAE6B4FF910000F6D9FF04D07BA032F474FF910000F66F
:20148000D9FF3CA094FF4B0F41413B600E506DFF67E11D004801910000F6D9FF248009FF0B
:2014A000C0081E39910000F6D9FF0C9009FFC008DF3F5880910000F6D9FF0CB094F43B600E
:2014C00009506DFF02E3910000F6D9FF28C054FF82004B0F01F06F0F2380910000F6D9FF7B
:2014E00038A094FF4B0F4141910000F6D9FF34D054FF8B6F09506DFFF2DE910000F6D9FF01
:2015000000B094FF4B0F4141910000F6D9FF30D054FF8B6F09506DFF2ADE3C21910000F64F
:20152000D9FF38A094FF4B0F4141910000F6D9FF34D054FF8B6F09506DFFD1DE910000F6E1
:20154000D9FF00B094FF4B0F4141910000F6D9FF30D054FF8B6F09506DFF09DE1D00E3003C
:20156000910000F6D9FF248009FFC0081E49910000F6D9FF0C9009FFC008DF4FAE80DA012F
:201580006E56910000F6D9FF0CB094F43B6009506DFF9BE2910000F6D9FF28C054FF8200EB
:2015A0004B0F01F06F0F2380910000F6D9FF38A094FF4B0F4141910000F6D9FF34D054FF63
:2015C0008B6F09506DFF8BDE910000F6D9FF00B094FF4B0F4141910000F6D9FF30D054FFB3
:2015E0008B6F09506DFFC3DD3C21910000F6D9FF38A094FF4B0F4141910000F6D9FF34D026
:2016000054FF8B6F09506DFF6ADE910000F6D9FF00B094FF4B0F4141910000F6D9FF30D093
:2016200054FF8B6F09506DFFA2DD3C55910000F6D9FF0CB094F43BA00A506DFF46E291008B
:2016400000F6D9FF28C054FF82004B0F01F06F0F2380910000F6D9FF38A094FF4B0F4141ED
:20166000910000F6D9FF34D054FF8BAF0A506DFF36DE910000F6D9FF00B094FF4B0F414122
:20168000910000F6D9FF30D054FF8BAF0A506DFF6EDD3C21910000F6D9FF38A094FF4B0FCC
:2016A0004141910000F6D9FF34D054FF8BAF0A506DFF15DE910000F6D9FF00B094FF4B0F03
:2016C0004141910000F6D9FF30D054FF8BAF0A506DFF4DDD3C27910000F6D9FF248009FF3E
:2016E000C0081E58910000F6D9FF0C9009FFC008DE59910000F6D9FF04B0DAAAB4FF9100CF
:2017000000F6D9FF04D07BA032F474FF910000F6D9FF3CA094FF4B0F41413BA00A506DFF28
:201720001FE01D00F401DA001E64DA00DF6F4180910000F6D9FF28C054F46DFF33C6022439
:201740006DFFF6D0FFB21B80910000F6D9FF04B0DAE6B4FF910000F6D9FF04D07BA032F411
:2017600074FF910000F6D9FF3CA094FF4B0F41413B600E506DFFF4DF3C19910000F6D9FF60
:2017800004B0DAC8B4FF910000F6D9FF04D07BA032F474FF910000F6D9FF3CA094FF4B0F31
:2017A00041413B800C506DFFDBDF1D00B001910000F6D9FF147014FF6E09910000F6D9FFD0
:2017C000309094F0DA0A3FF09400910000F6D9FF28C054F46DFFE6C502246DFFA9D0DA147F
:2017E0003FF287803BA0424082056D00C86B910000F6D9FF04B091000026D92228B0542F0D
:20180000B4FF910000F6D9FF0CB094F4910000F6D9FF28B054FF370F50506DFF56E13BA084
:20182000424082056D00AB6B910000F6D9FF1860DA0134FF910000F6D9FF28C054FF82001B
:201840004B0F01F06F0F2B80910000F6D9FF38A094FF4B0F4141910000F6D9FF28B054F5EE
:20186000910000F6D9FF34D054FF42F56DFF37DD910000F6D9FF00B094FF4B0F41419100EC
:2018800000F6D9FF28B054F5910000F6D9FF30D054FF42F56DFF6BDC3C29910000F6D9FFF9
:2018A00038A094FF4B0F4141910000F6D9FF28B054F5910000F6D9FF34D054FF42F56DFF08
:2018C0000EDD910000F6D9FF00B094FF4B0F4141910000F6D9FF28B054F5910000F6D9FFC0
:2018E00030D054FF42F56DFF42DC1D001001910000F6D9FF147014FFEE15910000F6D9FF4E
:20190000247014FFDF0F8B00910000F6D9FF28C054F46DFF47C502246DFF0AD0DA123F2FDA
:201920007E803BA0424082156D00296B910000F6D9FF3CA094F0DAC87F0F2B00910000F613
:20194000D9FF309094FFFF3F1200910000F6D9FF28C054FF7B0017044B0F01F016038B0FDE
:2019600020426DFFE5CFDF021480910000F6D9FF309094FF6E0D910000F6D9FF28C054F4B4
:201980006DFF10C502246DFFD3CFFFB21E803BA0424082156D00F36A3B2006403B00715226
:2019A0006D00FC713BC0054082056D00F7713B0005403B0071526D00F1713B6005408205FD
:2019C0006D00EC713C2A3BA0424082056D00D76A910000F6D9FF04B091000026D92224B0AC
:2019E000542FB4FF910000F6D9FF04D091000026D92224B0542F4B0F61F174FF910000F6CF
:201A0000D9FF3CA094FF4B0F4141910000F6D9FF24B054F56DFFA4DE3C793BA042408205A0
:201A20006D00AD6A910000F6D9FF04B091000026D92228B0542FB4FF910000F6D9FF0CB034
:201A400094F4910000F6D9FF28B054FF370F50506DFF3BE0910000F6D9FF28C054FF8200EB
:201A60004B0F01F06F0F2B80910000F6D9FF38A094FF4B0F4141910000F6D9FF28B054F5CC
:201A8000910000F6D9FF34D054FF42F56DFF27DC910000F6D9FF00B094FF4B0F41419100DB
:201AA00000F6D9FF28B054F5910000F6D9FF30D054FF42F56DFF5BDB3C29910000F6D9FFE8
:201AC00038A094FF4B0F4141910000F6D9FF28B054F5910000F6D9FF34D054FF42F56DFFE6
:201AE000FEDB910000F6D9FF00B094FF4B0F4141910000F6D9FF28B054F5910000F6D9FFB0
:201B000030D054FF42F56DFF32DB0090910000F6D9FF1C70DA6334FF910000F6D9FF2070E8
:201B2000DA6334FF3BA003201D004D019A12532F20F0910000F6D9FF600010FF94F09100AB
:201B400000F6D9FF24F001F200F614F1421037005010DA9E7F1F06003BE009101D009D00C2
:201B60009A12532F20F0910000F6D9FF600010FF94F0DF006880910000F6D9FF1870821095
:201B800034F082103C5BDA823F0F4E009A12530F2AF0910000F6D9FFE47010FF01F000F62F
:201BA00014FFEE409A12530F2AF0910000F6D9FFE47010FF01F000F609FF7FF86E33DA0F0A
:201BC0003F0F2A0053022AF0910000F6D9FFE47010FF085FEE1D53022AF0910000F6D9FF1C
:201BE000E47010FF08AFEE1453022AF0910000F6D9FFE47010FF08FFEE0B53022AF0910098
:201C000000F6D9FFE47010FF09FF54086E043BF000103C058B101FF0370F50104E128211FE
:201C20003C103C0B910000F6D9FF24F001F200F614FF8B0F05103C05C210DA9E7F0FA57FB6
:201C40003C2B53022AF0910000F6D9FFE47010FF01F100F614FFEE20DA647FF11E008BA1EB
:201C6000001053022AF0910000F6D9FFE47010FF01F100F614FFEE038BF1001053022AF03C
:201C8000910000F6D9FFE47010FF01F100F614FFEE038BF10010910000F6D9FF187014FF10
:201CA000DF1F5F80910000F6D9FF1870DA0034FF53022AF0910000F6D9FFE47010FF14FF0F
:201CC0006E1D53022AF0910000F6D9FFE47010FF082F6E1453022AF0910000F6D9FFE4706D
:201CE00010FF084F6E0B532220F0910000F6D9FF600010FFDA00B4FF3C3282003C2E530276
:201D00002AF0910000F6D9FFE47010FF01F000F614FFEE1553022AF0910000F6D9FFE470C8
:201D200010FF01F000F6081F6E0A532220F0910000F6D9FF600010FFB4F03C119AE17E0AC7
:201D4000532220F0910000F6D9FF600010FFDA00B4FFC210370050003F10D37F3C303C2DD4
:201D600053022AF0910000F6D9FFE47010FF01F100F614FF6E1653022AF0910000F6D9FFE5
:201D8000E47010FF01F100F609FF7FF8EE0A532220F0910000F6D9FF600010FFB4F13C0F3E
:201DA000DF210B80532220F0910000F6D9FF600010FFDA00B4FFC2F1FF11D47FC2F23702B5
:201DC0004820910000F6D9FF309094FF3F2FB07E3BA003201D00BC019A12532F20F09100A6
:201DE00000F6D9FF582010FF94F0910000F6D9FF24F001F200F614F1A21037005010CE147E
:201E000082011D00A2009A12532F20F0910000F6D9FF582010FF94F0DA9E3FF06C00910034
:201E200000F6D9FF1460821034F03BD009003C5FDA1E3FF052009A12530F2AF0910000F6D3
:201E4000D9FFE47010FF01F000F609FF7FF8EE439A12530F2AF0910000F6D9FFE47010FFC6
:201E600001F000F614FF6E37DA8E3FF02B0053022AF0910000F6D9FFE47010FF09FF5B2845
:201E8000EE1F53022AF0910000F6D9FFE47010FF09FF5128EE1553022AF0910000F6D9FFB2
:201EA000E47010FF09FF5628EE0B53022AF0910000F6D9FFE47010FF09FF4C286E023C05E2
:201EC0008BF000F0370F5010DA9E7F1F04003BE009103C0F3C0B910000F6D9FF24F001F2AB
:201EE00000F614FF8B0F05113C04C2F0FF10A27F3C2B53022AF0910000F6D9FFE47010FF6F
:201F000001F100F614FFEE20DA3C7F1F1E008B611F1053022AF0910000F6D9FFE47010FF9A
:201F200001F100F614FFEE038B111F1053022AF0910000F6D9FFE47010FF01F100F614FFBE
:201F4000EE038B111F10910000F6D9FF146014FFDF1FA580910000F6D9FF1460DA0034FFDC
:201F600053022AF0910000F6D9FFE47010FF09FF5E286E3353022AF0910000F6D9FFE470DF
:201F800010FF09FF5D286E2953022AF0910000F6D9FFE47010FF09FF5C286E1F532220F03F
:201FA000910000F6D9FF582010FFDA9EB4FF534220F0910000F6D9FF408010FF532220F0B8
:201FC00091000026D92260001022942F8BEF09F14B0F41F174FF3C61DA9F3C5D53022A0059
:201FE000910000F6D9FFE47001F000F610FF14F0DF002E8053022A00910000F6D9FFE47075
:2020000001F000F610FF09F07FF8DF00210053222000910000F6D9FF582001F000F6B4FF54
:2020200053422000910000F6D9FF408001F000F65322200091000026D922600001200026F7
:202040009420A20F4B0F41F174FF3C278B210000FE0F532220F0910000F6D9FF582010FF95
:20206000DA9EB4FF534220F0910000F6D9FF408010FF532220F091000026D9226000102299
:20208000942F8BEF09F14B0F41F174FF3C06C2FF370F50F07F1FA47F3C573C5353022AF02F
:2020A000910000F6D9FFE47010FF01F100F614FF6E2853022AF0910000F6D9FFE47010FF9C
:2020C00001F100F6081FEE1D532220F0910000F6D9FF582010FFB4F1534220F0910000F6AA
:2020E000D9FF408010FF532220F091000026D9226000102294205A014B0F41F174FF3C2402
:20210000DA9EFE1E532220F0910000F6D9FF582010FFDA9EB4FF534220F0910000F6D9FF91
:20212000408010FF532220F091000026D9226000102294208BE009F14B0F41F174FFC2111C
:20214000DA9E7F1FAD7FC2F237024820910000F6D9FF309094FF3F2F417E910000F6D9FFAA
:2021600024A0DA00B4FF910000F6D9FF20A0DA00B4FF910000F6D9FF2090DA00B4FF910035
:2021800000F6D9FF2490DA00B4FF910000F6D9FF2890DA00B4FF910000F6D9FF2C90DA0097
:2021A000B4FF6DFF5BD3910000F6D9FF6C63881F910000F6D9FF706388103F0F080091004C
:2021C00000F6D9FF6C63881F3C06910000F6D9FF7063881F910000F6D9FF5863B4FF3C4A4D
:2021E000910000F6D9FF586394FF534F20F0910000F6D9FF408010FF54F0910000F6D9FFAF
:20220000586394FF534F20F0910000F6D9FF70B010FF54FF7B0020146B0121FF4BF001F076
:20222000370F61F16E27910000F6D9FF209091000026D9222090942FC21FB4FF910000F622
:20224000D9FF249094FFEE0C910000F6D9FF249091000026D9225863942FB4FF3C0B910097
:2022600000F6D9FF289091000026D9225863942FB4FF910000F6D9FF586394F0910000F6D0
:20228000D9FF586391000026D9225863942FC2FFB4FF910000F6D9FF309094FFC21F3F0F26
:2022A000A17F910000F6D9FF586391000026D9222490942FC21FB4FF3C2B910000F6D9FF61
:2022C000586391000026D9225863942FC2FFB4FF910000F6D9FF586394FF534F20F09100AF
:2022E00000F6D9FF408010FF54FF7B0030044B0F01F0370F61F16E0C910000F6D9FF2C90C7
:2023000091000026D9222C90942FC21FB4FF910000F6D9FF586394FF910000F6D9FF289034
:2023200094F03FF0CC7F910000F6D9FF586391000026D9225863942FC2FFB4FF3BB00300F3
:202340003C2F532020F0910000F6D9FF582010FF94F1DA9C3FF10D00910000F6D9FF24A04E
:2023600091000026D92224A0942FC21FB4FF532020F0910000F6D9FF600010FF94FFFF3F6E
:202380000D00910000F6D9FF20A091000026D92220A0942FC21FB4FFC2F03700500091007E
:2023A00000F6D9FF309094FF3F0FCD7F0090820182128213910000F6D9FF08A08200B4F0F9
:2023C000910000F6D9FF1CA08200B4F0910000F6D9FF18A08200B4F0910000F6D9FF28A058
:2023E0008200B4F0910000F6D9FF2CA08200B4F0910000F6D9FF248009F0C008DF00C7807C
:20240000910000F6D9FF0C9009F0C008DF00BF80910000F6D9FF08B009F0C008DF00B780F4
:202420003B7003401D00AC00532420F0910000F6D9FF600010FF94FF6E0C532420F091006B
:2024400000F6D9FF582010FF94F0DA9C3FF089008211532420F0910000F6D9FF600010FF8D
:2024600094FFEE17532420F0910000F6D9FF582010FF94F0DA9C3FF00D00910000F6D9FFC2
:2024800008A091000026D92208A09420C210B4F0532420F0910000F6D9FF600010FF94FF28
:2024A000EE0C910000F6D9FF28A094FFEE06910000F6D9FF28A0B4F4532420F0910000F697
:2024C000D9FF582010FF94F0DA9C3FF00D00910000F6D9FF2CA094FFEE06910000F6D9FF56
:2024E0002CA0B4F4532420F0910000F6D9FF600010FF94FFEE087627910000F6D9FF18A0D6
:20250000B4F48222DF220C80532420F0910000F6D9FF600010FF94FF6E028202532420F07F
:20252000910000F6D9FF582010FF94F0DA9C3FF009007637910000F6D9FF1CA0B4F482236E
:20254000DF230E80532420F0910000F6D9FF582010FF94F0DA9C7FF0030082033C0DDF1154
:202560000C80532420F0910000F6D9FF600010FF94FF6E023C0BC2F437046840910000F610
:20258000D9FF309094FF3F4F517F910000F6D9FF1CA094FF910000F6D9FF18A094F03FF03A
:2025A000A401910000F6D9FF18A094F0DA303F0F9C01910000F6D9FF18A094FFDF0F9501B8
:2025C000910000F6D9FF18A094FF530F2AF0910000F6D9FFE47010FF08AFDF0F8401910058
:2025E00000F6D9FF18A094FF530F2AF0910000F6D9FFE47010FF09FF5E08DF0F7401910022
:2026000000F6D9FF18A094FF530F2AF0910000F6D9FFE47010FF09FF7208DF0F64019100FD
:2026200000F6D9FF18A094FF530F2AF0910000F6D9FFE47010FF09FF4618DF0F5401910009
:2026400000F6D9FF18A094FF530F2AF0910000F6D9FFE47010FF09FF5A18DF0F44019100E5
:2026600000F6D9FF18A094FF530F2AF0910000F6D9FFE47010FF09FF6E18DF0F34019100C1
:2026800000F6D9FF18A094FF530F2AF0910000F6D9FFE47010FF09FF4228DF0F24019100CD
:2026A00000F6D9FF18A094FF530F2AF0910000F6D9FFE47010FF09FF5628DF0F14019100A9
:2026C00000F6D9FF18A094FFC21F530F2AF0910000F6D9FFE47010FF08AFDF0F0401910087
:2026E00000F6D9FF18A094FFC21F530F2AF0910000F6D9FFE47010FF09FF5E08DF0FF30053
:20270000910000F6D9FF18A094FFC21F530F2AF0910000F6D9FFE47010FF09FF7208DF0F80
:20272000E200910000F6D9FF18A094FFC21F530F2AF0910000F6D9FFE47010FF09FF461888
:20274000DF0FD100910000F6D9FF18A094FFC21F530F2AF0910000F6D9FFE47010FF09FFE9
:202760005A18DF0FC000910000F6D9FF18A094FFC21F530F2AF0910000F6D9FFE47010FF70
:2027800009FF6E18DF0FAF00910000F6D9FF18A094FFC21F530F2AF0910000F6D9FFE47054
:2027A00010FF09FF4228DF0F9E00910000F6D9FF18A094FFC21F530F2AF0910000F6D9FFA6
:2027C000E47010FF09FF5628DF0F8D00910000F6D9FF18A094FFC22F530F2AF0910000F6F7
:2027E000D9FFE47010FF08AF6E7D910000F6D9FF18A094FFC22F530F2AF0910000F6D9FF86
:20280000E47010FF09FF5E086E6D910000F6D9FF18A094FFC22F530F2AF0910000F6D9FF96
:20282000E47010FF09FF72086E5D910000F6D9FF18A094FFC22F530F2AF0910000F6D9FF72
:20284000E47010FF09FF46186E4D910000F6D9FF18A094FFC22F530F2AF0910000F6D9FF7E
:20286000E47010FF09FF5A186E3D910000F6D9FF18A094FFC22F530F2AF0910000F6D9FF5A
:20288000E47010FF09FF6E186E2D910000F6D9FF18A094FFC22F530F2AF0910000F6D9FF36
:2028A000E47010FF09FF42286E1D910000F6D9FF18A094FFC22F530F2AF0910000F6D9FF42
:2028C000E47010FF09FF56286E0D910000F6D9FF2470DA0134FF910000F6D9FF7C53DA0A81
:2028E00034FF1D00D001910000F6D9FF1CA094FF910000F6D9FF18A094F03F0FA3019100EB
:2029000000F6D9FF1CA094F0DA303F0F9B01910000F6D9FF1CA094FFDF0F9401910000F6FD
:20292000D9FF1CA094FF530F2AF0910000F6D9FFE47010FF08AFDF0F8401910000F6D9FFA9
:202940001CA094FF530F2AF0910000F6D9FFE47010FF09FF5E08DF0F7401910000F6D9FFBA
:202960001CA094FF530F2AF0910000F6D9FFE47010FF09FF7208DF0F6401910000F6D9FF96
:202980001CA094FF530F2AF0910000F6D9FFE47010FF09FF4618DF0F5401910000F6D9FFA2
:2029A0001CA094FF530F2AF0910000F6D9FFE47010FF09FF5A18DF0F4401910000F6D9FF7E
:2029C0001CA094FF530F2AF0910000F6D9FFE47010FF09FF6E18DF0F3401910000F6D9FF5A
:2029E0001CA094FF530F2AF0910000F6D9FFE47010FF09FF4228DF0F2401910000F6D9FF66
:202A00001CA094FF530F2AF0910000F6D9FFE47010FF09FF5628DF0F1401910000F6D9FF41
:202A200018A094FFC21F530F2AF0910000F6D9FFE47010FF08AFDF0F0401910000F6D9FF23
:202A400018A094FFC21F530F2AF0910000F6D9FFE47010FF09FF5E08DF0FF300910000F636
:202A6000D9FF18A094FFC21F530F2AF0910000F6D9FFE47010FF09FF7208DF0FE200910031
:202A800000F6D9FF18A094FFC21F530F2AF0910000F6D9FFE47010FF09FF4618DF0FD100D9
:202AA000910000F6D9FF18A094FFC21F530F2AF0910000F6D9FFE47010FF09FF5A18DF0FE5
:202AC000C000910000F6D9FF18A094FFC21F530F2AF0910000F6D9FFE47010FF09FF6E18DF
:202AE000DF0FAF00910000F6D9FF18A094FFC21F530F2AF0910000F6D9FFE47010FF09FF68
:202B00004228DF0F9E00910000F6D9FF18A094FFC21F530F2AF0910000F6D9FFE47010FFF6
:202B200009FF5628DF0F8D00910000F6D9FF18A094FFC22F530F2AF0910000F6D9FFE470CA
:202B400010FF08AF6E7D910000F6D9FF18A094FFC22F530F2AF0910000F6D9FFE47010FFEB
:202B600009FF5E086E6D910000F6D9FF18A094FFC22F530F2AF0910000F6D9FFE47010FF33
:202B800009FF72086E5D910000F6D9FF18A094FFC22F530F2AF0910000F6D9FFE47010FF0F
:202BA00009FF46186E4D910000F6D9FF18A094FFC22F530F2AF0910000F6D9FFE47010FF1B
:202BC00009FF5A186E3D910000F6D9FF18A094FFC22F530F2AF0910000F6D9FFE47010FFF7
:202BE00009FF6E186E2D910000F6D9FF18A094FFC22F530F2AF0910000F6D9FFE47010FFD3
:202C000009FF42286E1D910000F6D9FF18A094FFC22F530F2AF0910000F6D9FFE47010FFDE
:202C200009FF56286E0D910000F6D9FF2470DA0134FF910000F6D9FF7C53DA0A34FF3C22EF
:202C4000910000F6D9FF08A094F0DA0A3FF00F00910000F6D9FF2470DA0134FF910000F63F
:202C6000D9FF7C53DA0A34FF3C0D910000F6D9FF7C53DA0B34FF910000F6D9FF2470DA003A
:202C800034FF00908201910000F6D9FF28A094F0DA323FF01400910000F6D9FF10A0DA3AD1
:202CA000B4FF910000F6D9FF389091000026D92218A0942FC2FFB4FF8211910000F6D9FFA7
:202CC00028A094F0DA327FF01900910000F6D9FF10A091000026D92228A0942FC21FB4FF34
:202CE000910000F6D9FF389091000026D92218A0942FC2FFB4FF8201910000F6D9FF2CA05E
:202D000094F0DA323FF01300910000F6D9FF0CA0DA3AB4FF910000F6D9FF00A09100002659
:202D2000D9221CA0942FC2FFB4FF910000F6D9FF2CA094F0DA327FF01800910000F6D9FF04
:202D40000CA091000026D9222CA0942FC21FB4FF910000F6D9FF00A091000026D9221CA085
:202D6000942FC2FFB4FF910000F6D9FF04A0DA00B4FF910000F6D9FF3C90DA00B4FF820052
:202D8000820282038204DF017580910000F6D9FF28A094FF370F68503C649AE5532F20F066
:202DA000910000F6D9FF600010FF94FFEE4F9AF5532F20F0910000F6D9FF600010FF94FFF3
:202DC000EE45532520F0910000F6D9FF600010FF94FF6E3C9A15532F20F0910000F6D9FF8D
:202DE000600010FF94F69A35532F20F0910000F6D9FF600010FF94FFA2F6DA077F6F27008A
:202E00009A15532F20F0910000F6D9FF600010FF94F69A25532F20F0910000F6D9FF600009
:202E200010FF94FFA2F6BF261200DA00EE0F910000F6D9FF3C90DA00C21FB4FF910000F66A
:202E4000D9FF10A0B4F582103C14910000F6D9FF18A094FF3FF503003C0CC2F5370568508B
:202E6000910000F6D9FF28A094FFC2BF3F5F977FDF006B80DF016980910000F6D9FF28A0A9
:202E800094FF370F68503C589AE5532F20F0910000F6D9FF600010FF94FFEE499AF5532F53
:202EA00020F0910000F6D9FF600010FF94FFEE3F9A15532F20F0910000F6D9FF600010FF65
:202EC00094F09A35532F20F0910000F6D9FF600010FF94F1A210DA077F0F2A009A15532F3E
:202EE00020F0910000F6D9FF600010FF94F09A25532F20F0910000F6D9FF600010FF94FFBE
:202F0000A2F0BF201500DA00EE12910000F6D9FF3C9091000026D9223C90942FC21FB4FF51
:202F2000910000F6D9FF10A0B4F53C0EDA373FF503803C0AC215910000F6D9FF28A094FFF0
:202F4000C25F3FF5A37F910000F6D9FF18A094FF370F68503C779A25532F20F0910000F6C7
:202F6000D9FF600010FF94F0FF4068009A35532F20F0910000F6D9FF600010FF94F0FF40ED
:202F80005D00532520F0910000F6D9FF600010FF94F09A25532F20F0910000F6D9FF6000EA
:202FA00010FF94F1A210DA083FF048009AF5532F20F0910000F6D9FF600010FF94F0532587
:202FC00020F0910000F6D9FF600010FF94FFA2F0BF0034009AF5532F20F0910000F6D9FF7B
:202FE000600010FF94F0532520F0910000F6D9FF600010FF94FFA2F0DA0F7FF01F009A351D
:20300000532F20F0910000F6D9FF600010FF94FFFF7F1400910000F6D9FF3890B4F59100CA
:2030200000F6D9FF3C9091000026D9223C90942FC21FB4FF82123C0EDA283FF503803C0A44
:20304000C215910000F6D9FF18A094FFC25F7F5F847FDF029780910000F6D9FF18A094FF4B
:20306000370F68201D0086009A22532F20F0910000F6D9FF600010FF94F0FF4070009A32C4
:20308000532F20F0910000F6D9FF600010FF94F0FF406500532220F0910000F6D9FF600064
:2030A00010FF94FF6E5B532220F0910000F6D9FF600010FF94F09A22532F20F0910000F6F9
:2030C000D9FF600010FF94F1A210DA083FF047009AF2532F20F0910000F6D9FF600010FF2E
:2030E00094F0532220F0910000F6D9FF600010FF94FFA2F0BF0033009AF2532F20F0910033
:2031000000F6D9FF600010FF94F0532220F0910000F6D9FF600010FF94FFA2F0DA0F7FF01E
:203120001E009A32532F20F0910000F6D9FF600010FF94FFFF7F1300910000F6D9FF3890FA
:20314000B4F2910000F6D9FF3C9091000026D9223C90942FC21FB4FF3C14910000F6D9FF1A
:20316000309094FF3F2F03003C0CC2F237026820910000F6D9FF18A094FFC2BF7FF2767F3D
:20318000910000F6D9FF14A091000026D9222CA0942FB4FF1D00AC00910000F6D9FF14A04C
:2031A00094FFC21F532F20F0910000F6D9FF582010FF94F0DA9B3F0F8300910000F6D9FFFA
:2031C00014A094FF532F20F0910000F6D9FF582010FF94F0DA9E5F0F7300910000F6D9FFF4
:2031E00014A094FFC2EF532F20F0910000F6D9FF582010FF94F0910000F6D9FF14A094FF35
:20320000532F20F0910000F6D9FF582010FF94FFA2F0BF405500910000F6D9FF14A094FF17
:20322000532F20F0910000F6D9FF582010FF94F0910000F6D9FF14A094FFC22F532F20F069
:20324000910000F6D9FF582010FF94FFA2F0FF303700910000F6D9FF14A094FFC2EF532F24
:2032600020F0910000F6D9FF582010FF94F0DA917F0F2600910000F6D9FF14A094FFC2DF6E
:20328000532F20F0910000F6D9FF582010FF94F0DA967F0F1500910000F6D9FF0CA0910083
:2032A0000026D92214A0942FB4FF910000F6D9FF04A0DA00C21FB4FF82133C26910000F6D4
:2032C000D9FF14A094FF910000F6D9FF1CA094F03FF003003C19910000F6D9FF14A0910005
:2032E0000026D92214A0942FC2FFB4FF910000F6D9FF14A094F0910000F6D9FF2CA094FF6D
:20330000C2BF7FF04B7FDF03C480910000F6D9FF14A091000026D9222CA0942FB4FF1D00A9
:20332000AB00910000F6D9FF14A094FFC21F532F20F0910000F6D9FF582010FF94F0DA9BEA
:203340003F0F8600910000F6D9FF14A094FF532F20F0910000F6D9FF582010FF94F0DA9E7F
:203360005F0F7600910000F6D9FF14A094FFC2EF532F20F0910000F6D9FF582010FF94F016
:20338000910000F6D9FF14A094FF532F20F0910000F6D9FF582010FF94FFA2F0BF40580093
:2033A000910000F6D9FF14A094FF532F20F0910000F6D9FF582010FF94F0910000F6D9FF0C
:2033C00014A094FFC22F532F20F0910000F6D9FF582010FF94FFA2F0FF303A00910000F628
:2033E000D9FF14A094FFC2EF532F20F0910000F6D9FF582010FF94F0DA917F0F290091004E
:2034000000F6D9FF14A094FFC2DF532F20F0910000F6D9FF582010FF94F0DA967F0F1800E4
:20342000910000F6D9FF0CA091000026D92214A0942FB4FF910000F6D9FF04A091000026EB
:20344000D92204A0942FC21FB4FF3C22910000F6D9FF14A094F0DA373FF003003C19910058
:2034600000F6D9FF14A091000026D92214A0942FC21FB4FF910000F6D9FF14A094F09100E5
:2034800000F6D9FF2CA094FFC25F7F0F4C7F910000F6D9FF1CA094FF370F68203C665322F2
:2034A00020F0910000F6D9FF582010FF94F0DA9E5F0F57009A22532F20F0910000F6D9FFA8
:2034C000582010FF94F0532220F0910000F6D9FF582010FF94F1A210BF004300532220F0B8
:2034E000910000F6D9FF582010FF94F09AE2532F20F0910000F6D9FF582010FF94F1A21037
:20350000BF002F009A32532F20F0910000F6D9FF582010FF94F0DA917F0F23009A42532F7B
:2035200020F0910000F6D9FF582010FF94F0DA997F0F1700910000F6D9FF04A094FFEE0372
:20354000DA013C02DA02910000F6D9FF04A0B4FF910000F6D9FF00A0B4F282143C0EDA2839
:203560003FF203803C0AC212910000F6D9FF1CA094FFC25F7F2F957FDF047C80910000F686
:20358000D9FF1CA094FF370F68203C6B532220F0910000F6D9FF582010FF94F0DA9E5F0FBA
:2035A00056009A22532F20F0910000F6D9FF582010FF94F0532220F0910000F6D9FF5820A1
:2035C00010FF94F1A210BF004200532220F0910000F6D9FF582010FF94F09AE2532F20F0A7
:2035E000910000F6D9FF582010FF94F1A210BF002E009A32532F20F0910000F6D9FF58208C
:2036000010FF94F0DA917F0F22009A42532F20F0910000F6D9FF582010FF94F0DA997F0F23
:203620001600910000F6D9FF04A094FFEE03DA013C02DA02910000F6D9FF04A0B4FF9100B1
:2036400000F6D9FF00A0B4F23C14910000F6D9FF309094FF3F2F03003C0CC2F23702682026
:20366000910000F6D9FF1CA094FFC2BF7FF2907F0090910000F6D9FF1CC0DA0074FF9100F2
:2036800000F6D9FF20C0DA0074FF910000F6D9FF2CC091000026D92228C0542F74FF9100C3
:2036A00000F6D9FF084014FF6E13DA006E08910000F6D9FF28C07B8024F474FF910000F6BC
:2036C000D9FF28C07B8024FC74FF1D001406910000F6D9FF307009FFC008EE77910000F6AA
:2036E000D9FF184014FF6E713BB003303C46910000F6D9FF1CC091000026D9221CC05420CB
:20370000534320F091000026D9228070102254216B01210074F0532320F0910000F6D9FFE4
:20372000486010FF532320F091000026D9225040102294208B001B00B4F0910000F6D9FF7B
:2037400020C0532320F091000026D9225040102294204B004101534320F091000026D922F6
:2037600080701022542191000026D92220C054226B10610274F0C2F3910000F6D9FF309094
:2037800094FF3F3FB67F910000F6D9FF24C091000026D92220C0542F91000026D9221CC0FD
:2037A00054204B0F51F074FF910000F6D9FF28C091000026D92224C0542F7B002A046B0013
:2037C00031FF74FF1D009705910000F6D9FF307009FFC008DF1F7880910000F6D9FF144015
:2037E00014FF6E713BB003303C46910000F6D9FF1CC091000026D9221CC05420534320F054
:2038000091000026D9228070102254216B01210074F0532320F0910000F6D9FF486010FFD2
:20382000532320F091000026D9225040102294208B001B00B4F0910000F6D9FF20C05323DB
:2038400020F091000026D9225040102294204B004101534320F091000026D9228070102229
:20386000542191000026D92220C054226B10610274F0C2F3910000F6D9FF309094FF3F3FA4
:20388000B67F910000F6D9FF24C091000026D92220C0542F91000026D9221CC054204B0F3F
:2038A00051F074FF910000F6D9FF28C091000026D92224C0542F7B002A046B0031FF74FF3D
:2038C0001D001905910000F6D9FF08B009FFC0086E6D3BB003303C46910000F6D9FF1CC010
:2038E00091000026D9221CC05420534320F091000026D9228070102254216B01210074F0E6
:20390000532320F0910000F6D9FF486010FF532320F091000026D9225040102294208B00D2
:203920001B00B4F0910000F6D9FF20C0532320F091000026D9225040102294204B0041014E
:20394000534320F091000026D92280701022542191000026D92220C054226B10610274F02E
:20396000C2F3DA1E3F3FBA7F910000F6D9FF24C091000026D92220C0542F91000026D922D9
:203980001CC054204B0F51F074FF910000F6D9FF28C091000026D92224C0542F7B002A04C0
:2039A0006B0031FF74FF1D00A604910000F6D9FF248009FFC0081E29910000F6D9FF0C901D
:2039C00009FFC008DF2F74803BB003303C46910000F6D9FF1CC091000026D9221CC0542038
:2039E000534320F091000026D922B0A0102254216B01210074F0532320F0910000F6D9FFA2
:203A0000486010FF532320F091000026D9225040102294208B001B00B4F0910000F6D9FF98
:203A200020C0532320F091000026D9225040102294204B004101534320F091000026D92213
:203A4000B0A01022542191000026D92220C054226B10610274F0C2F3910000F6D9FF309051
:203A600094FF8BFF00F03F3FB47F910000F6D9FF24C091000026D92220C0542F9100002679
:203A8000D9221CC054204B0F51F074FF910000F6D9FF28C091000026D92224C0542F7B00F2
:203AA0002A046B0031FF74FF1D002504910000F6D9FF248009FFC008DF5F6E803BB0033067
:203AC0003C46910000F6D9FF1CC091000026D9221CC05420534320F091000026D9228070DF
:203AE000102254216B01210074F0532320F0910000F6D9FF486010FF532320F09100002655
:203B0000D9225040102294208B001B00B4F0910000F6D9FF20C0532320F091000026D92273
:203B20005040102294204B004101534320F091000026D92280701022542191000026D922E1
:203B400020C054226B10610274F0C2F3DA143F3FBA7F910000F6D9FF24C091000026D9227E
:203B600020C0542F91000026D9221CC054204B0F51F074FF910000F6D9FF28C091000026D4
:203B8000D92224C0542F7B002A046B0031FF74FF1D00B103910000F6D9FF0C9009FFC00870
:203BA000DF5F6E803BB003303C46910000F6D9FF1CC091000026D9221CC05420534320F056
:203BC00091000026D9228070102254216B01210074F0532320F0910000F6D9FF486010FF0F
:203BE000532320F091000026D9225040102294208B001B00B4F0910000F6D9FF20C0532318
:203C000020F091000026D9225040102294204B004101534320F091000026D9228070102265
:203C2000542191000026D92220C054226B10610274F0C2F3DA143F3FBA7F910000F6D9FF0C
:203C400024C091000026D92220C0542F91000026D9221CC054204B0F51F074FF910000F6D4
:203C6000D9FF28C091000026D92224C0542F7B002A046B0031FF74FF1D003D03910000F6D0
:203C8000D9FF0C9009FFC008DF3F6E803BB003303C46910000F6D9FF1CC091000026D92247
:203CA0001CC05420534320F091000026D9228070102254216B01210074F0532320F09100BD
:203CC00000F6D9FF486010FF532320F091000026D9225040102294208B001B00B4F09100D6
:203CE00000F6D9FF20C0532320F091000026D9225040102294204B004101534320F09100A4
:203D00000026D92280701022542191000026D92220C054226B10610274F0C2F3DA193F3F7B
:203D2000BA7F910000F6D9FF24C091000026D92220C0542F91000026D9221CC054204B0F96
:203D400051F074FF910000F6D9FF28C091000026D92224C0542F7B002A046B0031FF74FF98
:203D60001D00C902910000F6D9FF248009FFC0081E49910000F6D9FF0C9009FFC008DF4F28
:203D8000B4803BB003303C46910000F6D9FF1CC091000026D9221CC05420534320F09100DB
:203DA0000026D922B0A0102254216B01210074F0532320F0910000F6D9FF486010FF5323E8
:203DC00020F091000026D9225040102294208B001B00B4F0910000F6D9FF20C0532320F09C
:203DE00091000026D9225040102294204B004101534320F091000026D922B0A010225421BF
:203E000091000026D92220C054226B10610274F0C2F3910000F6D9FF309094FF3F3FB67F3E
:203E2000910000F6D9FF24C091000026D92220C0542F91000026D9221CC054204B0F51F08D
:203E400074FF910000F6D9FF28C091000026D92224C0542F7B002A046B0031FF74FF910047
:203E600000F6D9FF248009FFC0086E1B910000F6D9FF28C054FF7B001F0C4B0F01F01606D0
:203E80008B0F20F2EE07910000F6D9FF28C054FF3C037B001FFC910000F6D9FF28C074FF58
:203EA000910000F6D9FF0C9009FFC0086E1B910000F6D9FF28C054FF7B801C044B0F01F0AE
:203EC00016038B0F20F2EE07910000F6D9FF28C054FF3C037B801CF4910000F6D9FF28C0FD
:203EE00074FF1D000802910000F6D9FF248009FFC0081E69910000F6D9FF0C9009FFC00803
:203F0000DF6F72803BB003303C46910000F6D9FF1CC091000026D9221CC05420534320F0DE
:203F200091000026D9228070102254216B01210074F0532320F0910000F6D9FF486010FFAB
:203F4000532320F091000026D9225040102294208B001B00B4F0910000F6D9FF20C05323B4
:203F600020F091000026D9225040102294204B004101534320F091000026D9228070102202
:203F8000542191000026D92220C054226B10610274F0C2F3910000F6D9FF309094FF3F3F7D
:203FA000B67F910000F6D9FF24C091000026D92220C0542F91000026D9221CC054204B0F18
:203FC00051F074FF910000F6D9FF28C091000026D92224C0542F7B002A046B0031FF74FF16
:203FE0001D008901910000F6D9FF248009FFC008DF3F6E803BB003303C46910000F6D9FF3C
:204000001CC091000026D9221CC05420534320F091000026D9228070102254216B01210046
:2040200074F0532320F0910000F6D9FF486010FF532320F091000026D922504010229420D2
:204040008B001B00B4F0910000F6D9FF20C0532320F091000026D9225040102294204B00DE
:204060004101534320F091000026D92280701022542191000026D92220C054226B10610229
:2040800074F0C2F3DA143F3FBA7F910000F6D9FF24C091000026D92220C0542F9100002653
:2040A000D9221CC054204B0F51F074FF910000F6D9FF28C091000026D92224C0542F7B00CC
:2040C0002A046B0031FF74FF1D001501910000F6D9FF7C5314FFDF0F8D808201910000F62B
:2040E000D9FF4C73088F3BD002003F0F0480DA2D3C06910000F6D9FF4C73088F910000F62E
:20410000D9FF4C732CF8370F68303C49910000F6D9FF1CC091000026D9221CC054205341B0
:2041200020F091000026D9223CE01022542F6B0F21F074FF532320F0910000F6D9FF486061
:2041400010FF532320F091000026D92250401022942F8B0F1BF0B4FF910000F6D9FF20C0FC
:20416000532320F091000026D92250401022942F4B0F4101534120F091000026D9223CE074
:204180001022542F91000026D92220C054226BF061F274FFC21137016810C213910000F662
:2041A000D9FF4C73088F8BAF00F03FF3B17F910000F6D9FF24C091000026D92220C0542FED
:2041C00091000026D9221CC054204B0F51F074FF910000F6D9FF28C091000026D92224C0F2
:2041E000542F7B002A046B0031FF74FF1D0083003BA003203C5953022AF0910000F6D9FF84
:20420000E47010FF532220F091000026D92250401022942F10FF14FFEE023C45910000F665
:20422000D9FF1CC091000026D9221CC05420534220F091000026D9228070102254216B016E
:20424000210074F0532220F0910000F6D9FF486010FF532220F091000026D9225040102245
:2042600094208B001B00B4F0910000F6D9FF20C0532220F091000026D92250401022942054
:204280004B004101534220F091000026D92280701022542F91000026D92220C054216BF033
:2042A00061F174FFC2F2910000F6D9FF309094FF3F2FA37F910000F6D9FF24C09100002649
:2042C000D92220C0542F91000026D9221CC054204B0F51F074FF910000F6D9FF28C0910098
:2042E0000026D92224C0542F7B002A046B0031FF74FF0090404C910000F6D9FF0050DA00DA
:2043000034FF910000F6D9FF2080DA00B4FF910000F6D9FF2840DA0034FF910000F6D9FFAB
:20432000184014FFDF0F1A81910000F6D9FF144014FFDF0F1381910000F6D9FF248009FF36
:20434000C008DF0F0B81910000F6D9FF0C9009FFC008DF0F03813BA003203C67532220F0B8
:20436000910000F6D9FF600010FF94F09AF2532F20F0910000F6D9FF600010FF94F1A210C8
:20438000BF005300532220F0910000F6D9FF600010FF94F09AE2532F20F0910000F6D9FFC7
:2043A000600010FF94F1A210BF003F00532220F0910000F6D9FF600010FF94F09AB2532FB4
:2043C00020F0910000F6D9FF600010FF94FFA2F0BF102B00532220F0910000F6D9FF60009C
:2043E00010FF94FFBF2F2100910000F6D9FF08C0532220F091000026D92260001022942F59
:20440000B4FF910000F6D9FF08C0A812910000F6D9FF0850DA0134FF910000F6D9FF0C5088
:20442000DA0134FF3C05C2F2DA147FF2997F3BA003203C689AF2532F20F0910000F6D9FFE3
:20444000582010FF94F0532220F0910000F6D9FF582010FF94F1A210BF0054009AE2532F9E
:2044600020F0910000F6D9FF582010FF94F0532220F0910000F6D9FF582010FF94F1A21020
:20448000BF0040009AB2532F20F0910000F6D9FF582010FF94F0532220F0910000F6D9FFF1
:2044A000582010FF94FFA2F0BF102C00532220F0910000F6D9FF582010FF94F0DA9D3F0FA1
:2044C0002100910000F6D9FF0CC0532220F091000026D92258201022942FB4FF910000F6B2
:2044E000D9FF0CC0A812910000F6D9FF0850DA0134FF910000F6D9FF0C50DA0134FF3C058F
:20450000C2F2DA147FF2987F910000F6D9FF085014FF5E1D910000F6D9FF0CC094FFEE0779
:20452000910000F6D9FF0CC0DA9EB4FF910000F6D9FF20A094F0DA283FF01000910000F6BA
:20454000D9FF24A094F0DA283FF00800910000F6D9FF0850DA0034FF910000F6D9FF085087
:2045600014FFDF1F4B85910000F6D9FF248009FFC008DF0F4385910000F6D9FF0C9009FFCE
:20458000C008DF0F3B85910000F6D9FF144014FFDF0F3485910000F6D9FF184014FFDF0F80
:2045A0002D85910000F6D9FF08C094FF910000F6D9FF600009F0B618A20F82707FF00900EE
:2045C000910000F6D9FF600009FFB618EE19910000F6D9FF582009FFB618910000F6D9FF33
:2045E0000CC094F0A20F82707FF00805910000F6D9FF582009F0B618DA9D3F0FFF04910055
:2046000000F6D9FF0050DA0034FF910000F6D9FF10C0DA00B4FF910000F6D9FF10C0DA00AA
:20462000ACF1910000F6D9FF2440DA0034FF910000F6D9FF2040DA0034FF910000F6D9FFE2
:204640002840DA0034FF910000F6D9FF2C40DA0034FF910000F6D9FF0CC0881F3BF0000010
:204660007FF0B300910000F6D9FF08C0881F3BF000007FF0AA00910000F6D9FF0CC0881F34
:20468000910000F6D9FF08C0881052046DFF50B9DA123F2F9A80910000F6D9FF0CC094FF5E
:2046A000910000F6D9FF08C094F0A20F370F50406DFF3EB9DA307F2F888091000046D944B1
:2046C000E42082043B0028506D006D4C910000F6D9FF08C094F13C6F3BB003003C6753003C
:2046E0002AF0910000F6D9FFE47010FF01F100F614FF6E5B9AF0530F2AF0910000F6D9FFB5
:20470000E47010FF01F100F614FFEE4F9AE0530F2AF0910000F6D9FFE47010FF01F100F65E
:2047200014FFEE43532120F0910000F6D9FFE42010FFB4F0910000F6D9FF10C0881F3FF096
:204740000F00DA503F1F0C00910000F6D9FF10C0A810910000F6D9FF10C0B4F1910000F674
:20476000D9FF10C0881F53212000910000F6D9FFE42001F000F694F07F0F1700DA503FF189
:204780001400910000F6D9FF10C0532120F091000026D922E4201022942FACF1910000F683
:2047A000D9FF10C0B4F13C04C2F0FF209A7FC21137015010910000F6D9FF0CC094FF7F1FBB
:2047C0008D7F1D00D501910000F6D9FF08C0881F3BF000003F0F9D00910000F6D9FF24A0D3
:2047E00094F0DA1E3FF09500910000F6D9FF284014FFDF0F8E80910000F6D9FF0CC0DA9E00
:20480000B4FF910000F6D9FF0CC0DA3BACF191000046D944E42082043B0028506D00C34B5C
:20482000910000F6D9FF08C094F13C6D3BB003003C6753002AF0910000F6D9FFE47010FF63
:2048400001F100F614FF6E5B9AF0530F2AF0910000F6D9FFE47010FF01F100F614FFEE4F94
:204860009AE0530F2AF0910000F6D9FFE47010FF01F100F614FFEE43532120F0910000F649
:20488000D9FFE42010FFB4F0910000F6D9FF10C0881F3FF00F00DA503F1F0C00910000F65A
:2048A000D9FF10C0A810910000F6D9FF10C0B4F1910000F6D9FF10C0881F532120009100C9
:2048C00000F6D9FFE42001F000F694F07F0F1700DA503FF11400910000F6D9FF10C05321E5
:2048E00020F091000026D922E4201022942FACF1910000F6D9FF10C0B4F13C04C2F0FF207B
:204900009A7FC211DA9E7F1F937F1D003101910000F6D9FF0CC0881F3BF000003F0F9C004D
:20492000910000F6D9FF20A094F0DA1E3FF09400910000F6D9FF284014FFDF0F8D809100B3
:2049400000F6D9FF08C0DA00B4FF910000F6D9FF08C0DA3BACF191000046D944E4208204DD
:204960003B0028506D001F4B910000F6D9FF0CC094F13C6D3BB003003C6753002AF09100C5
:2049800000F6D9FFE47010FF01F100F614FF6E5B9AF0530F2AF0910000F6D9FFE47010FF5A
:2049A00001F100F614FFEE4F9AE0530F2AF0910000F6D9FFE47010FF01F100F614FFEE43DB
:2049C000532120F0910000F6D9FFE42010FFB4F0910000F6D9FF10C0881F3FF00F00DA50FF
:2049E0003F1F0C00910000F6D9FF10C0A810910000F6D9FF10C0B4F1910000F6D9FF10C063
:204A0000881F53212000910000F6D9FFE42001F000F694F07F0F1700DA503FF114009100E9
:204A200000F6D9FF10C0532120F091000026D922E4201022942FACF1910000F6D9FF10C0DD
:204A4000B4F13C04C2F0FF209A7FC2F1FF11947F1D008E00910000F6D9FF284014FFDF0F3E
:204A6000810091000046D944E42082043B0028506D00994A3B8002103C70B9C04610C260CA
:204A8000370050003C6753002AF0910000F6D9FFE47010FF01F100F614FF6E5B9AF0530F0D
:204AA0002AF0910000F6D9FFE47010FF01F100F614FFEE4F9AE0530F2AF0910000F6D9FF8D
:204AC000E47010FF01F100F614FFEE43532120F0910000F6D9FFE42010FFB4F0910000F626
:204AE000D9FF10C0881F3FF00F00DA503F1F0C00910000F6D9FF10C0A810910000F6D9FF4F
:204B000010C0B4F1910000F6D9FF10C0881F53212000910000F6D9FFE42001F000F694F0E8
:204B20007F0F1700DA503FF11400910000F6D9FF10C0532120F091000026D922E4201022C7
:204B4000942FACF1910000F6D9FF10C0B4F13C04C2F0FF209A7FC211DA787F1F907F3C07E2
:204B6000910000F6D9FF0850DA0034FF910000F6D9FF3840DA0034FF910000F6D9FF3C40B2
:204B8000DA0034FF910000F6D9FF0C80DA00B4FF910000F6D9FF1080DA00B4FF910000F68D
:204BA000D9FF0CC0881F910000F6D9FF08C088103F0F0800910000F6D9FF0CC088123C068E
:204BC000910000F6D9FF08C088121D00C00053022AF0910000F6D9FFE47010FF910000264F
:204BE000D92208C0942091000026D92210C09421421082214B10010201F000F614FF6E400C
:204C00009AF2530F2AF0910000F6D9FFE47010FF91000026D92208C0942091000026D922EA
:204C200010C09421421082214B10010201F000F614FFEE269AE2530F2AF0910000F6D9FF37
:204C4000E47010FF91000026D92208C0942F91000026D92210C09420420F82204B0F01022E
:204C600001F000F614FFEE0C910000F6D9FF3840DA0134FF910000F6D9FF00C0A81253022D
:204C80002AF0910000F6D9FFE47010FF91000026D9220CC0942F91000026D92210C09420C1
:204CA000420F82204B0F010201F000F614FF6E409AF2530F2AF0910000F6D9FFE47010FF32
:204CC00091000026D9220CC0942F91000026D92210C09420420F82204B0F010201F000F626
:204CE00014FFEE269AE2530F2AF0910000F6D9FFE47010FF91000026D9220CC0942F910001
:204D00000026D92210C09420420F82204B0F010201F000F614FFEE0C910000F6D9FF3C40CF
:204D2000DA0134FF910000F6D9FF04C0A812910000F6D9FF3C4014FF5E18910000F6D9FFC5
:204D4000384014FF5E123C04C2F2FF32427F910000F6D9FF1880DA00B4FF910000F6D9FF8F
:204D60001480DA00B4FF910000F6D9FF3C4014FFDF1F6880910000F6D9FF384014FFDF1F56
:204D80006180910000F6D9FF0CC094FF910000F6D9FF10C094F0420F82204B0F01023C1F16
:204DA000910000F6D9FF04C0881F530F2AF0910000F6D9FFE47010FF01F000F614FF6E0D76
:204DC000910000F6D9FF188091000026D9221880942FC21FB4FF3C023C05C210DA9E3FF043
:204DE000E17F910000F6D9FF08C094FF910000F6D9FF10C094F0420F82204B0F01023C1F3B
:204E0000910000F6D9FF00C0881F530F2AF0910000F6D9FFE47010FF01F000F614FF6E0D19
:204E2000910000F6D9FF148091000026D9221480942FC21FB4FF3C023C04C2F0FF10E27F42
:204E40003BE001403BB00050910000F6D9FF188094F66DFFD6A63B2003403B800050910018
:204E600000F6D9FF148094F66DFFCBA6910000F6D9FF085014FFDF0FC100910000F6D9FF91
:204E800010C0881F3BA000003F0FB800910000F6D9FF10C0881F910000F6D9FF08C0881025
:204EA0007F0FAC00910000F6D9FF148094F0DA0A3FF0A400910000F6D9FF188094F0DA0A2B
:204EC0003FF09C00910000F6D9FF10C0881F910000F6D9FF0CC088107F0F9000910000F6C9
:204EE000D9FF148094F4910000F6D9FF188094FFA2F46DFF1DB5DA263F2F8080910000F66B
:204F0000D9FF148094F0910000F6D9FF188094FF42F0DA5F7FF00B00910000F6D9FF1C8037
:204F200009FFC008EE03DA016E68910000F6D9FF10C094FF532F20F0910000F6D9FFE42048
:204F400010FF94F0910000F6D9FF10C094FFC25F532F20F0910000F6D9FFE42010FF94FF44
:204F60003FF04C00910000F6D9FF10C094FF532F20F0910000F6D9FFE42010FF94F09100DB
:204F800000F6D9FF10C094FFC2BF532F20F0910000F6D9FFE42010FF94FF3FF02F009100D9
:204FA00000F6D9FF10C094FFC25F532F20F0910000F6D9FFE42010FF94FF6E1F910000F6F4
:204FC000D9FF10C094FFC2BF532F20F0910000F6D9FFE42010FF94FF6E10910000F6D9FFA1
:204FE00010C0881F3B8002003FF00800910000F6D9FF0450DA0134FF910000F6D9FF0450D2
:2050000014FF6E29B9C04410DA283F0F2580910000F6D9FF1440DA0234FF910000F6D9FF03
:205020001840DA0234FF3BA0424082156D00A74F910000F6D9FF3040DA0234FF910000F64D
:20504000D9FF0450DA0034FF910000F6D9FF0850DA0034FF910000F6D9FF144014FFDF2F7F
:20506000D380910000F6D9FF347009FFC008DF1FCB803BA003201D00C400532220F09100CC
:2050800000F6D9FF582010FF94F09AF2532F20F0910000F6D9FF582010FF94F1A210BF102D
:2050A000AF00532220F0910000F6D9FF582010FF94F08BC21E10532120F0910000F6D9FFF4
:2050C000582010FF94F1A210BF109A00532220F0910000F6D9FF582010FF94F0DA9D3F0FF5
:2050E0008F008B621FF0532F20F0910000F6D9FF582010FF94F0DA9D3F0F82008B821DF0C8
:20510000532F20F0910000F6D9FF582010FF94F0DA9D3F0F75008B221EF0532F20F091007B
:2051200000F6D9FF582010FF94F0DA9D3F0F68008BC21EF0532F20F0910000F6D9FF5820A5
:2051400010FF94F0DA9D3F0F5B00910000F6D9FF1440DA0034FF3BA0424082056D000F4F2D
:20516000910000F6D9FF1840DA0034FF910000F6D9FF1C8009FFC0086E07910000F6D9FFCC
:205180001C80DA00B4FF910000F6D9FF1C4014FFEE0E910000F6D9FF1C80DA00C21FB4FFB3
:2051A000910000F6D9FF1C40DA0134FF910000F6D9FF1C6014FFEE08910000F6D9FF1C6067
:2051C000DA0234FF3C0D910000F6D9FF1C6014FF5E27910000F6D9FF1C60DA0034FF91008B
:2051E00000F6D9FF1C8009FFC008BF4F0880910000F6D9FF3440DA0134FF3C05C2F2DA3AF5
:205200007FF23D7F910000F6D9FF184014FFDF2FCF80910000F6D9FF347009FFC008DF0F79
:20522000C7803BA003201D00C0009AF2532F20F0910000F6D9FF600010FF94F0532220F057
:20524000910000F6D9FF600010FF94F1A210BF10AB008BC21E00532020F0910000F6D9FF82
:20526000600010FF94F0532220F0910000F6D9FF600010FF94F1A210BF1096008B821D0022
:20528000532020F0910000F6D9FF600010FF94F0DF008A008B221EF0532F20F0910000F6FC
:2052A000D9FF600010FF94FF6E7E8BC21EF0532F20F0910000F6D9FF600010FF94FF6E73F9
:2052C0008B621FF0532F20F0910000F6D9FF600010FF94FF6E68532220F0910000F6D9FF25
:2052E000600010FF94FF6E5F910000F6D9FF1840DA0034FF910000F6D9FF1440DA0034FF5B
:20530000910000F6D9FF1C6014FFEE08910000F6D9FF1C60DA0334FF3C0D910000F6D9FF16
:205320001C6014FF5E37910000F6D9FF1C60DA0034FF910000F6D9FF1C8009FFC0086E0721
:20534000910000F6D9FF1C80DA00B4FF3BA0424082056D00144E910000F6D9FF1C4014FF44
:20536000EE13910000F6D9FF1C8091000026D9221C80092FC008C21FB4FF910000F6D9FFF0
:205380001C40DA0134FF910000F6D9FF1C8009FFC008BF4F0880910000F6D9FF3440DA0194
:2053A00034FF3C05C2F2DA397FF2417F0090910000F6D9FF406391000026D922BCA3B92FF6
:2053C00032E0B4FF910000F6D9FF446391000026D922BCA3B92F3AE0B4FF910000F6D9FFDD
:2053E000486391000026D922BCA3B92F04F0B4FF910000F6D9FF4C6391000026D922BCA343
:20540000B92F4830B4FF910000F6D9FF506391000026D922BCA3B92F5230B4FF910000F6B2
:20542000D9FF546391000026D922BCA3B92F5A30B4FF82288229820A820B820C820D91008B
:2054400000F6D9FF14908200B4F0910000F6D9FF18908200B4F0910000F6D9FF0490DA00BA
:20546000B4FF910000F6D9FF0890DA00B4FF910000F6D9FF1050DA0034FF910000F6D9FFCA
:205480001450DA0034FF910000F6D9FF084014FFDF0F7081910000F6D9FF248009FFC0082F
:2054A000DF0F6881910000F6D9FF0C9009FFC008DF0F6081DA00DF0F5D81910000F6D9FF76
:2054C00008B009FFC008DF0F5581910000F6D9FF247014FFDF0F4E81910000F6D9FF14C08A
:2054E0006DFFA2B874F2910000F6D9FF582009FFAE18910000F6D9FF582009F0A4187FF0E0
:20550000FD00910000F6D9FF582009FF9A18910000F6D9FF582009F090187FF0EF00910096
:2055200000F6D9FF582009FF8618910000F6D9FF582009F0BC087FF0E100910000F6D9FF3C
:20554000582009FFB208910000F6D9FF582009F0A8087FF0D300910000F6D9FF582088F000
:20556000910000F6D9FF582088AF7F0FC700910000F6D9FF582009F0AE18DA503FF0BE001B
:20558000910000F6D9FF582009F0A418DA503FF0B500910000F6D9FF582009F09A18DA50C5
:2055A0003FF0AC00910000F6D9FF582009F09018DA503FF0A300910000F6D9FF582009F0CC
:2055C0008618DA503FF09A00910000F6D9FF582009F0BC08DA503FF09100910000F6D9FF5D
:2055E000582009F0B208DA503FF08800910000F6D9FF582009F0A808DA503FF07F009100B6
:2056000000F6D9FF582088F0DA503FF07700910000F6D9FF582088A0DA503FF06F009100A4
:2056200000F6D9FF309094FFFF2F6800910000F6D9FF24A094FFEE613BB003103C2E5321D2
:2056400020F0910000F6D9FF600010FF94F0FF402400532120F0910000F6D9FF582010FF1B
:2056600094F0DA9EBE099AF1532F20F0910000F6D9FF582010FF94F0DA9E3E0E9AE1532F1F
:2056800020F0910000F6D9FF582010FF94F0DA9E3E0302193C05C2F1DA323F1FD2FF8BF909
:2056A0001F003C29532020F0910000F6D9FF600010FF94FFFF4F1900532020F0910000F611
:2056C000D9FF582010FF94F1DA9E3E1E910000F6D9FF149091000026D9221490092FC008B9
:2056E000C21FB4FF3C07910000F6D9FF086034F03C04C2F0FF10D87F910000F6D9FF14908D
:2057000009F0C008DA203F0F2F80910000F6D9FF149009F0C008DA123FF02680910000F6C5
:20572000D9FF086014FF532F20F0910000F6D9FF600010FF94FF6E17910000F6D9FF0860D7
:2057400014FFC2DF532F20F0910000F6D9FF600010FF94FF6E08910000F6D9FF2480DA024D
:20576000B4FF3C07910000F6D9FF2480DA00B4FF910000F6D9FF248009FFC008DF1F9280C0
:20578000910000F6D9FF14C054FFBF2F8B003B7003103C4553012AF0910000F6D9FFE470AA
:2057A00010FF084FEE39532120F0910000F6D9FF582010FF94F0DA9E5F0F2F009AF1532F4C
:2057C00020F0910000F6D9FF582010FF94F0DA9E5F0F23009AE1532F20F0910000F6D9FFDA
:2057E000582010FF94F0DA9EBE079AF1530F2AF0910000F6D9FFE47010FF084FEE0D9AE1CB
:20580000530F2AF0910000F6D9FFE47010FF084FEE0302193C073B700390C2F1DA233F1F58
:20582000BBFFC2F93C1E53092AF0910000F6D9FFE47010FF084FEE0E910000F6D9FF14900B
:2058400091000026D9221490092FC008C21FB4FF3C073C0F910000F6D9FF086034F9C2F921
:20586000910000F6D9FF309094FFC2FF3F9FDD7F910000F6D9FF149009F0C008DA263F0F69
:205880001180910000F6D9FF149009F0C008DA143FF00880910000F6D9FF2480DA02B4FF7C
:2058A000910000F6D9FF248009FFC008DF2FFD80910000F6D9FF406309FFC008FFBF188062
:2058C000910000F6D9FF446309FFC008FFBF1080910000F6D9FF486309FFC008FFBF088084
:2058E000910000F6D9FF1050DA0134FF910000F6D9FF406309F0C008DA1E3FF020809100C0
:2059000000F6D9FF446309F0C008DA1E3FF01780910000F6D9FF486309F0C008DA1E3FF0A1
:205920000E80910000F6D9FF105014FF6E07910000F6D9FF2480DA03B4FF910000F6D9FFA0
:20594000248009FFC008DF3FB000910000F6D9FF105014FFDF0FA9003B9003201D00900001
:20596000532220F0910000F6D9FF600010FF94F09A12532F20F0910000F6D9FF600010FF44
:2059800094F1A210BF400E00910000F6D9FF049091000026D92204909420C210B4F03C2004
:2059A000532220F0910000F6D9FF600010FF94F09A12532F20F0910000F6D9FF600010FF04
:2059C00094FFA2F0BF300D00910000F6D9FF089091000026D9220890942FC21FB4FF9A1262
:2059E000532F20F0910000F6D9FF600010FF94FF6E43532220F0910000F6D9FF600010FFB0
:205A000094FF6E3A9AF2532F20F0910000F6D9FF600010FF94FF6E30532220F0910000F622
:205A2000D9FF600010FF94F09AF2532F20F0910000F6D9FF600010FF94FFA2F0BF201D008E
:205A4000910000F6D9FFE47039FF6532EE15910000F6D9FFE47039FF25E2EE0E910000F64C
:205A6000D9FFE47039FF0572EE07910000F6D9FF0090B4F23C0BC2F237026820910000F67E
:205A8000D9FF309094FF3F2F6D7F910000F6D9FF009094F0DA1C3FF00800910000F6D9FF82
:205AA0002480DA03B4FF910000F6D9FF248009FFC008DF3F8080910000F6D9FF2C5014FFD3
:205AC000EE2B910000F6D9FF582009F0A808DA9D3FF02300910000F6D9FF582009F0AA08E2
:205AE000DA9D3FF01A00910000F6D9FF582009F0AC08DA9D3FF01100910000F6D9FF5820D4
:205B000009F0AE08DA9D3FF00800910000F6D9FF2C50DA0134FF910000F6D9FF2C5014FF51
:205B20006E49910000F6D9FF582009F09018DA9E5F0F4100910000F6D9FF582009F0921895
:205B4000DA9E5F0F3800910000F6D9FF582009F09A18DA9E5F0F2F00910000F6D9FF5820B9
:205B600009F0A418DA9E5F0F2600910000F6D9FF582009F0AA18DA9EBE0D910000F6D9FF30
:205B8000582009F0AC18DA9EBE05910000F6D9FF309094F0DA103FF00E00910000F6D9FF6C
:205BA0002480DA04B4FF910000F6D9FF2C50DA0034FF910000F6D9FF248009FFC008DE34E3
:205BC000910000F6D9FF58A3487F7B001F044B0F01F016068B0F20F26E07910000F6D9FF1F
:205BE0002480DA04B4FF910000F6D9FF2C80DA00B4FF910000F6D9FF3080DA00B4FF9100AB
:205C000000F6D9FF248009FFC008DF4FD480910000F6D9FF205014F0DA963FF0CC803BB017
:205C200003203C41532220F0910000F6D9FF582010FF94F09AF2532F20F0910000F6D9FF58
:205C4000582010FF94F1A210BF300E00910000F6D9FF308091000026D92230809420C21092
:205C6000B4F03C209AF2532F20F0910000F6D9FF582010FF94F0532220F0910000F6D9FFB8
:205C8000582010FF94FFA2F0BF300D00910000F6D9FF2C8091000026D9222C80942FC21F4F
:205CA000B4FFC2F2910000F6D9FF309094FF3F2FBB7F910000F6D9FF2C8094FFBF6F08004F
:205CC000910000F6D9FF3C50DA0134FF910000F6D9FFE47039FF5C326E15910000F6D9FF70
:205CE000E47039FF7C026E0E910000F6D9FFE47039FF1CE26E07910000F6D9FF3050DA0106
:205D000034FF910000F6D9FF305014FF6E533BB003003C1D53002AF0910000F6D9FFE47036
:205D200010FF09FF5E28EE129AF0530F2AF0910000F6D9FFE47010FF09FF5E28EE079100EA
:205D400000F6D9FF2880B4F03C05C2F0DA233F0FE37F910000F6D9FF288094F0DA3B3F0F9B
:205D60001700910000F6D9FF288094F0DA233FF00F00910000F6D9FF58A3487F7B2038044E
:205D80004B0F01F016068B0F20F2EE0E910000F6D9FF58A3487F7B1039044B0F01F01606A4
:205DA0008B0F20F26E07910000F6D9FF2480DA05B4FF910000F6D9FF248009FFC008DF5F1C
:205DC0008180910000F6D9FF3850DA0034FF910000F6D9FF3880DA00B4FF910000F6D9FFCB
:205DE0003480DA00B4FF3BB003203C50532220F0910000F6D9FF582010FF94F0DA9D3FF033
:205E00000800910000F6D9FF3850821034F0532220F0910000F6D9FF600010FF94F09AF27A
:205E2000532F20F0910000F6D9FF600010FF94F1A210CE0D910000F6D9FF38809100002622
:205E4000D9223880942FC21FB4FF3C1F532220F0910000F6D9FF600010FF94F09AF2532FF8
:205E600020F0910000F6D9FF600010FF94FFA2F08E0C910000F6D9FF348091000026D922C0
:205E80003480942FC21FB4FFC2F2DA1C3F2FB07F910000F6D9FF385014FFEE13910000F62E
:205EA000D9FF348094FFFF2F0D00910000F6D9FF2480DA06B4FF3BA0424082156D005F48EA
:205EC000910000F6D9FF248009FFC008DF6F918082013BB003203C4E532220F0910000F669
:205EE000D9FF600010FF94F0FF401200532220F0910000F6D9FF582010FF94F0DA9E3E07DA
:205F0000DA1E7F2F0580C21137016810DF0B1680532220F0910000F6D9FF600010FF94FF6D
:205F20006E0C532220F0910000F6D9FF582010FF94F0DA9E3E02022BDF0B1A00532220F08A
:205F4000910000F6D9FF600010FF94FF6E0F532220F0910000F6D9FF582010FF94F0DA9EFC
:205F60003E05C21A370A68A03C023C0BC2F237026820910000F6D9FF309094FF3F2FAE7F72
:205F8000DA3B3FFA1080DA373FFB0D80FF410B80910000F6D9FF1C9094FF3B00EE023FF088
:205FA0000B00910000F6D9FF1C9094FF3BC04B037FF01F00910000F6D9FF2480DA00B4FFD1
:205FC0003BA0424082056D00DA47910000F6D9FF3C50DA0034FF910000F6D9FF3050DA009E
:205FE00034FF910000F6D9FF1050DA0034FF910000F6D9FF084014FFDF0F5A81910000F698
:20600000D9FF0C9009FFC008DF0F5281DA00DF0F4F81910000F6D9FF247014FFDF0F488126
:20602000910000F6D9FF600009FFAE18910000F6D9FF600009F0A4187F0FFA00910000F650
:20604000D9FF600009FF9A18910000F6D9FF600009F090187F0FEC00910000F6D9FF6000B5
:2060600009FF8618910000F6D9FF600009F0BC087F0FDE00910000F6D9FF600009FFB20811
:20608000910000F6D9FF600009F0A8087F0FD000910000F6D9FF600088F0910000F6D9FFA4
:2060A000600088AF7FF0C400910000F6D9FF600009F0AE18DA503F0FBB00910000F6D9FF06
:2060C000600009F0A418DA503F0FB200910000F6D9FF600009F09A18DA503F0FA900910065
:2060E00000F6D9FF600009F09018DA503F0FA000910000F6D9FF600009F08618DA503F0FEB
:206100009700910000F6D9FF600009F0BC08DA503F0F8E00910000F6D9FF600009F0B208F4
:20612000DA503F0F8500910000F6D9FF600009F0A808DA503F0F7C00910000F6D9FF600047
:2061400088F0DA503F0F7400910000F6D9FF600088A0DA503F0F6C00910000F6D9FF3090F1
:2061600094FFFF2F6500910000F6D9FF20A094FFEE5E3BB003003C2C532020F0910000F69B
:20618000D9FF600010FF94FF6E22532020F0910000F6D9FF582010FF94F1DA9B3FF11800EA
:2061A0009AF0532F20F0910000F6D9FF600010FF94FF6E0D9AE0532F20F0910000F6D9FF7C
:2061C000600010FF94FF6E0302083C05C2F0DA323F0FD4FF02803C29532020F0910000F631
:2061E000D9FF600010FF94FF6E19532020F0910000F6D9FF582010FF94F1DA9B3FF10F009C
:20620000910000F6D9FF189091000026D9221890092FC008C21FB4FF3C07910000F6D9FFE7
:206220000C6034F03C04C2F0FF10D87F910000F6D9FF189009F0C008DA143FF0338091004D
:2062400000F6D9FF189009F0C008DA233F0F2A80910000F6D9FF0C6014FF532F20F0910011
:2062600000F6D9FF582010FF94F0DA9B3F0F1A00910000F6D9FF0C6014FFC2DF532F20F057
:20628000910000F6D9FF582010FF94F0DA9B3F0F0900910000F6D9FF0C90DA02B4FF3C07FB
:2062A000910000F6D9FF0C90DA00B4FF910000F6D9FF0C9009FFC008DF1F8F80910000F6F7
:2062C000D9FF345014FFBF2F88803B7003003C4153002AF0910000F6D9FFE47010FF09FFF7
:2062E0005B28EE36532020F0910000F6D9FF600010FF94FF6E2D9AF0532F20F0910000F6D5
:20630000D9FF600010FF94FF6E239AE0532F20F0910000F6D9FF600010FF94FF6E199AF094
:20632000530F2AF0910000F6D9FFE47010FF09FF5B28EE0E9AE0530F2AF0910000F6D9FF43
:20634000E47010FF09FF5B28EE0302083C05C2F0DA233F0FBFFFC2F83C1F53082AF091003D
:2063600000F6D9FFE47010FF09FF5B28EE0E910000F6D9FF189091000026D9221890092FCC
:20638000C008C21FB4FF3C073C0F910000F6D9FF0C6034F8C2F8910000F6D9FF309094FFB0
:2063A000C2FF3F8FDC7F910000F6D9FF189009F0C008DA263F0F1180910000F6D9FF189045
:2063C00009F0C008DA143FF00880910000F6D9FF0C90DA02B4FF910000F6D9FF0C9009FFCA
:2063E000C008DF2F0481910000F6D9FF4C6309FFC008FFDF1880910000F6D9FF506309FFD4
:20640000C008FFDF1080910000F6D9FF546309FFC008FFDF0880910000F6D9FF1450DA015C
:2064200034FF910000F6D9FF4C6309F0C008DA1E3FF02080910000F6D9FF506309F0C008C0
:20644000DA1E3FF01780910000F6D9FF546309F0C008DA1E3FF00E80910000F6D9FF14502F
:2064600014FF6E07910000F6D9FF0C90DA03B4FF910000F6D9FF0C9009FFC008DF3FB70069
:20648000910000F6D9FF145014FFDF0FB0003B9003201D0097009A12532F20F0910000F621
:2064A000D9FF582010FF94F0532220F0910000F6D9FF582010FF94F1A210BF400E009100B9
:2064C00000F6D9FF049091000026D92204909420C210B4F03C209A12532F20F0910000F6C9
:2064E000D9FF582010FF94F0532220F0910000F6D9FF582010FF94F1A210BF300D0091008A
:2065000000F6D9FF089091000026D9220890942FC21FB4FF9A12532F20F0910000F6D9FFD7
:20652000582010FF94F0DA9D7FF04B00532220F0910000F6D9FF582010FF94F0DA9D7FF04A
:2065400040009AF2532F20F0910000F6D9FF582010FF94F0DA9D7FF03400532220F0910043
:2065600000F6D9FF582010FF94F09AF2532F20F0910000F6D9FF582010FF94FFA2F0FFE03A
:206580002000910000F6D9FFE47039FF5732FF3F1880910000F6D9FFE47039FF17E2FF3F6F
:2065A0001080910000F6D9FFE47039FF1792FF3F0880910000F6D9FF0090B4F23C09C2F263
:2065C000910000F6D9FF309094FF3F2F667F910000F6D9FF009094F0DA1C3FF00800910085
:2065E00000F6D9FF0C90DA03B4FF910000F6D9FF0C9009FFC008DF3F8180910000F6D9FF58
:20660000046014FFEE23910000F6D9FF600009FFA808EE1C910000F6D9FF600009FFAA08F8
:20662000EE15910000F6D9FF600009FFAC08EE0E910000F6D9FF600009FFAE08EE079100DD
:2066400000F6D9FF0460DA0134FF910000F6D9FF046014FF6E52910000F6D9FF600009FF9D
:20666000A018BF4F3200910000F6D9FF600009FFA418BF4F2A00910000F6D9FF600009FFA0
:20668000A618BF4F2200910000F6D9FF600009FFAA18BF4F1A00910000F6D9FF600009FF94
:2066A000AC18BF4F1200910000F6D9FF600009FFB018BF4F0A00910000F6D9FF309094F0AC
:2066C000DA0F7FF00A00910000F6D9FF309094F0DA183FF013003BA0424082056D004F449D
:2066E000910000F6D9FF0C90DA04B4FF910000F6D9FF0460DA0034FF910000F6D9FF0C9043
:2067000009FFC008DE34910000F6D9FF58A3487F7B001F0C4B0F01F016038B0F20F26E074B
:20672000910000F6D9FF0C90DA04B4FF910000F6D9FF3880DA00B4FF910000F6D9FF348016
:20674000DA00B4FF910000F6D9FF0C9009FFC008DF4FC680910000F6D9FF109009F0C008AD
:20676000DA963FF0BD803BB003203C41532220F0910000F6D9FF600010FF94F09AF2532FCD
:2067800020F0910000F6D9FF600010FF94F1A210FF300E00910000F6D9FF388091000026D9
:2067A000D92238809420C210B4F03C20532220F0910000F6D9FF600010FF94F09AF2532FBB
:2067C00020F0910000F6D9FF600010FF94F1A210BF200D00910000F6D9FF348091000026EE
:2067E000D9223480942FC21FB4FFC2F2910000F6D9FF309094FF3F2FBB7F910000F6D9FF26
:20680000348094FFBF4F0800910000F6D9FF1C50DA0134FF910000F6D9FF600009FFB618AD
:20682000EE5E910000F6D9FF600009FFB418EE57910000F6D9FF600009FFB218EE503BB07A
:2068400003003C1B53002AF0910000F6D9FFE47010FF14FFEE119AF0530F2AF0910000F610
:20686000D9FFE47010FF14FFEE07910000F6D9FF3C80B4F03C04C2F0FF10E67F910000F629
:20688000D9FF3C8094F0DA3B7FF01700910000F6D9FF3C8094F0DA233FF00F00910000F6E4
:2068A000D9FF58A3487F7B70380C4B0F01F016038B0F20F2EE0E910000F6D9FF58A3487FE2
:2068C0007B60390C4B0F01F016038B0F20F26E07910000F6D9FF0C90DA05B4FF910000F6FF
:2068E000D9FF0C9009FFC008DF5F8080910000F6D9FF3850DA0034FF910000F6D9FF38800B
:20690000DA00B4FF910000F6D9FF3480DA00B4FF3BB003203C4F532220F0910000F6D9FFCD
:20692000600010FF94F0FF400800910000F6D9FF3850821034F0532220F0910000F6D9FF9C
:20694000582010FF94F09AF2532F20F0910000F6D9FF582010FF94F1A2108E0D910000F6CF
:20696000D9FF308091000026D92230809420C210B4F03C1F532220F0910000F6D9FF58204C
:2069800010FF94F09AF2532F20F0910000F6D9FF582010FF94FFA2F0CE0C910000F6D9FF02
:2069A0002C8091000026D9222C80942FC21FB4FFC2F2DA1C3F2FB17F910000F6D9FF385047
:2069C00014FFEE13910000F6D9FF2C8094FFFF2F0D00910000F6D9FF0C90DA06B4FF3BA061
:2069E000424082156D00CB42910000F6D9FF0C9009FFC008DF6F8C8082003BB003203C4EC5
:206A0000532220F0910000F6D9FF600010FF94FF6E12532220F0910000F6D9FF582010FFA5
:206A200094F1DA9B3FF10800DA1E7F2F0580C21037006800DF0D1680532220F0910000F6FA
:206A4000D9FF600010FF94FF6E0C532220F0910000F6D9FF582010FF94F1DA9E3E12022DFB
:206A6000DF0D1A00532220F0910000F6D9FF600010FF94FF6E0F532220F0910000F6D9FFC9
:206A8000582010FF94F1DA9E3E15C21C370C68C03C023C0CC2F237026820910000F6D9FF7C
:206AA000309094FFC21F3F2FAD7FDA3B3FFC1080DA373FFD0D80FF400B80910000F6D9FF25
:206AC0001C9094FF3B00EE023FF00B00910000F6D9FF1C9094FF3B408A037FF019003BA009
:206AE000424082056D004B42910000F6D9FF1C50DA0034FF910000F6D9FF0C90DA00B4FF33
:206B0000910000F6D9FF1450DA0034FF009020083B302C406D00DB41DF024580910000F660
:206B2000D9FF343091000026D9223430092F0008C21F34FF910000F6D9FF343009F00008EB
:206B4000DA107F0F2700910000F6D9FF3430DA0034FF910000F6D9FF303009F00008DA101C
:206B60003FF00900910000F6D9FF3030DA1034FF3C0D910000F6D9FF303091000026D92247
:206B80003030092F0008C21F34FF82046DFFBF958204BB00105E9B555F506D00604F1D0074
:206BA000AE003B202C406D009241DF024180910000F6D9FF343091000026D9223430092F6D
:206BC0000008C2FF34FF910000F6D9FF343009FF0008FF0F2C00910000F6D9FF3430DA10FF
:206BE00034FF910000F6D9FF303009FF00084EF8910000F6D9FF3030DA0034FF3C0D9100A7
:206C000000F6D9FF303091000026D9223030092F0008C2FF34FF82046DFF79958204BB00BF
:206C2000105E9B555F506D001A4F3C683B002C406D004D41DF021680910000F6D9FF004015
:206C400014FFEE0F910000F6D9FF0440DA0034FF8204BB00105E9B555F506D00004F3C4EE0
:206C60003B102C406D003341DF021680910000F6D9FF004014FFEE0F910000F6D9FF0440B3
:206C8000DA0134FF8204BB00105E9B555F506D00E64E3C343B002C406D001941DF021680A2
:206CA000910000F6D9FF004014FF6E0F910000F6D9FF18B0DA0174FF8204BB00105E9B5591
:206CC0005F506D00CC4E3C1A3B102C406D00FF40DF021580910000F6D9FF004014FF6E0E21
:206CE000910000F6D9FF18B082FF74FF8204BB00105E9B555F506D00B24E910000F6D9FF5F
:206D0000303009FF0008DF0FFC82910000F6D9FF004014FFDF0FF582910000F6D9FF3430BD
:206D200009FF0008EE50910000F6D9FF0440DA0234FF3B200340820591000048D944AC721A
:206D4000BB00806F3BF001706DFFD4983B200340823591000048D944AC526DFFAA973B20C4
:206D60000340826591000048D94480826DFFA1973B2003403B90005091000048D9449E629E
:206D80006DFF97973B2003403BC0005091000048D944B6426DFF8D973B2003403BF00050D9
:206DA00091000048D9448B726DFF83973B2003403B20015091000048D94480526DFF7997CC
:206DC0001D009F02910000F6D9FF343009FF0008DF1F66803B200340820591000048D94423
:206DE000AC726DFF66973B200340823591000048D944AC52BB00806F3BF001706DFF7A98FF
:206E00003B200340826591000048D94480826DFF50973B2003403B90005091000048D944F3
:206E20009E626DFF46973B2003403BC0005091000048D944B6426DFF3C973B2003403BF02A
:206E4000005091000048D9448B726DFF32973B2003403B20015091000048D94480526DFF3C
:206E60002897910000F6D9FF044014FFEE16910000F6D9FF0040DA0134FF82046DFF47941F
:206E8000910000F6D9FF3430DA0034FF910000F6D9FF18B0DA0074FF1D003302910000F6D5
:206EA000D9FF343009FF0008DF2F66803B200340820591000048D944AC726DFFFA963B2002
:206EC0000340823591000048D944AC526DFFF1963B200340826591000048D9448082BB0099
:206EE000806F3BF001706DFF05983B2003403B90005091000048D9449E626DFFDA963B2018
:206F000003403BC0005091000048D944B6426DFFD0963B2003403BF0005091000048D94414
:206F20008B726DFFC6963B2003403B20015091000048D94480526DFFBC96910000F6D9FF5D
:206F4000044014FFEE16910000F6D9FF0040DA0234FF82046DFFDB93910000F6D9FF343005
:206F6000DA0034FF910000F6D9FF18B0DA0074FF1D00C701910000F6D9FF343009FF0008D8
:206F8000DF3F66803B200340820591000048D944AC726DFF8E963B200340823591000048F6
:206FA000D944AC526DFF85963B200340826591000048D94480826DFF7C963B2003403B90CB
:206FC000005091000048D9449E62BB00806F3BF001706DFF8F973B2003403BC00050910019
:206FE0000048D944B6426DFF64963B2003403BF0005091000048D9448B726DFF5A963B200B
:2070000003403B20015091000048D94480526DFF5096910000F6D9FF044014FFEE1691001C
:2070200000F6D9FF0040DA0334FF82046DFF6F93910000F6D9FF3430DA0034FF910000F6E7
:20704000D9FF18B0DA0074FF1D005B01910000F6D9FF343009FF0008DF4F66803B20034045
:20706000820591000048D944AC726DFF22963B200340823591000048D944AC526DFF1996ED
:207080003B200340826591000048D94480826DFF10963B2003403B90005091000048D944B2
:2070A0009E626DFF06963B2003403BC0005091000048D944B642BB00806F3BF001706DFF3F
:2070C00019973B2003403BF0005091000048D9448B726DFFEE953B2003403B20015091002A
:2070E0000048D94480526DFFE495910000F6D9FF044014FFEE16910000F6D9FF0040DA043D
:2071000034FF82046DFF0393910000F6D9FF3430DA0034FF910000F6D9FF18B0DA0074FF70
:207120001D00EF00910000F6D9FF343009FF0008DF5F66803B200340820591000048D94431
:20714000AC726DFFB6953B200340823591000048D944AC526DFFAD953B200340826591004D
:207160000048D94480826DFFA4953B2003403B90005091000048D9449E626DFF9A953B205E
:2071800003403BC0005091000048D944B6426DFF90953B2003403BF0005091000048D944D3
:2071A0008B72BB00806F3BF001706DFFA3963B2003403B20015091000048D94480526DFF69
:2071C0007895910000F6D9FF044014FFEE16910000F6D9FF0040DA0534FF82046DFF97921C
:2071E000910000F6D9FF3430DA0034FF910000F6D9FF18B0DA0074FF1D008300910000F624
:20720000D9FF343009FF0008DF6F65803B200340820591000048D944AC726DFF4A953B2010
:207220000340823591000048D944AC526DFF41953B200340826591000048D94480826DFF35
:2072400038953B2003403B90005091000048D9449E626DFF2E953B2003403BC00050910009
:207260000048D944B6426DFF24953B2003403BF0005091000048D9448B726DFF1A953B200A
:2072800003403B20015091000048D9448052BB00806F3BF001706DFF2D96910000F6D9FF63
:2072A000044014FFEE16910000F6D9FF0040DA0634FF82046DFF2B92910000F6D9FF34304F
:2072C000DA0034FF910000F6D9FF18B0DA0074FF3C17910000F6D9FF343009FF0008BF7FC9
:2072E0001000910000F6D9FF343091000026D9223430092F000882504B0F010234F1910080
:2073000000F6D9FF004014FFDF1FF29C910000F6D9FF343009FF0008DF0FE581910000F612
:20732000D9FF4CB391000026D92218B0542F91000026D9224CB35420420F74FF910000F609
:20734000D9FF18B0DA0074FF8204820591000048D9449B42BB00806F3BF001706DFFCA954F
:20736000DA0234AF3B6004408205910000F6D9FF4CB354FF4B0F61F1BBA0700D9B30C20323
:207380007B00F8136B0F616182176DFFE5938204821591000048D944AD426DFF8A94DA0246
:2073A00034AF3B6004408215910000F6D9FF4CB3481F4B0F61F1BBA0700D9B30C2037B0020
:2073C000F8136B0F616182176DFFC6938204822591000048D944A4426DFF6B94DA0234AFD5
:2073E0003B6004408225910000F6D9FF4CB3482F4B0F61F1BBA0700D9B30C2037B00F81398
:207400006B0F616182176DFFA7938204823591000048D94480426DFF4C94DA0234AF3B6056
:2074200004408235910000F6D9FF4CB3483F4B0F61F1BBA0700D9B30C2037B00F8136B0F58
:20744000616182176DFF88938204824591000048D944B7326DFF2D94DA0234AF3B60044053
:207460008245910000F6D9FF4CB3484F4B0F61F1BBA0700D9B30C2037B00F8136B0F61617A
:2074800082176DFF69938204825591000048D94492426DFF0E94DA0234AF3B600440825541
:2074A000910000F6D9FF4CB3485F4B0F61F1BBA0700D9B30C2037B00F8136B0F6161821758
:2074C0006DFF4A938204826591000048D94489426DFFEF93DA0234AF3B6004408265910031
:2074E00000F6D9FF4CB3486F4B0F61F1BBA0700D9B30C2037B00F8136B0F616182176DFF2D
:207500002B938204827591000048D9449C326DFFD093DA0234AF3B6004408275910000F681
:20752000D9FF4CB3487F4B0F61F1BBA0700D9B30C2037B00F8136B0F616182176DFF0C9333
:2075400082043B80005091000048D944AE326DFFB093DA0234AF3B6004403B8000509100DB
:2075600000F6D9FF4CB3488F4B0F61F1BBA0700D9B30C2037B00F8136B0F616182176DFF8C
:20758000EB9282043B90005091000048D944A5326DFF8F93DA0234AF3B6004403B900050B9
:2075A000910000F6D9FF4CB3489F4B0F61F1BBA0700D9B30C2037B00F8136B0F6161821717
:2075C0006DFFCA9282043BA0005091000048D94481326DFF6E93DA0234AF3B6004403BA0A3
:2075E0000050910000F6D9FF4CB348AF4B0F61F1BBA0700D9B30C2037B00F8136B0F616110
:2076000082176DFFA99282043BB0005091000048D944B8226DFF4D93DA0234AF3B600440AF
:207620003BB00050910000F6D9FF4CB348BF4B0F61F1BBA0700D9B30C2037B00F8136B0F96
:20764000616182176DFF889282043BC0005091000048D94493326DFF2C93DA0234AF3B6038
:2076600004403BC00050910000F6D9FF4CB348CF4B0F61F1BBA0700D9B30C2037B00F8136C
:207680006B0F616182176DFF679282043BD0005091000048D9448A326DFF0B93DA0234AF54
:2076A0003B6004403BD00050910000F6D9FF4CB348DF4B0F61F1BBA0700D9B30C2037B007C
:2076C000F8136B0F616182176DFF469282043BE0005091000048D944A4126DFFEA921D00E4
:2076E000051B910000F6D9FF343009FF0008DF1FE68191000026D9224CB3910000F6D9FF22
:2077000018B054F0910000F6D9FF4CB3481F42F089200409910000F6D9FF18B0DA0074FF3C
:207720008204820591000048D9449B426DFFC192DA0234AF3B6004408205910000F6D9FF26
:207740004CB354FF4B0F61F1BBA0700D9B30C2037B00F8136B0F616182176DFFFD918204E8
:20776000821591000048D944AD42BB00806F3BF001706DFFBF93DA0234AF3B600440821554
:20778000910000F6D9FF4CB3481F4B0F61F1BBA0700D9B30C2037B00F8136B0F61618217B5
:2077A0006DFFDA918204822591000048D944A4426DFF7F92DA0234AF3B6004408225910096
:2077C00000F6D9FF4CB3482F4B0F61F1BBA0700D9B30C2037B00F8136B0F616182176DFF8A
:2077E000BB918204823591000048D94480426DFF6092DA0234AF3B6004408235910000F60E
:20780000D9FF4CB3483F4B0F61F1BBA0700D9B30C2037B00F8136B0F616182176DFF9C9102
:207820008204824591000048D944B7326DFF4192DA0234AF3B6004408245910000F6D9FF19
:207840004CB3484F4B0F61F1BBA0700D9B30C2037B00F8136B0F616182176DFF7D91820423
:20786000825591000048D94492426DFF2292DA0234AF3B6004408255910000F6D9FF4CB374
:20788000485F4B0F61F1BBA0700D9B30C2037B00F8136B0F616182176DFF5E91820482650A
:2078A00091000048D94489426DFF0392DA0234AF3B6004408265910000F6D9FF4CB3486F6C
:2078C0004B0F61F1BBA0700D9B30C2037B00F8136B0F616182176DFF3F91820482759100EF
:2078E0000048D9449C326DFFE491DA0234AF3B6004408275910000F6D9FF4CB3487F4B0F60
:2079000061F1BBA0700D9B30C2037B00F8136B0F616182176DFF209182043B800050910013
:207920000048D944AE326DFFC491DA0234AF3B6004403B800050910000F6D9FF4CB3488F63
:207940004B0F61F1BBA0700D9B30C2037B00F8136B0F616182176DFFFF9082043B9000501C
:2079600091000048D944A5326DFFA391DA0234AF3B6004403B900050910000F6D9FF4CB383
:20798000489F4B0F61F1BBA0700D9B30C2037B00F8136B0F616182176DFFDE9082043BA056
:2079A000005091000048D94481326DFF8291DA0234AF3B6004403BA00050910000F6D9FF27
:2079C0004CB348AF4B0F61F1BBA0700D9B30C2037B00F8136B0F616182176DFFBD90820403
:2079E0003BB0005091000048D944B8226DFF6191DA0234AF3B6004403BB00050910000F6BE
:207A0000D9FF4CB348BF4B0F61F1BBA0700D9B30C2037B00F8136B0F616182176DFF9C9081
:207A200082043BC0005091000048D94493326DFF4091DA0234AF3B6004403BC00050910003
:207A400000F6D9FF4CB348CF4B0F61F1BBA0700D9B30C2037B00F8136B0F616182176DFF67
:207A60007B9082043BD0005091000048D9448A326DFF1F91DA0234AF3B6004403BD0005053
:207A8000910000F6D9FF4CB348DF4B0F61F1BBA0700D9B30C2037B00F8136B0F61618217F2
:207AA0006DFF5A9082043BE0005091000048D944A4126DFFFE901D001919910000F6D9FF2B
:207AC000343009FF0008DF2FE68191000026D9224CB3910000F6D9FF18B054F0910000F61A
:207AE000D9FF4CB3482F42F089200809910000F6D9FF18B0DA0074FF8204820591000048F2
:207B0000D9449B426DFFD590DA0234AF3B6004408205910000F6D9FF4CB354FF4B0F61F118
:207B2000BBA0700D9B30C2037B00F8136B0F616182176DFF11908204821591000048D94462
:207B4000AD426DFFB690DA0234AF3B6004408215910000F6D9FF4CB3481F4B0F61F1BBA083
:207B6000700D9B30C2037B00F8136B0F616182176DFFF28F8204822591000048D944A442A7
:207B8000BB00806F3BF001706DFFB491DA0234AF3B6004408225910000F6D9FF4CB3482FD4
:207BA0004B0F61F1BBA0700D9B30C2037B00F8136B0F616182176DFFCF8F820482359100BE
:207BC0000048D94480426DFF7490DA0234AF3B6004408235910000F6D9FF4CB3483F4B0F7A
:207BE00061F1BBA0700D9B30C2037B00F8136B0F616182176DFFB08F82048245910000489F
:207C0000D944B7326DFF5590DA0234AF3B6004408245910000F6D9FF4CB3484F4B0F61F107
:207C2000BBA0700D9B30C2037B00F8136B0F616182176DFF918F8204825591000048D944A2
:207C400092426DFF3690DA0234AF3B6004408255910000F6D9FF4CB3485F4B0F61F1BBA09D
:207C6000700D9B30C2037B00F8136B0F616182176DFF728F8204826591000048D944894201
:207C80006DFF1790DA0234AF3B6004408265910000F6D9FF4CB3486F4B0F61F1BBA0700DB3
:207CA0009B30C2037B00F8136B0F616182176DFF538F8204827591000048D9449C326DFFDE
:207CC000F88FDA0234AF3B6004408275910000F6D9FF4CB3487F4B0F61F1BBA0700D9B3014
:207CE000C2037B00F8136B0F616182176DFF348F82043B80005091000048D944AE326DFF62
:207D0000D88FDA0234AF3B6004403B800050910000F6D9FF4CB3488F4B0F61F1BBA0700D9A
:207D20009B30C2037B00F8136B0F616182176DFF138F82043B90005091000048D944A532DC
:207D40006DFFB78FDA0234AF3B6004403B900050910000F6D9FF4CB3489F4B0F61F1BBA06C
:207D6000700D9B30C2037B00F8136B0F616182176DFFF28E82043BA0005091000048D94408
:207D800081326DFF968FDA0234AF3B6004403BA00050910000F6D9FF4CB348AF4B0F61F1D5
:207DA000BBA0700D9B30C2037B00F8136B0F616182176DFFD18E82043BB00050910000489B
:207DC000D944B8226DFF758FDA0234AF3B6004403BB00050910000F6D9FF4CB348BF4B0FA4
:207DE00061F1BBA0700D9B30C2037B00F8136B0F616182176DFFB08E82043BC00050910062
:207E00000048D94493326DFF548FDA0234AF3B6004403BC00050910000F6D9FF4CB348CF8B
:207E20004B0F61F1BBA0700D9B30C2037B00F8136B0F616182176DFF8F8E82043BD0005069
:207E400091000048D9448A326DFF338FDA0234AF3B6004403BD00050910000F6D9FF4CB3EB
:207E600048DF4B0F61F1BBA0700D9B30C2037B00F8136B0F616182176DFF6E8E82043BE063
:207E8000005091000048D944A4126DFF128F1D002D17910000F6D9FF343009FF0008DF3F87
:207EA000E68191000026D9224CB3910000F6D9FF18B054F0910000F6D9FF4CB3483F42F028
:207EC00089200C09910000F6D9FF18B0DA0074FF8204820591000048D9449B426DFFE98EAD
:207EE000DA0234AF3B6004408205910000F6D9FF4CB354FF4B0F61F1BBA0700D9B30C20398
:207F00007B00F8136B0F616182176DFF258E8204821591000048D944AD426DFFCA8EDA0245
:207F200034AF3B6004408215910000F6D9FF4CB3481F4B0F61F1BBA0700D9B30C2037B0094
:207F4000F8136B0F616182176DFF068E8204822591000048D944A4426DFFAB8EDA0234AFD4
:207F60003B6004408225910000F6D9FF4CB3482F4B0F61F1BBA0700D9B30C2037B00F8130C
:207F80006B0F616182176DFFE78D8204823591000048D9448042BB00806F3BF001706DFF85
:207FA000A98FDA0234AF3B6004408235910000F6D9FF4CB3483F4B0F61F1BBA0700D9B3000
:207FC000C2037B00F8136B0F616182176DFFC48D8204824591000048D944B7326DFF698E35
:207FE000DA0234AF3B6004408245910000F6D9FF4CB3484F4B0F61F1BBA0700D9B30C20313
:208000007B00F8136B0F616182176DFFA58D8204825591000048D94492426DFF4A8EDA0220
:2080200034AF3B6004408255910000F6D9FF4CB3485F4B0F61F1BBA0700D9B30C2037B0013
:20804000F8136B0F616182176DFF868D8204826591000048D94489426DFF2B8EDA0234AFAF
:208060003B6004408265910000F6D9FF4CB3486F4B0F61F1BBA0700D9B30C2037B00F8138B
:208080006B0F616182176DFF678D8204827591000048D9449C326DFF0C8EDA0234AF3B600A
:2080A00004408275910000F6D9FF4CB3487F4B0F61F1BBA0700D9B30C2037B00F8136B0F4C
:2080C000616182176DFF488D82043B80005091000048D944AE326DFFEC8DDA0234AF3B605E
:2080E00004403B800050910000F6D9FF4CB3488F4B0F61F1BBA0700D9B30C2037B00F81362
:208100006B0F616182176DFF278D82043B90005091000048D944A5326DFFCB8DDA0234AF79
:208120003B6004403B900050910000F6D9FF4CB3489F4B0F61F1BBA0700D9B30C2037B0071
:20814000F8136B0F616182176DFF068D82043BA0005091000048D94481326DFFAA8DDA0267
:2081600034AF3B6004403BA00050910000F6D9FF4CB348AF4B0F61F1BBA0700D9B30C203A9
:208180007B00F8136B0F616182176DFFE58C82043BB0005091000048D944B8226DFF898D94
:2081A000DA0234AF3B6004403BB00050910000F6D9FF4CB348BF4B0F61F1BBA0700D9B3032
:2081C000C2037B00F8136B0F616182176DFFC48C82043BC0005091000048D94493326DFFCB
:2081E000688DDA0234AF3B6004403BC00050910000F6D9FF4CB348CF4B0F61F1BBA0700DA8
:208200009B30C2037B00F8136B0F616182176DFFA38C82043BD0005091000048D9448A3245
:208220006DFF478DDA0234AF3B6004403BD00050910000F6D9FF4CB348DF4B0F61F1BBA079
:20824000700D9B30C2037B00F8136B0F616182176DFF828C82043BE0005091000048D94455
:20826000A4126DFF268D1D004115910000F6D9FF343009FF0008DF4FE68191000026D9229C
:208280004CB3910000F6D9FF18B054F0910000F6D9FF4CB3484F42F089201009910000F604
:2082A000D9FF18B0DA0074FF8204820591000048D9449B426DFFFD8CDA0234AF3B6004405E
:2082C0008205910000F6D9FF4CB354FF4B0F61F1BBA0700D9B30C2037B00F8136B0F616190
:2082E00082176DFF398C8204821591000048D944AD426DFFDE8CDA0234AF3B6004408215A7
:20830000910000F6D9FF4CB3481F4B0F61F1BBA0700D9B30C2037B00F8136B0F6161821729
:208320006DFF1A8C8204822591000048D944A4426DFFBF8CDA0234AF3B6004408225910095
:2083400000F6D9FF4CB3482F4B0F61F1BBA0700D9B30C2037B00F8136B0F616182176DFFFE
:20836000FB8B8204823591000048D94480426DFFA08CDA0234AF3B6004408235910000F60E
:20838000D9FF4CB3483F4B0F61F1BBA0700D9B30C2037B00F8136B0F616182176DFFDC8B3D
:2083A0008204824591000048D944B732BB00806F3BF001706DFF9E8DDA0234AF3B60044016
:2083C0008245910000F6D9FF4CB3484F4B0F61F1BBA0700D9B30C2037B00F8136B0F61610B
:2083E00082176DFFB98B8204825591000048D94492426DFF5E8CDA0234AF3B600440825542
:20840000910000F6D9FF4CB3485F4B0F61F1BBA0700D9B30C2037B00F8136B0F61618217E8
:208420006DFF9A8B8204826591000048D94489426DFF3F8CDA0234AF3B6004408265910030
:2084400000F6D9FF4CB3486F4B0F61F1BBA0700D9B30C2037B00F8136B0F616182176DFFBD
:208460007B8B8204827591000048D9449C326DFF208CDA0234AF3B6004408275910000F681
:20848000D9FF4CB3487F4B0F61F1BBA0700D9B30C2037B00F8136B0F616182176DFF5C8B7C
:2084A00082043B80005091000048D944AE326DFF008CDA0234AF3B6004403B800050910023
:2084C00000F6D9FF4CB3488F4B0F61F1BBA0700D9B30C2037B00F8136B0F616182176DFF1D
:2084E0003B8B82043B90005091000048D944A5326DFFDF8BDA0234AF3B6004403B900050B9
:20850000910000F6D9FF4CB3489F4B0F61F1BBA0700D9B30C2037B00F8136B0F61618217A7
:208520006DFF1A8B82043BA0005091000048D94481326DFFBE8BDA0234AF3B6004403BA0A2
:208540000050910000F6D9FF4CB348AF4B0F61F1BBA0700D9B30C2037B00F8136B0F6161A0
:2085600082176DFFF98A82043BB0005091000048D944B8226DFF9D8BDA0234AF3B600440B0
:208580003BB00050910000F6D9FF4CB348BF4B0F61F1BBA0700D9B30C2037B00F8136B0F27
:2085A000616182176DFFD88A82043BC0005091000048D94493326DFF7C8BDA0234AF3B6039
:2085C00004403BC00050910000F6D9FF4CB348CF4B0F61F1BBA0700D9B30C2037B00F813FD
:2085E0006B0F616182176DFFB78A82043BD0005091000048D9448A326DFF5B8BDA0234AF55
:208600003B6004403BD00050910000F6D9FF4CB348DF4B0F61F1BBA0700D9B30C2037B000C
:20862000F8136B0F616182176DFF968A82043BE0005091000048D944A4126DFF3A8B1D00E3
:208640005513910000F6D9FF343009FF0008DF5FE68191000026D9224CB3910000F6D9FF2A
:2086600018B054F0910000F6D9FF4CB3485F42F089201409910000F6D9FF18B0DA0074FF7D
:208680008204820591000048D9449B426DFF118BDA0234AF3B6004408205910000F6D9FF6E
:2086A0004CB354FF4B0F61F1BBA0700D9B30C2037B00F8136B0F616182176DFF4D8A820430
:2086C000821591000048D944AD426DFFF28ADA0234AF3B6004408215910000F6D9FF4CB3A3
:2086E000481F4B0F61F1BBA0700D9B30C2037B00F8136B0F616182176DFF2E8A8204822553
:2087000091000048D944A4426DFFD38ADA0234AF3B6004408225910000F6D9FF4CB3482F9A
:208720004B0F61F1BBA0700D9B30C2037B00F8136B0F616182176DFF0F8A820482359100F7
:208740000048D94480426DFFB48ADA0234AF3B6004408235910000F6D9FF4CB3483F4B0FB4
:2087600061F1BBA0700D9B30C2037B00F8136B0F616182176DFFF0898204824591000048D9
:20878000D944B7326DFF958ADA0234AF3B6004408245910000F6D9FF4CB3484F4B0F61F142
:2087A000BBA0700D9B30C2037B00F8136B0F616182176DFFD1898204825591000048D944DD
:2087C0009242BB00806F3BF001706DFF938BDA0234AF3B6004408255910000F6D9FF4CB322
:2087E000485F4B0F61F1BBA0700D9B30C2037B00F8136B0F616182176DFFAE898204826553
:2088000091000048D94489426DFF538ADA0234AF3B6004408265910000F6D9FF4CB3486FB4
:208820004B0F61F1BBA0700D9B30C2037B00F8136B0F616182176DFF8F8982048275910037
:208840000048D9449C326DFF348ADA0234AF3B6004408275910000F6D9FF4CB3487F4B0FA7
:2088600061F1BBA0700D9B30C2037B00F8136B0F616182176DFF708982043B80005091005C
:208880000048D944AE326DFF148ADA0234AF3B6004403B800050910000F6D9FF4CB3488FAB
:2088A0004B0F61F1BBA0700D9B30C2037B00F8136B0F616182176DFF4F8982043B90005064
:2088C00091000048D944A5326DFFF389DA0234AF3B6004403B900050910000F6D9FF4CB3CC
:2088E000489F4B0F61F1BBA0700D9B30C2037B00F8136B0F616182176DFF2E8982043BA09E
:20890000005091000048D94481326DFFD289DA0234AF3B6004403BA00050910000F6D9FF6F
:208920004CB348AF4B0F61F1BBA0700D9B30C2037B00F8136B0F616182176DFF0D8982044A
:208940003BB0005091000048D944B8226DFFB189DA0234AF3B6004403BB00050910000F606
:20896000D9FF4CB348BF4B0F61F1BBA0700D9B30C2037B00F8136B0F616182176DFFEC88CA
:2089800082043BC0005091000048D94493326DFF9089DA0234AF3B6004403BC0005091004C
:2089A00000F6D9FF4CB348CF4B0F61F1BBA0700D9B30C2037B00F8136B0F616182176DFFF8
:2089C000CB8882043BD0005091000048D9448A326DFF6F89DA0234AF3B6004403BD0005054
:2089E000910000F6D9FF4CB348DF4B0F61F1BBA0700D9B30C2037B00F8136B0F6161821783
:208A00006DFFAA8882043BE0005091000048D944A4126DFF4E891D006911910000F6D9FFE2
:208A2000343009FF0008DF6FE68191000026D9224CB3910000F6D9FF18B054F0910000F66A
:208A4000D9FF4CB3486F42F089201809910000F6D9FF18B0DA0074FF820482059100004832
:208A6000D9449B426DFF2589DA0234AF3B6004408205910000F6D9FF4CB354FF4B0F61F160
:208A8000BBA0700D9B30C2037B00F8136B0F616182176DFF61888204821591000048D944AB
:208AA000AD426DFF0689DA0234AF3B6004408215910000F6D9FF4CB3481F4B0F61F1BBA0CB
:208AC000700D9B30C2037B00F8136B0F616182176DFF42888204822591000048D944A442EF
:208AE0006DFFE788DA0234AF3B6004408225910000F6D9FF4CB3482F4B0F61F1BBA0700DFD
:208B00009B30C2037B00F8136B0F616182176DFF23888204823591000048D94480426DFFF2
:208B2000C888DA0234AF3B6004408235910000F6D9FF4CB3483F4B0F61F1BBA0700D9B305C
:208B4000C2037B00F8136B0F616182176DFF04888204824591000048D944B7326DFFA98834
:208B6000DA0234AF3B6004408245910000F6D9FF4CB3484F4B0F61F1BBA0700D9B30C20387
:208B80007B00F8136B0F616182176DFFE5878204825591000048D94492426DFF8A88DA0221
:208BA00034AF3B6004408255910000F6D9FF4CB3485F4B0F61F1BBA0700D9B30C2037B0088
:208BC000F8136B0F616182176DFFC6878204826591000048D9448942BB00806F3BF0017088
:208BE0006DFF8889DA0234AF3B6004408265910000F6D9FF4CB3486F4B0F61F1BBA0700DDA
:208C00009B30C2037B00F8136B0F616182176DFFA3878204827591000048D9449C326DFF26
:208C20004888DA0234AF3B6004408275910000F6D9FF4CB3487F4B0F61F1BBA0700D9B305B
:208C4000C2037B00F8136B0F616182176DFF848782043B80005091000048D944AE326DFFAA
:208C60002888DA0234AF3B6004403B800050910000F6D9FF4CB3488F4B0F61F1BBA0700DE2
:208C80009B30C2037B00F8136B0F616182176DFF638782043B90005091000048D944A53225
:208CA0006DFF0788DA0234AF3B6004403B900050910000F6D9FF4CB3489F4B0F61F1BBA0B4
:208CC000700D9B30C2037B00F8136B0F616182176DFF428782043BA0005091000048D94450
:208CE00081326DFFE687DA0234AF3B6004403BA00050910000F6D9FF4CB348AF4B0F61F11E
:208D0000BBA0700D9B30C2037B00F8136B0F616182176DFF218782043BB0005091000048E2
:208D2000D944B8226DFFC587DA0234AF3B6004403BB00050910000F6D9FF4CB348BF4B0FEC
:208D400061F1BBA0700D9B30C2037B00F8136B0F616182176DFF008782043BC000509100A9
:208D60000048D94493326DFFA487DA0234AF3B6004403BC00050910000F6D9FF4CB348CFD4
:208D80004B0F61F1BBA0700D9B30C2037B00F8136B0F616182176DFFDF8682043BD00050B2
:208DA00091000048D9448A326DFF8387DA0234AF3B6004403BD00050910000F6D9FF4CB334
:208DC00048DF4B0F61F1BBA0700D9B30C2037B00F8136B0F616182176DFFBE8682043BE0AC
:208DE000005091000048D944A4126DFF62871D007D0F910000F6D9FF343009FF0008DF7F48
:208E0000E68191000026D9224CB3910000F6D9FF18B054F0910000F6D9FF4CB3487F42F078
:208E200089201C09910000F6D9FF18B0DA0074FF8204820591000048D9449B426DFF3987E4
:208E4000DA0234AF3B6004408205910000F6D9FF4CB354FF4B0F61F1BBA0700D9B30C20328
:208E60007B00F8136B0F616182176DFF75868204821591000048D944AD426DFF1A87DA0245
:208E800034AF3B6004408215910000F6D9FF4CB3481F4B0F61F1BBA0700D9B30C2037B0025
:208EA000F8136B0F616182176DFF56868204822591000048D944A4426DFFFB86DA0234AFD5
:208EC0003B6004408225910000F6D9FF4CB3482F4B0F61F1BBA0700D9B30C2037B00F8139D
:208EE0006B0F616182176DFF37868204823591000048D94480426DFFDC86DA0234AF3B6057
:208F000004408235910000F6D9FF4CB3483F4B0F61F1BBA0700D9B30C2037B00F8136B0F5D
:208F2000616182176DFF18868204824591000048D944B7326DFFBD86DA0234AF3B60044053
:208F40008245910000F6D9FF4CB3484F4B0F61F1BBA0700D9B30C2037B00F8136B0F61617F
:208F600082176DFFF9858204825591000048D94492426DFF9E86DA0234AF3B600440825542
:208F8000910000F6D9FF4CB3485F4B0F61F1BBA0700D9B30C2037B00F8136B0F616182175D
:208FA0006DFFDA858204826591000048D94489426DFF7F86DA0234AF3B6004408265910031
:208FC00000F6D9FF4CB3486F4B0F61F1BBA0700D9B30C2037B00F8136B0F616182176DFF32
:208FE000BB858204827591000048D9449C32BB00806F3BF001706DFF7D87DA0234AF3B60E0
:2090000004408275910000F6D9FF4CB3487F4B0F61F1BBA0700D9B30C2037B00F8136B0FDC
:20902000616182176DFF988582043B80005091000048D944AE326DFF3C86DA0234AF3B605D
:2090400004403B800050910000F6D9FF4CB3488F4B0F61F1BBA0700D9B30C2037B00F813F2
:209060006B0F616182176DFF778582043B90005091000048D944A5326DFF1B86DA0234AF79
:209080003B6004403B900050910000F6D9FF4CB3489F4B0F61F1BBA0700D9B30C2037B0002
:2090A000F8136B0F616182176DFF568582043BA0005091000048D94481326DFFFA85DA0268
:2090C00034AF3B6004403BA00050910000F6D9FF4CB348AF4B0F61F1BBA0700D9B30C2033A
:2090E0007B00F8136B0F616182176DFF358582043BB0005091000048D944B8226DFFD98594
:20910000DA0234AF3B6004403BB00050910000F6D9FF4CB348BF4B0F61F1BBA0700D9B30C2
:20912000C2037B00F8136B0F616182176DFF148582043BC0005091000048D94493326DFF12
:20914000B885DA0234AF3B6004403BC00050910000F6D9FF4CB348CF4B0F61F1BBA0700DF0
:209160009B30C2037B00F8136B0F616182176DFFF38482043BD0005091000048D9448A328E
:209180006DFF9785DA0234AF3B6004403BD00050910000F6D9FF4CB348DF4B0F61F1BBA0C2
:2091A000700D9B30C2037B00F8136B0F616182176DFFD28482043BE0005091000048D9449E
:2091C000A4126DFF76851D00910D910000F6D9FF343009F00008DA085F0FE6819100002685
:2091E000D9224CB3910000F6D9FF18B054F0910000F6D9FF4CB3488F42F089202009910040
:2092000000F6D9FF18B0DA0074FF8204820591000048D9449B426DFF4C85DA0234AF3B60F4
:2092200004408205910000F6D9FF4CB354FF4B0F61F1BBA0700D9B30C2037B00F8136B0F9E
:20924000616182176DFF88848204821591000048D944AD426DFF2D85DA0234AF3B6004407D
:209260008215910000F6D9FF4CB3481F4B0F61F1BBA0700D9B30C2037B00F8136B0F6161BC
:2092800082176DFF69848204822591000048D944A4426DFF0E85DA0234AF3B60044082258F
:2092A000910000F6D9FF4CB3482F4B0F61F1BBA0700D9B30C2037B00F8136B0F616182176A
:2092C0006DFF4A848204823591000048D94480426DFFEF84DA0234AF3B600440823591009A
:2092E00000F6D9FF4CB3483F4B0F61F1BBA0700D9B30C2037B00F8136B0F616182176DFF3F
:209300002B848204824591000048D944B7326DFFD084DA0234AF3B6004408245910000F6C6
:20932000D9FF4CB3484F4B0F61F1BBA0700D9B30C2037B00F8136B0F616182176DFF0C8454
:209340008204825591000048D94492426DFFB184DA0234AF3B6004408255910000F6D9FF71
:209360004CB3485F4B0F61F1BBA0700D9B30C2037B00F8136B0F616182176DFFED83820476
:20938000826591000048D94489426DFF9284DA0234AF3B6004408265910000F6D9FF4CB3C0
:2093A000486F4B0F61F1BBA0700D9B30C2037B00F8136B0F616182176DFFCE83820482754D
:2093C00091000048D9449C326DFF7384DA0234AF3B6004408275910000F6D9FF4CB3487FAC
:2093E0004B0F61F1BBA0700D9B30C2037B00F8136B0F616182176DFFAF8382043B800050CF
:2094000091000048D944AE32BB00806F3BF001706DFF7085DA0234AF3B6004403B80005026
:20942000910000F6D9FF4CB3488F4B0F61F1BBA0700D9B30C2037B00F8136B0F6161821788
:209440006DFF8A8382043B90005091000048D944A5326DFF2E84DA0234AF3B6004403B909E
:209460000050910000F6D9FF4CB3489F4B0F61F1BBA0700D9B30C2037B00F8136B0F616181
:2094800082176DFF698382043BA0005091000048D94481326DFF0D84DA0234AF3B600440E6
:2094A0003BA00050910000F6D9FF4CB348AF4B0F61F1BBA0700D9B30C2037B00F8136B0F18
:2094C000616182176DFF488382043BB0005091000048D944B8226DFFEC83DA0234AF3B6034
:2094E00004403BB00050910000F6D9FF4CB348BF4B0F61F1BBA0700D9B30C2037B00F813EE
:209500006B0F616182176DFF278382043BC0005091000048D94493326DFFCB83DA0234AF5B
:209520003B6004403BC00050910000F6D9FF4CB348CF4B0F61F1BBA0700D9B30C2037B00FD
:20954000F8136B0F616182176DFF068382043BD0005091000048D9448A326DFFAA83DA022E
:2095600034AF3B6004403BD00050910000F6D9FF4CB348DF4B0F61F1BBA0700D9B30C20335
:209580007B00F8136B0F616182176DFFE58282043BE0005091000048D944A4126DFF898388
:2095A0001D00A40B910000F6D9FF343009F00008DA095F0FE68191000026D9224CB3910021
:2095C00000F6D9FF18B054F0910000F6D9FF4CB3489F42F089202409910000F6D9FF18B03D
:2095E000DA0074FF8204820591000048D9449B426DFF5F83DA0234AF3B600440820591003A
:2096000000F6D9FF4CB354FF4B0F61F1BBA0700D9B30C2037B00F8136B0F616182176DFF4F
:209620009B828204821591000048D944AD426DFF4083DA0234AF3B6004408215910000F620
:20964000D9FF4CB3481F4B0F61F1BBA0700D9B30C2037B00F8136B0F616182176DFF7C82F3
:209660008204822591000048D944A4426DFF2183DA0234AF3B6004408225910000F6D9FF2D
:209680004CB3482F4B0F61F1BBA0700D9B30C2037B00F8136B0F616182176DFF5D82820414
:2096A000823591000048D94480426DFF0283DA0234AF3B6004408235910000F6D9FF4CB397
:2096C000483F4B0F61F1BBA0700D9B30C2037B00F8136B0F616182176DFF3E82820482451B
:2096E00091000048D944B7326DFFE382DA0234AF3B6004408245910000F6D9FF4CB3484F60
:209700004B0F61F1BBA0700D9B30C2037B00F8136B0F616182176DFF1F82820482559100DF
:209720000048D94492426DFFC482DA0234AF3B6004408255910000F6D9FF4CB3485F4B0F6A
:2097400061F1BBA0700D9B30C2037B00F8136B0F616182176DFF00828204826591000048C0
:20976000D94489426DFFA582DA0234AF3B6004408265910000F6D9FF4CB3486F4B0F61F128
:20978000BBA0700D9B30C2037B00F8136B0F616182176DFFE1818204827591000048D944C5
:2097A0009C326DFF8682DA0234AF3B6004408275910000F6D9FF4CB3487F4B0F61F1BBA0A6
:2097C000700D9B30C2037B00F8136B0F616182176DFFC28182043B80005091000048D944EB
:2097E000AE326DFF6682DA0234AF3B6004403B800050910000F6D9FF4CB3488F4B0F61F1AB
:20980000BBA0700D9B30C2037B00F8136B0F616182176DFFA18182043B900050910000487D
:20982000D944A532BB00806F3BF001706DFF6283DA0234AF3B6004403B900050910000F65D
:20984000D9FF4CB3489F4B0F61F1BBA0700D9B30C2037B00F8136B0F616182176DFF7C8172
:2098600082043BA0005091000048D94481326DFF2082DA0234AF3B6004403BA00050910026
:2098800000F6D9FF4CB348AF4B0F61F1BBA0700D9B30C2037B00F8136B0F616182176DFF29
:2098A0005B8182043BB0005091000048D944B8226DFFFF81DA0234AF3B6004403BB0005076
:2098C000910000F6D9FF4CB348BF4B0F61F1BBA0700D9B30C2037B00F8136B0F61618217B4
:2098E0006DFF3A8182043BC0005091000048D94493326DFFDE81DA0234AF3B6004403BC051
:209900000050910000F6D9FF4CB348CF4B0F61F1BBA0700D9B30C2037B00F8136B0F6161AC
:2099200082176DFF198182043BD0005091000048D9448A326DFFBD81DA0234AF3B600440AD
:209940003BD00050910000F6D9FF4CB348DF4B0F61F1BBA0700D9B30C2037B00F8136B0F13
:20996000616182176DFFF88082043BE0005091000048D944A4126DFF9C811D00B709910014
:2099800000F6D9FF343009F00008DA0A5F0FE68191000026D9224CB3910000F6D9FF18B003
:2099A00054F0910000F6D9FF4CB348AF42F089202809910000F6D9FF18B0DA0074FF820408
:2099C000820591000048D9449B426DFF7281DA0234AF3B6004408205910000F6D9FF4CB34B
:2099E00054FF4B0F61F1BBA0700D9B30C2037B00F8136B0F616182176DFFAE8082048215EE
:209A000091000048D944AD426DFF5381DA0234AF3B6004408215910000F6D9FF4CB3481F27
:209A20004B0F61F1BBA0700D9B30C2037B00F8136B0F616182176DFF8F808204822591007E
:209A40000048D944A4426DFF3481DA0234AF3B6004408225910000F6D9FF4CB3482F4B0F26
:209A600061F1BBA0700D9B30C2037B00F8136B0F616182176DFF708082048235910000485F
:209A8000D94480426DFF1581DA0234AF3B6004408235910000F6D9FF4CB3483F4B0F61F1FF
:209AA000BBA0700D9B30C2037B00F8136B0F616182176DFF51808204824591000048D94463
:209AC000B7326DFFF680DA0234AF3B6004408245910000F6D9FF4CB3484F4B0F61F1BBA05A
:209AE000700D9B30C2037B00F8136B0F616182176DFF32808204825591000048D9449242B9
:209B00006DFFD780DA0234AF3B6004408255910000F6D9FF4CB3485F4B0F61F1BBA0700D84
:209B20009B30C2037B00F8136B0F616182176DFF13808204826591000048D94489426DFFA1
:209B4000B880DA0234AF3B6004408265910000F6D9FF4CB3486F4B0F61F1BBA0700D9B30E4
:209B6000C2037B00F8136B0F616182176DFFF47F8204827591000048D9449C326DFF998020
:209B8000DA0234AF3B6004408275910000F6D9FF4CB3487F4B0F61F1BBA0700D9B30C203F7
:209BA0007B00F8136B0F616182176DFFD57F82043B80005091000048D944AE326DFF7980BE
:209BC000DA0234AF3B6004403B800050910000F6D9FF4CB3488F4B0F61F1BBA0700D9B3058
:209BE000C2037B00F8136B0F616182176DFFB47F82043B90005091000048D944A5326DFFCC
:209C00005880DA0234AF3B6004403B900050910000F6D9FF4CB3489F4B0F61F1BBA0700DEA
:209C20009B30C2037B00F8136B0F616182176DFF937F82043BA0005091000048D944813261
:209C4000BB00806F3BF001706DFF5481DA0234AF3B6004403BA00050910000F6D9FF4CB356
:209C600048AF4B0F61F1BBA0700D9B30C2037B00F8136B0F616182176DFF6E7F82043BB0B4
:209C8000005091000048D944B8226DFF1280DA0234AF3B6004403BB00050910000F6D9FF6E
:209CA0004CB348BF4B0F61F1BBA0700D9B30C2037B00F8136B0F616182176DFF4D7F820471
:209CC0003BC0005091000048D94493326DFFF17FDA0234AF3B6004403BC00050910000F632
:209CE000D9FF4CB348CF4B0F61F1BBA0700D9B30C2037B00F8136B0F616182176DFF2C7FF0
:209D000082043BD0005091000048D9448A326DFFD07FDA0234AF3B6004403BD0005091006B
:209D200000F6D9FF4CB348DF4B0F61F1BBA0700D9B30C2037B00F8136B0F616182176DFF54
:209D40000B7F82043BE0005091000048D944A4126DFFAF7F1D00CA07910000F6D9FF343091
:209D600009F00008DA0B5F0FE68191000026D9224CB3910000F6D9FF18B054F0910000F685
:209D8000D9FF4CB348BF42F089202C09910000F6D9FF18B0DA0074FF82048205910000487B
:209DA000D9449B426DFF857FDA0234AF3B6004408205910000F6D9FF4CB354FF4B0F61F1B7
:209DC000BBA0700D9B30C2037B00F8136B0F616182176DFFC17E8204821591000048D94402
:209DE000AD426DFF667FDA0234AF3B6004408215910000F6D9FF4CB3481F4B0F61F1BBA022
:209E0000700D9B30C2037B00F8136B0F616182176DFFA27E8204822591000048D944A44245
:209E20006DFF477FDA0234AF3B6004408225910000F6D9FF4CB3482F4B0F61F1BBA0700D52
:209E40009B30C2037B00F8136B0F616182176DFF837E8204823591000048D94480426DFF49
:209E6000287FDA0234AF3B6004408235910000F6D9FF4CB3483F4B0F61F1BBA0700D9B30B2
:209E8000C2037B00F8136B0F616182176DFF647E8204824591000048D944B7326DFF097F34
:209EA000DA0234AF3B6004408245910000F6D9FF4CB3484F4B0F61F1BBA0700D9B30C20334
:209EC0007B00F8136B0F616182176DFF457E8204825591000048D94492426DFFEA7EDA0221
:209EE00034AF3B6004408255910000F6D9FF4CB3485F4B0F61F1BBA0700D9B30C2037B0035
:209F0000F8136B0F616182176DFF267E8204826591000048D94489426DFFCB7EDA0234AFAF
:209F20003B6004408265910000F6D9FF4CB3486F4B0F61F1BBA0700D9B30C2037B00F813AC
:209F40006B0F616182176DFF077E8204827591000048D9449C326DFFAC7EDA0234AF3B600A
:209F600004408275910000F6D9FF4CB3487F4B0F61F1BBA0700D9B30C2037B00F8136B0F6D
:209F8000616182176DFFE87D82043B80005091000048D944AE326DFF8C7EDA0234AF3B605E
:209FA00004403B800050910000F6D9FF4CB3488F4B0F61F1BBA0700D9B30C2037B00F81383
:209FC0006B0F616182176DFFC77D82043B90005091000048D944A5326DFF6B7EDA0234AF7A
:209FE0003B6004403B900050910000F6D9FF4CB3489F4B0F61F1BBA0700D9B30C2037B0093
:20A00000F8136B0F616182176DFFA67D82043BA0005091000048D94481326DFF4A7EDA0267
:20A0200034AF3B6004403BA00050910000F6D9FF4CB348AF4B0F61F1BBA0700D9B30C203CA
:20A040007B00F8136B0F616182176DFF857D82043BB0005091000048D944B822BB00806FFC
:20A060003BF001706DFF467FDA0234AF3B6004403BB00050910000F6D9FF4CB348BF4B0F7B
:20A0800061F1BBA0700D9B30C2037B00F8136B0F616182176DFF607D82043BC00050910000
:20A0A0000048D94493326DFF047EDA0234AF3B6004403BC00050910000F6D9FF4CB348CF2A
:20A0C0004B0F61F1BBA0700D9B30C2037B00F8136B0F616182176DFF3F7D82043BD0005008
:20A0E00091000048D9448A326DFFE37DDA0234AF3B6004403BD00050910000F6D9FF4CB38B
:20A1000048DF4B0F61F1BBA0700D9B30C2037B00F8136B0F616182176DFF1E7D82043BE001
:20A12000005091000048D944A4126DFFC27D1D00DD05910000F6D9FF343009F00008DA0CCF
:20A140005F0FE68191000026D9224CB3910000F6D9FF18B054F0910000F6D9FF4CB348CF99
:20A1600042F089203009910000F6D9FF18B0DA0074FF8204820591000048D9449B426DFF0B
:20A18000987DDA0234AF3B6004408205910000F6D9FF4CB354FF4B0F61F1BBA0700D9B3085
:20A1A000C2037B00F8136B0F616182176DFFD47C8204821591000048D944AD426DFF797D5F
:20A1C000DA0234AF3B6004408215910000F6D9FF4CB3481F4B0F61F1BBA0700D9B30C20371
:20A1E0007B00F8136B0F616182176DFFB57C8204822591000048D944A4426DFF5A7DDA023F
:20A2000034AF3B6004408225910000F6D9FF4CB3482F4B0F61F1BBA0700D9B30C2037B0071
:20A22000F8136B0F616182176DFF967C8204823591000048D94480426DFF3B7DDA0234AFE8
:20A240003B6004408235910000F6D9FF4CB3483F4B0F61F1BBA0700D9B30C2037B00F813E9
:20A260006B0F616182176DFF777C8204824591000048D944B7326DFF1C7DDA0234AF3B601F
:20A2800004408245910000F6D9FF4CB3484F4B0F61F1BBA0700D9B30C2037B00F8136B0FAA
:20A2A000616182176DFF587C8204825591000048D94492426DFFFD7CDA0234AF3B60044059
:20A2C0008255910000F6D9FF4CB3485F4B0F61F1BBA0700D9B30C2037B00F8136B0F6161CC
:20A2E00082176DFF397C8204826591000048D94489426DFFDE7CDA0234AF3B60044082652B
:20A30000910000F6D9FF4CB3486F4B0F61F1BBA0700D9B30C2037B00F8136B0F61618217B9
:20A320006DFF1A7C8204827591000048D9449C326DFFBF7CDA0234AF3B600440827591000D
:20A3400000F6D9FF4CB3487F4B0F61F1BBA0700D9B30C2037B00F8136B0F616182176DFF8E
:20A36000FB7B82043B80005091000048D944AE326DFF9F7CDA0234AF3B6004403B800050D0
:20A38000910000F6D9FF4CB3488F4B0F61F1BBA0700D9B30C2037B00F8136B0F6161821719
:20A3A0006DFFDA7B82043B90005091000048D944A5326DFF7E7CDA0234AF3B6004403B909F
:20A3C0000050910000F6D9FF4CB3489F4B0F61F1BBA0700D9B30C2037B00F8136B0F616112
:20A3E00082176DFFB97B82043BA0005091000048D94481326DFF5D7CDA0234AF3B600440E7
:20A400003BA00050910000F6D9FF4CB348AF4B0F61F1BBA0700D9B30C2037B00F8136B0FA8
:20A42000616182176DFF987B82043BB0005091000048D944B8226DFF3C7CDA0234AF3B6033
:20A4400004403BB00050910000F6D9FF4CB348BF4B0F61F1BBA0700D9B30C2037B00F8137E
:20A460006B0F616182176DFF777B82043BC0005091000048D9449332BB00806F3BF00170D7
:20A480006DFF387DDA0234AF3B6004403BC00050910000F6D9FF4CB348CF4B0F61F1BBA036
:20A4A000700D9B30C2037B00F8136B0F616182176DFF527B82043BD0005091000048D94424
:20A4C0008A326DFFF67BDA0234AF3B6004403BD00050910000F6D9FF4CB348DF4B0F61F1B9
:20A4E000BBA0700D9B30C2037B00F8136B0F616182176DFF317B82043BE0005091000048B7
:20A50000D944A4126DFFD57B1D00F003910000F6D9FF343009F00008DA0D5F0FE68191008B
:20A520000026D9224CB3910000F6D9FF18B054F0910000F6D9FF4CB348DF42F089203409F3
:20A54000910000F6D9FF18B0DA0074FF8204820591000048D9449B426DFFAB7BDA0234AF56
:20A560003B6004408205910000F6D9FF4CB354FF4B0F61F1BBA0700D9B30C2037B00F8132A
:20A580006B0F616182176DFFE77A8204821591000048D944AD426DFF8C7BDA0234AF3B604A
:20A5A00004408215910000F6D9FF4CB3481F4B0F61F1BBA0700D9B30C2037B00F8136B0FE7
:20A5C000616182176DFFC87A8204822591000048D944A4426DFF6D7BDA0234AF3B60044077
:20A5E0008225910000F6D9FF4CB3482F4B0F61F1BBA0700D9B30C2037B00F8136B0F616109
:20A6000082176DFFA97A8204823591000048D94480426DFF4E7BDA0234AF3B600440823593
:20A62000910000F6D9FF4CB3483F4B0F61F1BBA0700D9B30C2037B00F8136B0F61618217C6
:20A640006DFF8A7A8204824591000048D944B7326DFF2F7BDA0234AF3B6004408245910052
:20A6600000F6D9FF4CB3484F4B0F61F1BBA0700D9B30C2037B00F8136B0F616182176DFF9B
:20A680006B7A8204825591000048D94492426DFF107BDA0234AF3B6004408255910000F6BB
:20A6A000D9FF4CB3485F4B0F61F1BBA0700D9B30C2037B00F8136B0F616182176DFF4C7A7B
:20A6C0008204826591000048D94489426DFFF17ADA0234AF3B6004408265910000F6D9FF91
:20A6E0004CB3486F4B0F61F1BBA0700D9B30C2037B00F8136B0F616182176DFF2D7A82049C
:20A70000827591000048D9449C326DFFD27ADA0234AF3B6004408275910000F6D9FF4CB3D3
:20A72000487F4B0F61F1BBA0700D9B30C2037B00F8136B0F616182176DFF0E7A82043B80AE
:20A74000005091000048D944AE326DFFB27ADA0234AF3B6004403B800050910000F6D9FF33
:20A760004CB3488F4B0F61F1BBA0700D9B30C2037B00F8136B0F616182176DFFED7982043C
:20A780003B90005091000048D944A5326DFF917ADA0234AF3B6004403B900050910000F61A
:20A7A000D9FF4CB3489F4B0F61F1BBA0700D9B30C2037B00F8136B0F616182176DFFCC79BB
:20A7C00082043BA0005091000048D94481326DFF707ADA0234AF3B6004403BA0005091006F
:20A7E00000F6D9FF4CB348AF4B0F61F1BBA0700D9B30C2037B00F8136B0F616182176DFFBA
:20A80000AB7982043BB0005091000048D944B8226DFF4F7ADA0234AF3B6004403BB0005075
:20A82000910000F6D9FF4CB348BF4B0F61F1BBA0700D9B30C2037B00F8136B0F6161821744
:20A840006DFF8A7982043BC0005091000048D94493326DFF2E7ADA0234AF3B6004403BC050
:20A860000050910000F6D9FF4CB348CF4B0F61F1BBA0700D9B30C2037B00F8136B0F61613D
:20A8800082176DFF697982043BD0005091000048D9448A32BB00806F3BF001706DFF2A7BE7
:20A8A000DA0234AF3B6004403BD00050910000F6D9FF4CB348DF4B0F61F1BBA0700D9B30CB
:20A8C000C2037B00F8136B0F616182176DFF447982043BE0005091000048D944A4126DFF26
:20A8E000E8791D000302910000F6D9FF343009F00008DA0E5F0FEB81820482059100004869
:20A90000D9449B426DFFD579DA0234AF3B6004408205910000F6D9FF4CB354FF4B0F61F101
:20A92000BBA0700D9B30C2037B00F8136B0F616182176DFF11798204821591000048D9444B
:20A94000AD426DFFB679DA0234AF3B6004408215910000F6D9FF4CB3481F4B0F61F1BBA06C
:20A96000700D9B30C2037B00F8136B0F616182176DFFF2788204822591000048D944A44290
:20A980006DFF9779DA0234AF3B6004408225910000F6D9FF4CB3482F4B0F61F1BBA0700D9D
:20A9A0009B30C2037B00F8136B0F616182176DFFD3788204823591000048D94480426DFF94
:20A9C0007879DA0234AF3B6004408235910000F6D9FF4CB3483F4B0F61F1BBA0700D9B30FD
:20A9E000C2037B00F8136B0F616182176DFFB4788204824591000048D944B7326DFF597935
:20AA0000DA0234AF3B6004408245910000F6D9FF4CB3484F4B0F61F1BBA0700D9B30C203C8
:20AA20007B00F8136B0F616182176DFF95788204825591000048D94492426DFF3A79DA0220
:20AA400034AF3B6004408255910000F6D9FF4CB3485F4B0F61F1BBA0700D9B30C2037B00C9
:20AA6000F8136B0F616182176DFF76788204826591000048D94489426DFF1B79DA0234AFAF
:20AA80003B6004408265910000F6D9FF4CB3486F4B0F61F1BBA0700D9B30C2037B00F81341
:20AAA0006B0F616182176DFF57788204827591000048D9449C326DFFFC78DA0234AF3B600B
:20AAC00004408275910000F6D9FF4CB3487F4B0F61F1BBA0700D9B30C2037B00F8136B0F02
:20AAE000616182176DFF387882043B80005091000048D944AE326DFFDC78DA0234AF3B605E
:20AB000004403B800050910000F6D9FF4CB3488F4B0F61F1BBA0700D9B30C2037B00F81317
:20AB20006B0F616182176DFF177882043B90005091000048D944A5326DFFBB78DA0234AF79
:20AB40003B6004403B900050910000F6D9FF4CB3489F4B0F61F1BBA0700D9B30C2037B0027
:20AB6000F8136B0F616182176DFFF67782043BA0005091000048D94481326DFF9A78DA0268
:20AB800034AF3B6004403BA00050910000F6D9FF4CB348AF4B0F61F1BBA0700D9B30C2035F
:20ABA0007B00F8136B0F616182176DFFD57782043BB0005091000048D944B8226DFF797894
:20ABC000DA0234AF3B6004403BB00050910000F6D9FF4CB348BF4B0F61F1BBA0700D9B30E8
:20ABE000C2037B00F8136B0F616182176DFFB47782043BC0005091000048D94493326DFFA6
:20AC00005878DA0234AF3B6004403BC00050910000F6D9FF4CB348CF4B0F61F1BBA0700D82
:20AC20009B30C2037B00F8136B0F616182176DFF937782043BD0005091000048D9448A3220
:20AC40006DFF3778DA0234AF3B6004403BD00050910000F6D9FF4CB348DF4B0F61F1BBA054
:20AC6000700D9B30C2037B00F8136B0F616182176DFF727782043BE0005091000048D94430
:20AC8000A412BB00806F3BF001706DFF33793B002C406D001C21DF021980910000F6D9FF76
:20ACA0000040DA0034FF910000F6D9FF3030DA0034FF910000F6D9FF3430DA0034FF820425
:20ACC0006DFF25751DFF26DF3C10910000F6D9FF343009F00008DA0F3FF00800910000F696
:20ACE000D9FF3430DA0034FF1D002E17910000F6D9FF004014FFDF2FB180910000F6D9FF59
:20AD0000343009FF00084EF3DA003C07910000F6D9FF343009FF0008910000F6D9FF3430CB
:20AD200034FF370F48008E0382103C03370F4800910000F6D9FF343034F0370048F0EE42DC
:20AD4000910000F6D9FF2CB091000026D92218B0542F535F20F091000026D9222CB05420F7
:20AD6000420F74FF910000F6D9FF18B0DA0074FF3B2003403B80005091000048D944B0222A
:20AD8000BB00806F3BF001706DFFB478DA0134AF3B8007403B800050910000F6D9FF2CB0CF
:20ADA00054FF4B0F616182376DFFD6763B2003403BC0005091000048D944A4126DFF7977C2
:20ADC0003C4A370048F0DF1F47803B2003403B80005091000048D944B0226DFF6A77DA0120
:20ADE00034AF3B8007403B800050910000F6D9FF2CB054FF4B0F616182376DFFAD763B2016
:20AE000003403BC0005091000048D944A412BB00806F3BF001706DFF6D783B002C406D004D
:20AE20005620DF021980910000F6D9FF0040DA0034FF910000F6D9FF3030DA0034FF910019
:20AE400000F6D9FF3430DA0034FF82046DFF5F741DFF60DE1D007816910000F6D9FF00404A
:20AE600014FFDF3F8F80910000F6D9FF343009FF0008EE3C910000F6D9FF30C0910000268F
:20AE8000D92218B0542F91000026D92230C05420420F74FF910000F6D9FF18B0DA0074FF1E
:20AEA0008204820591000048D9449062BB00806F3BF001706DFF1E78DA0234AF3B200840F3
:20AEC0008205910000F6D9FF30C054FF4B0F616182276DFF41763B60044082259100004802
:20AEE000D944A4126DFFE5763C4A910000F6D9FF343009FF0008DF1F438082048205910000
:20AF00000048D94490626DFFD476DA0234AF3B2008408205910000F6D9FF30C054FF4B0F3F
:20AF2000616182276DFF18763B600440822591000048D944A412BB00806F3BF001706DFFC8
:20AF4000D9773B002C406D00C21FDF021980910000F6D9FF0040DA0034FF910000F6D9FF27
:20AF60003030DA0034FF910000F6D9FF3430DA0034FF82046DFFCB731DFFCCDD1D00E41589
:20AF8000910000F6D9FF004014FFDF4F9080910000F6D9FF343009FF0008EE4B3B20034017
:20AFA000823591000048D944BB62BB00806F3BF001706DFF9F773B200340825591000048B1
:20AFC000D944A4126DFF75763B002C406D007F1FDF022F80910000F6D9FF0040DA0034FF59
:20AFE000910000F6D9FF3030DA0034FF910000F6D9FF3430DA0034FF82046DFF88733BA0ED
:20B00000424082156D00BB1F8204BB0040599B5573576D00242D910000F6D9FF3830DA01DC
:20B0200034FF910000F6D9FF3C30DA0134FF3C3C910000F6D9FF343009FF0008DF1F358006
:20B040003B200340823591000048D9449B726DFF30763B200340825591000048D944A41265
:20B06000BB00806F3BF001706DFF44773B002C406D002D1FDF021980910000F6D9FF0040EA
:20B08000DA0034FF910000F6D9FF3030DA0034FF910000F6D9FF3430DA0034FF82046DFF15
:20B0A00036731DFF37DD1D004F15910000F6D9FF004014FFDF5F3381910000F6D9FF3430CF
:20B0C00009FF0008EE56910000F6D9FF24B091000026D92218B0542F535F20F09100002673
:20B0E000D92224B05420420F74FF910000F6D9FF18B0DA0074FF8204820591000048D944D2
:20B10000B852BB00806F3BF001706DFFF376DA0134AF3B8007408205910000F6D9FF24B090
:20B1200054FF4B0F616182376DFF16758204821591000048D94484626DFFBB75DA0134AF9D
:20B140003B8007408215910000F6D9FF28B054FF4B0F616182376DFFFF743B80074082553F
:20B1600091000048D944A4126DFFA3751D00D500910000F6D9FF343009FF0008DF1F568006
:20B18000910000F6D9FF28B091000026D92218B0542F535F20F091000026D92228B05420BB
:20B1A000420F74FF910000F6D9FF18B0DA0074FF8204820591000048D944B8526DFF7975F0
:20B1C000DA0134AF3B8007408205910000F6D9FF24B054FF4B0F616182376DFFBD748204AA
:20B1E000821591000048D9448462BB00806F3BF001706DFF7F76DA0134AF3B8007408215DE
:20B20000910000F6D9FF28B054FF4B0F616182376DFFA2743B800740825591000048D9447E
:20B22000A4126DFF46753C78910000F6D9FF343009FF0008DF2F5B808204820591000048DB
:20B24000D944B8526DFF3575DA0134AF3B8007408205910000F6D9FF24B054FF4B0F6161C8
:20B2600082376DFF79748204821591000048D94484626DFF1E75DA0134AF3B80074082156D
:20B28000910000F6D9FF28B054FF4B0F616182376DFF62743B800740825591000048D9443E
:20B2A000A412BB00806F3BF001706DFF23763B002C406D000C1EDF021980910000F6D9FF76
:20B2C0000040DA0034FF910000F6D9FF3030DA0034FF910000F6D9FF3430DA0034FF8204FF
:20B2E0006DFF15721DFF16DC3C17910000F6D9FF343009FF0008BF3F1000910000F6D9FFBA
:20B30000343091000026D9223430092F000882304B0F010234F11D001714910000F6D9FF98
:20B32000004014FFDF6FA880910000F6D9FF343009FF0008EE3E910000F6D9FF38B091006D
:20B340000026D92218B0542F91000026D92238B05420420F74FF910000F6D9FF18B0DA00AE
:20B3600074FF8204820591000048D9448022BB00806F3BF001706DFFBD75DA0134AF3B8058
:20B3800007408205910000F6D9FF38B054FF1B4F29F04B0F616182376DFFDE733B8007402E
:20B3A000823591000048D944A4126DFF82743C61910000F6D9FF343009FF0008DF1F448096
:20B3C0008204820591000048D94480226DFF7174DA0134AF3B8007408205910000F6D9FFD1
:20B3E00038B054FF4B0F616182376DFFB5733B800740823591000048D944A412BB00806F9A
:20B400003BF001706DFF76753B002C406D005F1DDF021980910000F6D9FF0040DA0034FF83
:20B42000910000F6D9FF3030DA0034FF910000F6D9FF3430DA0034FF82046DFF68711DFF89
:20B4400069DB3C17910000F6D9FF343009FF0008BF2F1000910000F6D9FF3430910000260A
:20B46000D9223430092F000882204B0F010234F11D006A13910000F6D9FF303009FF0008A0
:20B48000DF0F6293910000F6D9FF004014FFDF0F5B13910000F6D9FF343009FF0008DF0FFA
:20B4A0004C81910000F6D9FF08D091000026D92218B0542F91000026D92208D05420420F3C
:20B4C00074FF910000F6D9FF18B0DA0074FF8204820591000048D9449822BB00806F3BF0F3
:20B4E00001706DFF0775DA0134AF3B6004408205910000F6D9FF08D054FF4B0F61F1BBD00E
:20B50000CC0C9BC0DC034B0F416082176DFF24738204821591000048D944A8226DFFC973FD
:20B52000DA0134AF3B6004408215910000F6D9FF0CD054FF4B0F61F1BBD0CC0C9BC0DC0300
:20B540004B0F416082176DFF07738204822591000048D94490226DFFAC73DA0134AF3B60B8
:20B5600004408225910000F6D9FF10D054FF4B0F61F1BBD0CC0C9BC0DC034B0F4160821771
:20B580006DFFEA728204823591000048D944A0226DFF8F73DA0134AF3B600440823591009B
:20B5A00000F6D9FF14D054FF4B0F61F1BBD0CC0C9BC0DC034B0F416082176DFFCD72820478
:20B5C000824591000048D94487126DFF7273DA0134AF3B6004408245910000F6D9FF18D019
:20B5E00054FF4B0F61F1BBD0CC0C9BC0DC034B0F416082176DFFB072820482559100004857
:20B60000D94482126DFF5573DA0134AF3B6004408255910000F6D9FF1CD054FF4B0F61F187
:20B62000BBD0CC0C9BC0DC034B0F416082176DFF93728204826591000048D944AC626DFF8B
:20B6400038733B6004408265910000F6D9FF30B054FF370F70606DFF49738204827591009B
:20B660000048D944A1526DFF24733B6004408275910000F6D9FF34B054FF370F70606DFF81
:20B68000357382043B80005091000048D94491126DFF0F733B6004403B800050910000F679
:20B6A000D9FF1CB054FF370F70606DFF1F7382043B90005091000048D9448C126DFFF97273
:20B6C0003B6004403B900050910000F6D9FF20B054FF370F70606DFF097382043BA000503F
:20B6E00091000048D94496526DFFE3723B6004403BA00050910000F6D9FF38B054FF370FC1
:20B7000070606DFFF37282043BB0005091000048D9448B526DFFCD723B6004403BB000502F
:20B72000910000F6D9FF3CB054FF370F70606DFFDD721D000912910000F6D9FF343009FF97
:20B740000008DF1F4C81910000F6D9FF0CD091000026D92218B0542F91000026D9220CD050
:20B760005420420F74FF910000F6D9FF18B0DA0074FF8204820591000048D94498226DFFF4
:20B780009872DA0134AF3B6004408205910000F6D9FF08D054FF4B0F61F1BBD0CC0C9BC087
:20B7A000DC034B0F416082176DFFD6718204821591000048D944A822BB00806F3BF0017040
:20B7C0006DFF9873DA0134AF3B6004408215910000F6D9FF0CD054FF4B0F61F1BBD0CC0C21
:20B7E0009BC0DC034B0F416082176DFFB5718204822591000048D94490226DFF5A72DA0101
:20B8000034AF3B6004408225910000F6D9FF10D054FF4B0F61F1BBD0CC0C9BC0DC034B0F8A
:20B82000416082176DFF98718204823591000048D944A0226DFF3D72DA0134AF3B600440AC
:20B840008235910000F6D9FF14D054FF4B0F61F1BBD0CC0C9BC0DC034B0F416082176DFF52
:20B860007B718204824591000048D94487126DFF2072DA0134AF3B6004408245910000F617
:20B88000D9FF18D054FF4B0F61F1BBD0CC0C9BC0DC034B0F416082176DFF5E718204825520
:20B8A00091000048D94482126DFF0372DA0134AF3B6004408255910000F6D9FF1CD054FF0B
:20B8C0004B0F61F1BBD0CC0C9BC0DC034B0F416082176DFF41718204826591000048D9440A
:20B8E000AC626DFFE6713B6004408265910000F6D9FF30B054FF370F70606DFFF7718204AF
:20B90000827591000048D944A1526DFFD2713B6004408275910000F6D9FF34B054FF370FE6
:20B9200070606DFFE37182043B80005091000048D94491126DFFBD713B6004403B800050C9
:20B94000910000F6D9FF1CB054FF370F70606DFFCD7182043B90005091000048D9448C1274
:20B960006DFFA7713B6004403B900050910000F6D9FF20B054FF370F70606DFFB771820497
:20B980003BA0005091000048D94496526DFF91713B6004403BA00050910000F6D9FF38B0DF
:20B9A00054FF370F70606DFFA17182043BB0005091000048D9448B526DFF7B713B600440D5
:20B9C0003BB00050910000F6D9FF3CB054FF370F70606DFF8B711D00B710910000F6D9FFCD
:20B9E000343009FF0008DF2F4C81910000F6D9FF10D091000026D92218B0542F9100002605
:20BA0000D92210D05420420F74FF910000F6D9FF18B0DA0074FF8204820591000048D9449C
:20BA200098226DFF4671DA0134AF3B6004408205910000F6D9FF08D054FF4B0F61F1BBD044
:20BA4000CC0C9BC0DC034B0F416082176DFF84708204821591000048D944A8226DFF2971FD
:20BA6000DA0134AF3B6004408215910000F6D9FF0CD054FF4B0F61F1BBD0CC0C9BC0DC03BB
:20BA80004B0F416082176DFF67708204822591000048D9449022BB00806F3BF001706DFF48
:20BAA0002972DA0134AF3B6004408225910000F6D9FF10D054FF4B0F61F1BBD0CC0C9BC0AB
:20BAC000DC034B0F416082176DFF46708204823591000048D944A0226DFFEB70DA0134AF57
:20BAE0003B6004408235910000F6D9FF14D054FF4B0F61F1BBD0CC0C9BC0DC034B0F4160D6
:20BB000082176DFF29708204824591000048D94487126DFFCE70DA0134AF3B60044082459D
:20BB2000910000F6D9FF18D054FF4B0F61F1BBD0CC0C9BC0DC034B0F416082176DFF0C70A6
:20BB40008204825591000048D94482126DFFB170DA0134AF3B6004408255910000F6D9FF9E
:20BB60001CD054FF4B0F61F1BBD0CC0C9BC0DC034B0F416082176DFFEF6F820482659100E1
:20BB80000048D944AC626DFF94703B6004408265910000F6D9FF30B054FF370F70606DFFE8
:20BBA000A5708204827591000048D944A1526DFF80703B6004408275910000F6D9FF34B095
:20BBC00054FF370F70606DFF917082043B80005091000048D94491126DFF6B703B6004403F
:20BBE0003B800050910000F6D9FF1CB054FF370F70606DFF7B7082043B90005091000048D5
:20BC0000D9448C126DFF55703B6004403B900050910000F6D9FF20B054FF370F70606DFF3A
:20BC2000657082043BA0005091000048D94496526DFF3F703B6004403BA00050910000F6F4
:20BC4000D9FF38B054FF370F70606DFF4F7082043BB0005091000048D9448B526DFF2970F7
:20BC60003B6004403BB00050910000F6D9FF3CB054FF370F70606DFF39701D00650F9100BF
:20BC800000F6D9FF343009FF0008DF3F4C81910000F6D9FF14D091000026D92218B0542F37
:20BCA00091000026D92214D05420420F74FF910000F6D9FF18B0DA0074FF820482059100A4
:20BCC0000048D94498226DFFF46FDA0134AF3B6004408205910000F6D9FF08D054FF4B0F6E
:20BCE00061F1BBD0CC0C9BC0DC034B0F416082176DFF326F8204821591000048D944A822D7
:20BD00006DFFD76FDA0134AF3B6004408215910000F6D9FF0CD054FF4B0F61F1BBD0CC0CA0
:20BD20009BC0DC034B0F416082176DFF156F8204822591000048D94490226DFFBA6FDA0100
:20BD400034AF3B6004408225910000F6D9FF10D054FF4B0F61F1BBD0CC0C9BC0DC034B0F45
:20BD6000416082176DFFF86E8204823591000048D944A022BB00806F3BF001706DFFBA70E6
:20BD8000DA0134AF3B6004408235910000F6D9FF14D054FF4B0F61F1BBD0CC0C9BC0DC0370
:20BDA0004B0F416082176DFFD76E8204824591000048D94487126DFF7C6FDA0134AF3B60B2
:20BDC00004408245910000F6D9FF18D054FF4B0F61F1BBD0CC0C9BC0DC034B0F41608217E1
:20BDE0006DFFBA6E8204825591000048D94482126DFF5F6FDA0134AF3B6004408255910089
:20BE000000F6D9FF1CD054FF4B0F61F1BBD0CC0C9BC0DC034B0F416082176DFF9D6E82043B
:20BE2000826591000048D944AC626DFF426F3B6004408265910000F6D9FF30B054FF370F5C
:20BE400070606DFF536F8204827591000048D944A1526DFF2E6F3B6004408275910000F618
:20BE6000D9FF34B054FF370F70606DFF3F6F82043B80005091000048D94491126DFF196F65
:20BE80003B6004403B800050910000F6D9FF1CB054FF370F70606DFF296F82043B9000507F
:20BEA00091000048D9448C126DFF036F3B6004403B900050910000F6D9FF20B054FF370F4E
:20BEC00070606DFF136F82043BA0005091000048D94496526DFFED6E3B6004403BA0005044
:20BEE000910000F6D9FF38B054FF370F70606DFFFD6E82043BB0005091000048D9448B5227
:20BF00006DFFD76E3B6004403BB00050910000F6D9FF3CB054FF370F70606DFFE76E1D00C4
:20BF2000130E910000F6D9FF343009FF0008DF4F4C81910000F6D9FF18D091000026D92219
:20BF400018B0542F91000026D92218D05420420F74FF910000F6D9FF18B0DA0074FF8204CA
:20BF6000820591000048D94498226DFFA26EDA0134AF3B6004408205910000F6D9FF08D0B3
:20BF800054FF4B0F61F1BBD0CC0C9BC0DC034B0F416082176DFFE06D8204821591000048C2
:20BFA000D944A8226DFF856EDA0134AF3B6004408215910000F6D9FF0CD054FF4B0F61F1CD
:20BFC000BBD0CC0C9BC0DC034B0F416082176DFFC36D8204822591000048D94490226DFF53
:20BFE000686EDA0134AF3B6004408225910000F6D9FF10D054FF4B0F61F1BBD0CC0C9BC02B
:20C00000DC034B0F416082176DFFA66D8204823591000048D944A0226DFF4B6EDA0134AF56
:20C020003B6004408235910000F6D9FF14D054FF4B0F61F1BBD0CC0C9BC0DC034B0F416090
:20C0400082176DFF896D8204824591000048D9448712BB00806F3BF001706DFF4B6FDA01C2
:20C0600034AF3B6004408245910000F6D9FF18D054FF4B0F61F1BBD0CC0C9BC0DC034B0FFA
:20C08000416082176DFF686D8204825591000048D94482126DFF0D6EDA0134AF3B600440BA
:20C0A0008255910000F6D9FF1CD054FF4B0F61F1BBD0CC0C9BC0DC034B0F416082176DFFC2
:20C0C0004B6D8204826591000048D944AC626DFFF06D3B6004408265910000F6D9FF30B069
:20C0E00054FF370F70606DFF016E8204827591000048D944A1526DFFDC6D3B60044082750B
:20C10000910000F6D9FF34B054FF370F70606DFFED6D82043B80005091000048D944911283
:20C120006DFFC76D3B6004403B800050910000F6D9FF1CB054FF370F70606DFFD76D8204AB
:20C140003B90005091000048D9448C126DFFB16D3B6004403B900050910000F6D9FF20B07D
:20C1600054FF370F70606DFFC16D82043BA0005091000048D94496526DFF9B6D3B600440DA
:20C180003BA00050910000F6D9FF38B054FF370F70606DFFAB6D82043BB0005091000048A6
:20C1A000D9448B526DFF856D3B6004403BB00050910000F6D9FF3CB054FF370F70606DFFED
:20C1C000956D1D00C10C910000F6D9FF343009FF0008DF5F4C81910000F6D9FF1CD09100B9
:20C1E0000026D92218B0542F91000026D9221CD05420420F74FF910000F6D9FF18B0DA00FC
:20C2000074FF8204820591000048D94498226DFF506DDA0134AF3B6004408205910000F61A
:20C22000D9FF08D054FF4B0F61F1BBD0CC0C9BC0DC034B0F416082176DFF8E6C820482159B
:20C2400091000048D944A8226DFF336DDA0134AF3B6004408215910000F6D9FF0CD054FF50
:20C260004B0F61F1BBD0CC0C9BC0DC034B0F416082176DFF716C8204822591000048D94475
:20C2800090226DFF166DDA0134AF3B6004408225910000F6D9FF10D054FF4B0F61F1BBD0F0
:20C2A000CC0C9BC0DC034B0F416082176DFF546C8204823591000048D944A0226DFFF96CE6
:20C2C000DA0134AF3B6004408235910000F6D9FF14D054FF4B0F61F1BBD0CC0C9BC0DC032B
:20C2E0004B0F416082176DFF376C8204824591000048D94487126DFFDC6CDA0134AF3B60B2
:20C3000004408245910000F6D9FF18D054FF4B0F61F1BBD0CC0C9BC0DC034B0F416082179B
:20C320006DFF1A6C8204825591000048D9448212BB00806F3BF001706DFFDC6DDA0134AF6B
:20C340003B6004408255910000F6D9FF1CD054FF4B0F61F1BBD0CC0C9BC0DC034B0F416045
:20C3600082176DFFF96B8204826591000048D944AC626DFF9E6C3B6004408265910000F620
:20C38000D9FF30B054FF370F70606DFFAF6C8204827591000048D944A1526DFF8A6C3B6092
:20C3A00004408275910000F6D9FF34B054FF370F70606DFF9B6C82043B80005091000048B9
:20C3C000D94491126DFF756C3B6004403B800050910000F6D9FF1CB054FF370F70606DFF66
:20C3E000856C82043B90005091000048D9448C126DFF5F6C3B6004403B900050910000F65F
:20C40000D9FF20B054FF370F70606DFF6F6C82043BA0005091000048D94496526DFF496C14
:20C420003B6004403BA00050910000F6D9FF38B054FF370F70606DFF596C82043BB0005050
:20C4400091000048D9448B526DFF336C3B6004403BB00050910000F6D9FF3CB054FF370F00
:20C4600070606DFF436C1D006F0B910000F6D9FF343009FF0008DF6F4C81910000F6D9FFED
:20C4800030B091000026D92218B0542F91000026D92230B05420420F74FF910000F6D9FF96
:20C4A00018B0DA0074FF8204820591000048D94498226DFFFE6BDA0134AF3B6004408205B1
:20C4C000910000F6D9FF08D054FF4B0F61F1BBD0CC0C9BC0DC034B0F416082176DFF3C6BE2
:20C4E0008204821591000048D944A8226DFFE16BDA0134AF3B6004408215910000F6D9FF14
:20C500000CD054FF4B0F61F1BBD0CC0C9BC0DC034B0F416082176DFF1F6B8204822591005B
:20C520000048D94490226DFFC46BDA0134AF3B6004408225910000F6D9FF10D054FF4B0F19
:20C5400061F1BBD0CC0C9BC0DC034B0F416082176DFF026B8204823591000048D944A0228A
:20C560006DFFA76BDA0134AF3B6004408235910000F6D9FF14D054FF4B0F61F1BBD0CC0C44
:20C580009BC0DC034B0F416082176DFFE56A8204824591000048D94487126DFF8A6BDA01FA
:20C5A00034AF3B6004408245910000F6D9FF18D054FF4B0F61F1BBD0CC0C9BC0DC034B0FB5
:20C5C000416082176DFFC86A8204825591000048D94482126DFF6D6BDA0134AF3B600440BB
:20C5E0008255910000F6D9FF1CD054FF4B0F61F1BBD0CC0C9BC0DC034B0F416082176DFF7D
:20C60000AB6A8204826591000048D944AC62BB00806F3BF001706DFF6D6C3B600440826543
:20C62000910000F6D9FF30B054FF370F70606DFF5D6B8204827591000048D944A1526DFF4C
:20C64000386B3B6004408275910000F6D9FF34B054FF370F70606DFF496B82043B80005004
:20C6600091000048D94491126DFF236B3B6004403B800050910000F6D9FF1CB054FF370F79
:20C6800070606DFF336B82043B90005091000048D9448C126DFF0D6B3B6004403B900050AD
:20C6A000910000F6D9FF20B054FF370F70606DFF1D6B82043BA0005091000048D94496525F
:20C6C0006DFFF76A3B6004403BA00050910000F6D9FF38B054FF370F70606DFF076B82046F
:20C6E0003BB0005091000048D9448B526DFFE16A3B6004403BB00050910000F6D9FF3CB010
:20C7000054FF370F70606DFFF16A1D001D0A910000F6D9FF343009FF0008DF7F4C81910016
:20C7200000F6D9FF34B091000026D92218B0542F91000026D92234B05420420F74FF9100EB
:20C7400000F6D9FF18B0DA0074FF8204820591000048D94498226DFFAC6ADA0134AF3B605E
:20C7600004408205910000F6D9FF08D054FF4B0F61F1BBD0CC0C9BC0DC034B0F4160821787
:20C780006DFFEA698204821591000048D944A8226DFF8F6ADA0134AF3B60044082159100D3
:20C7A00000F6D9FF0CD054FF4B0F61F1BBD0CC0C9BC0DC034B0F416082176DFFCD69820477
:20C7C000822591000048D94490226DFF726ADA0134AF3B6004408225910000F6D9FF10D03F
:20C7E00054FF4B0F61F1BBD0CC0C9BC0DC034B0F416082176DFFB06982048235910000486E
:20C80000D944A0226DFF556ADA0134AF3B6004408235910000F6D9FF14D054FF4B0F61F178
:20C82000BBD0CC0C9BC0DC034B0F416082176DFF93698204824591000048D94487126DFF17
:20C84000386ADA0134AF3B6004408245910000F6D9FF18D054FF4B0F61F1BBD0CC0C9BC0CE
:20C86000DC034B0F416082176DFF76698204825591000048D94482126DFF1B6ADA0134AF64
:20C880003B6004408255910000F6D9FF1CD054FF4B0F61F1BBD0CC0C9BC0DC034B0F416000
:20C8A00082176DFF59698204826591000048D944AC626DFFFE693B6004408265910000F620
:20C8C000D9FF30B054FF370F70606DFF0F6A8204827591000048D944A152BB00806F3BF017
:20C8E00001706DFF076B3B6004408275910000F6D9FF34B054FF370F70606DFFF769820415
:20C900003B80005091000048D94491126DFFD1693B6004403B800050910000F6D9FF1CB0B8
:20C9200054FF370F70606DFFE16982043B90005091000048D9448C126DFFBB693B60044034
:20C940003B900050910000F6D9FF20B054FF370F70606DFFCB6982043BA0005091000048FA
:20C96000D94496526DFFA5693B6004403BA00050910000F6D9FF38B054FF370F70606DFF12
:20C98000B56982043BB0005091000048D9448B526DFF8F693B6004403BB00050910000F6E0
:20C9A000D9FF3CB054FF370F70606DFF9F691D00CB08910000F6D9FF343009F00008DA0840
:20C9C0005F0F4C81910000F6D9FF1CB091000026D92218B0542F91000026D9221CB0542002
:20C9E000420F74FF910000F6D9FF18B0DA0074FF8204820591000048D94498226DFF596914
:20CA0000DA0134AF3B6004408205910000F6D9FF08D054FF4B0F61F1BBD0CC0C9BC0DC031F
:20CA20004B0F416082176DFF97688204821591000048D944A8226DFF3C69DA0134AF3B60B0
:20CA400004408215910000F6D9FF0CD054FF4B0F61F1BBD0CC0C9BC0DC034B0F4160821790
:20CA60006DFF7A688204822591000048D94490226DFF1F69DA0134AF3B60044082259100CA
:20CA800000F6D9FF10D054FF4B0F61F1BBD0CC0C9BC0DC034B0F416082176DFF5D68820401
:20CAA000823591000048D944A0226DFF0269DA0134AF3B6004408235910000F6D9FF14D099
:20CAC00054FF4B0F61F1BBD0CC0C9BC0DC034B0F416082176DFF40688204824591000048EC
:20CAE000D94487126DFFE568DA0134AF3B6004408245910000F6D9FF18D054FF4B0F61F11D
:20CB0000BBD0CC0C9BC0DC034B0F416082176DFF23688204825591000048D94482126DFF9A
:20CB2000C868DA0134AF3B6004408255910000F6D9FF1CD054FF4B0F61F1BBD0CC0C9BC049
:20CB4000DC034B0F416082176DFF06688204826591000048D944AC626DFFAB683B600440B9
:20CB60008265910000F6D9FF30B054FF370F70606DFFBC688204827591000048D944A15230
:20CB80006DFF97683B6004408275910000F6D9FF34B054FF370F70606DFFA86882043B80EB
:20CBA000005091000048D9449112BB00806F3BF001706DFF9F693B6004403B800050910057
:20CBC00000F6D9FF1CB054FF370F70606DFF8E6882043B90005091000048D9448C126DFF4F
:20CBE00068683B6004403B900050910000F6D9FF20B054FF370F70606DFF786882043BA026
:20CC0000005091000048D94496526DFF52683B6004403BA00050910000F6D9FF38B054FF1C
:20CC2000370F70606DFF626882043BB0005091000048D9448B526DFF3C683B6004403BB03A
:20CC40000050910000F6D9FF3CB054FF370F70606DFF4C681D007807910000F6D9FF343051
:20CC600009F00008DA095F0F4C81910000F6D9FF20B091000026D92218B0542F91000026B2
:20CC8000D92220B05420420F74FF910000F6D9FF18B0DA0074FF8204820591000048D9441A
:20CCA00098226DFF0668DA0134AF3B6004408205910000F6D9FF08D054FF4B0F61F1BBD0FB
:20CCC000CC0C9BC0DC034B0F416082176DFF44678204821591000048D944A8226DFFE967FE
:20CCE000DA0134AF3B6004408215910000F6D9FF0CD054FF4B0F61F1BBD0CC0C9BC0DC0329
:20CD00004B0F416082176DFF27678204822591000048D94490226DFFCC67DA0134AF3B60B8
:20CD200004408225910000F6D9FF10D054FF4B0F61F1BBD0CC0C9BC0DC034B0F4160821799
:20CD40006DFF0A678204823591000048D944A0226DFFAF67DA0134AF3B600440823591009A
:20CD600000F6D9FF14D054FF4B0F61F1BBD0CC0C9BC0DC034B0F416082176DFFED6682048C
:20CD8000824591000048D94487126DFF9267DA0134AF3B6004408245910000F6D9FF18D02D
:20CDA00054FF4B0F61F1BBD0CC0C9BC0DC034B0F416082176DFFD06682048255910000486B
:20CDC000D94482126DFF7567DA0134AF3B6004408255910000F6D9FF1CD054FF4B0F61F19C
:20CDE000BBD0CC0C9BC0DC034B0F416082176DFFB3668204826591000048D944AC626DFFA0
:20CE000058673B6004408265910000F6D9FF30B054FF370F70606DFF69678204827591009B
:20CE20000048D944A1526DFF44673B6004408275910000F6D9FF34B054FF370F70606DFF95
:20CE4000556782043B80005091000048D94491126DFF2F673B6004403B800050910000F679
:20CE6000D9FF1CB054FF370F70606DFF3F6782043B90005091000048D9448C12BB00806FB4
:20CE80003BF001706DFF36683B6004403B900050910000F6D9FF20B054FF370F70606DFFEE
:20CEA000256782043BA0005091000048D94496526DFFFF663B6004403BA00050910000F6F5
:20CEC000D9FF38B054FF370F70606DFF0F6782043BB0005091000048D9448B526DFFE966F8
:20CEE0003B6004403BB00050910000F6D9FF3CB054FF370F70606DFFF9661D0025069100C0
:20CF000000F6D9FF343009F00008DA0A5F0F4C81910000F6D9FF38B091000026D92218B0FE
:20CF2000542F91000026D92238B05420420F74FF910000F6D9FF18B0DA0074FF820482051B
:20CF400091000048D94498226DFFB366DA0134AF3B6004408205910000F6D9FF08D054FFEE
:20CF60004B0F61F1BBD0CC0C9BC0DC034B0F416082176DFFF1658204821591000048D944FF
:20CF8000A8226DFF9666DA0134AF3B6004408215910000F6D9FF0CD054FF4B0F61F1BBD066
:20CFA000CC0C9BC0DC034B0F416082176DFFD4658204822591000048D94490226DFF796606
:20CFC000DA0134AF3B6004408225910000F6D9FF10D054FF4B0F61F1BBD0CC0C9BC0DC0332
:20CFE0004B0F416082176DFFB7658204823591000048D944A0226DFF5C66DA0134AF3B6099
:20D0000004408235910000F6D9FF14D054FF4B0F61F1BBD0CC0C9BC0DC034B0F41608217A2
:20D020006DFF9A658204824591000048D94487126DFF3F66DA0134AF3B60044082459100A3
:20D0400000F6D9FF18D054FF4B0F61F1BBD0CC0C9BC0DC034B0F416082176DFF7D65820416
:20D06000825591000048D94482126DFF2266DA0134AF3B6004408255910000F6D9FF1CD09C
:20D0800054FF4B0F61F1BBD0CC0C9BC0DC034B0F416082176DFF60658204826591000048E9
:20D0A000D944AC626DFF05663B6004408265910000F6D9FF30B054FF370F70606DFF166618
:20D0C0008204827591000048D944A1526DFFF1653B6004408275910000F6D9FF34B054FFBC
:20D0E000370F70606DFF026682043B80005091000048D94491126DFFDC653B6004403B80D5
:20D100000050910000F6D9FF1CB054FF370F70606DFFEC6582043B90005091000048D944D7
:20D120008C126DFFC6653B6004403B900050910000F6D9FF20B054FF370F70606DFFD66581
:20D1400082043BA0005091000048D9449652BB00806F3BF001706DFFCD663B6004403BA0A1
:20D160000050910000F6D9FF38B054FF370F70606DFFBC6582043BB0005091000048D9446B
:20D180008B526DFF96653B6004403BB00050910000F6D9FF3CB054FF370F70606DFFA66506
:20D1A0001D00D204910000F6D9FF343009F00008DA0B5F0F4C81910000F6D9FF3CB09100BC
:20D1C0000026D92218B0542F91000026D9223CB05420420F74FF910000F6D9FF18B0DA000C
:20D1E00074FF8204820591000048D94498226DFF6065DA0134AF3B6004408205910000F623
:20D20000D9FF08D054FF4B0F61F1BBD0CC0C9BC0DC034B0F416082176DFF9E6482048215A3
:20D2200091000048D944A8226DFF4365DA0134AF3B6004408215910000F6D9FF0CD054FF58
:20D240004B0F61F1BBD0CC0C9BC0DC034B0F416082176DFF81648204822591000048D9447D
:20D2600090226DFF2665DA0134AF3B6004408225910000F6D9FF10D054FF4B0F61F1BBD0F8
:20D28000CC0C9BC0DC034B0F416082176DFF64648204823591000048D944A0226DFF0965E5
:20D2A000DA0134AF3B6004408235910000F6D9FF14D054FF4B0F61F1BBD0CC0C9BC0DC033B
:20D2C0004B0F416082176DFF47648204824591000048D94487126DFFEC64DA0134AF3B60B2
:20D2E00004408245910000F6D9FF18D054FF4B0F61F1BBD0CC0C9BC0DC034B0F41608217AC
:20D300006DFF2A648204825591000048D94482126DFFCF64DA0134AF3B6004408255910088
:20D3200000F6D9FF1CD054FF4B0F61F1BBD0CC0C9BC0DC034B0F416082176DFF0D648204A0
:20D34000826591000048D944AC626DFFB2643B6004408265910000F6D9FF30B054FF370FC2
:20D3600070606DFFC3648204827591000048D944A1526DFF9E643B6004408275910000F619
:20D38000D9FF34B054FF370F70606DFFAF6482043B80005091000048D94491126DFF896466
:20D3A0003B6004403B800050910000F6D9FF1CB054FF370F70606DFF996482043B900050E5
:20D3C00091000048D9448C126DFF73643B6004403B900050910000F6D9FF20B054FF370FB4
:20D3E00070606DFF836482043BA0005091000048D94496526DFF5D643B6004403BA0005044
:20D40000910000F6D9FF38B054FF370F70606DFF6D6482043BB0005091000048D9448B528B
:20D42000BB00806F3BF001706DFF64653B6004403BB00050910000F6D9FF3CB054FF370F73
:20D4400070606DFF53641D007F03910000F6D9FF343009F00008DA0C5F0FAC80910000F66F
:20D46000D9FF18B0DA0074FF3B800740820591000048D944B8026DFF1C643B800740821501
:20D4800091000048D944B8026DFF13643B800740822591000048D944B8026DFF0A643B800B
:20D4A0000740823591000048D944B8026DFF01643B800740824591000048D944B8026DFF08
:20D4C000F8633B800740825591000048D944B8026DFFEF633B800740826591000048D944CB
:20D4E000B8026DFFE6633B800740827591000048D944B8026DFFDD633B8007403B8000505B
:20D5000091000048D944B8026DFFD3633B8007403B90005091000048D944B8026DFFC96354
:20D520003B8007403BA0005091000048D944B8026DFFBF633B8007403BB00050910000486A
:20D54000D944B8026DFFB5633B8007403BC0005091000048D944BA026DFFAB633B800740F5
:20D560003BD0005091000048D944B8026DFFA1633B8007403BE0005091000048D944B80213
:20D580006DFF97633B8007403BF0005091000048D944B8026DFF8D633B8007403B0001500E
:20D5A00091000048D944B8026DFF83631D00CC02910000F6D9FF343009F00008DA0D5F0F65
:20D5C000AC80910000F6D9FF18B0DA0074FF3B800740820591000048D944B8026DFF69633A
:20D5E0003B800740821591000048D944B8026DFF60633B800740822591000048D944B8025A
:20D600006DFF57633B800740823591000048D944B8026DFF4E633B800740824591000048BC
:20D62000D944B8026DFF45633B800740825591000048D944B8026DFF3C633B800740826582
:20D6400091000048D944B8026DFF33633B800740827591000048D944B8026DFF2A633B80BB
:20D6600007403B80005091000048D944B8026DFF20633B8007403B90005091000048D944A6
:20D68000B8026DFF16633B8007403BA0005091000048D944B8026DFF0C633B8007403BB046
:20D6A000005091000048D944B8026DFF02633B8007403BC0005091000048D944B8026DFF30
:20D6C000F8623B8007403BD0005091000048D944BA026DFFEE623B8007403BE00050910027
:20D6E0000048D944B8026DFFE4623B8007403BF0005091000048D944B8026DFFDA623B80C9
:20D7000007403B00015091000048D944B8026DFFD0621D001902910000F6D9FF343009F0F4
:20D720000008DA0E5F0FAC80910000F6D9FF18B0DA0074FF3B800740820591000048D9446C
:20D74000B8026DFFB6623B800740821591000048D944B8026DFFAD623B800740822591008D
:20D760000048D944B8026DFFA4623B800740823591000048D944B8026DFF9B623B80074044
:20D78000824591000048D944B8026DFF92623B800740825591000048D944B8026DFF8962D2
:20D7A0003B800740826591000048D944B8026DFF80623B800740827591000048D944B802D9
:20D7C0006DFF77623B8007403B80005091000048D944B8026DFF6D623B8007403B900050EF
:20D7E00091000048D944B8026DFF63623B8007403BA0005091000048D944B8026DFF596244
:20D800003B8007403BB0005091000048D944B8026DFF4F623B8007403BC0005091000048D8
:20D82000D944B8026DFF45623B8007403BD0005091000048D944B8026DFF3B623B800740E6
:20D840003BE0005091000048D944BA026DFF31623B8007403BF0005091000048D944B8027F
:20D860006DFF27623B8007403B00015091000048D944B8026DFF1D621D006601910000F67F
:20D88000D9FF343009F00008DA0F5F0FAC80910000F6D9FF18B0DA0074FF3B8007408205CB
:20D8A00091000048D944B8026DFF03623B800740821591000048D944B8026DFFFA613B801C
:20D8C0000740822591000048D944B8026DFFF1613B800740823591000048D944B8026DFF17
:20D8E000E8613B800740824591000048D944B8026DFFDF613B800740825591000048D944EB
:20D90000B8026DFFD6613B800740826591000048D944B8026DFFCD613B80074082759100ED
:20D920000048D944B8026DFFC4613B8007403B80005091000048D944B8026DFFBA613B8038
:20D9400007403B90005091000048D944B8026DFFB0613B8007403BA0005091000048D94415
:20D96000B8026DFFA6613B8007403BB0005091000048D944B8026DFF9C613B8007403BC027
:20D98000005091000048D944B8026DFF92613B8007403BD0005091000048D944B8026DFFAF
:20D9A00088613B8007403BE0005091000048D944B8026DFF7E613B8007403BF00050910008
:20D9C0000048D944BA026DFF74613B8007403B00015091000048D944B8026DFF6A611D0053
:20D9E000B300910000F6D9FF343009F00008DA105F0FAA80910000F6D9FF18B0DA0074FFBA
:20DA00003B800740820591000048D944B8026DFF50613B800740821591000048D944B80267
:20DA20006DFF47613B800740822591000048D944B8026DFF3E613B800740823591000048DC
:20DA4000D944B8026DFF35613B800740824591000048D944B8026DFF2C613B8007408255A2
:20DA600091000048D944B8026DFF23613B800740826591000048D944B8026DFF1A613B80CB
:20DA80000740827591000048D944B8026DFF11613B8007403B80005091000048D944B802FD
:20DAA0006DFF07613B8007403B90005091000048D944B8026DFFFD603B8007403BA00050CF
:20DAC00091000048D944B8026DFFF3603B8007403BB0005091000048D944B8026DFFE96035
:20DAE0003B8007403BC0005091000048D944B8026DFFDF603B8007403BD000509100004848
:20DB0000D944B8026DFFD5603B8007403BE0005091000048D944B8026DFFCB603B800740D7
:20DB20003BF0005091000048D944B8026DFFC1603B8007403B00015091000048D944BA02ED
:20DB40006DFFB7608204BB00085F9BA52F506D00861700904DC0E2FF3C010D0040030000C6
:20DB60003C013C016DFFDD5202246DFF865191000046D94420306DFFC03291000046D94491
:20DB80002030BBF0FF4F6DFFB9330D0000033C2691000046D94428D36DFF7E6F82003C1C50
:20DBA000F607910000F6D9FF24D3DA00B4FF910000F6D9FF24D391000026D92224D39421D1
:20DBC000532020F091000026D92228D31022942F42F1B4F1C210BF20E57F00903704E80B75
:20DBE000DAFF7E09B70489FBEE048F141EF0AA04024200903704E8FBEE047B00F82300902B
:20DC00007B202BFC4BF401F02E073B8000406DFF1E6C820200907B202BF44BF401F02E2D93
:20DC2000910000F6DA1859FF70433B0002406DFF0E6C7B00F8270090BBB0A3FA9B8FFBF3B3
:20DC40004BF441F002F46D002E004B0231513BD0C6144B054101BB603A2E6B0031FF7B00E4
:20DC6000F0036B0031FF9BC1D6134BFF41009B620E246B1061123B304F209B52FB234BF108
:20DC800041F0BB80D2189B611A146B0121006B0F21106B0F31F04B2141104BF151401D008A
:20DCA0004700DA0020084BF401F074A46F0F15006744BF4F40A46D00A1013702E8FB6E0703
:20DCC00054AF7B00F8036B0021FF74AF54AF67FFBFFF74AF3C0440A46D00900154A200902B
:20DCE000B705819F0248B708814F02956D0080028F121EF06E036B0921220B2810481DFF6B
:20DD0000086E02453705E80BF605820474441DFF006E8B2018F0744FDAFF7E0302520090A0
:20DD2000B705882B7B00F0F3A6F2009002483708E8FB6E043BF00F007E03028200901250DF
:20DD40003BE01FF03F5F0500DAFE7F0F0E00910000F6DA1859FF70433B0002406DFF776B33
:20DD60007B00F8473C0B3B20E0FF3FF503004E093B8000406DFF6B6B820402851DFFC96D3E
:20DD8000B708882B8F7001F0A6F20090DA0020084BF401F016036E123704E8FBEE0D910084
:20DDA00000F6DA1859FF70433B0001406DFF4F6B7B00F82F00901DFF376B3704E80BDAFFD7
:20DDC0007E030242009040A46DFF9DFF3B304FF09B5FF3F34BF201F02E087B0000F44BF268
:20DDE000412054AFC2FF74AF7B00F8F36B0F31026B0F21F23B6022144BF051F03BE014219E
:20DE00009B51F6134BFF41009B42052C6B1061023BD014119B41FD1B6BFF61113B80212793
:20DE20009B12F3234B10510054A14B0141114B2141106BF061210090C234B70402F06E6540
:20DE40009249DF096300910000F6D9FF485354FFEE1582046DFFE56C802F325F16039244DA
:20DE60006DFFDF6C8020DFF051001022F4F291000046B542445382007420D4FC820A3C03FD
:20DE800010CCB0FC54CF6E036F0FFCFFF4FC3C1DB70801F010CF6F08188054FFEE1182042E
:20DEA0006DFFBF6C49F4040A7D420F80325802846DFFB76C802F1EF874CA82083C0CAE040C
:20DEC00042F874C840CF40FC54C876856F08E2FF3F98E0FFDF082680BF19180002946DFFDD
:20DEE000A06C802F9EF249CF040A01F220F4EE0D012F30F4EE12802F325F1603102F9244ED
:20DF00006DFF8F6C802F5EF3A002009001CF2020802F960174CF40FC01C900F674FA3C0A1F
:20DF20009A493FF8078001C900F6A29874F83C0202898F1940F174CF49C2040A0090DF0469
:20DF40003000404FBF842780804F8F3F000180518F3100115F101F802E06C2F4045F344FFA
:20DF6000494F010A80FF2E16045F24FFC2E4045F24FF8F7400018FD41FF06E0B02F1405215
:20DF8000C2F160160922480189F24801FC6CD05502047646C2F46042045F24FFFC2E404247
:20DFA0000090404FBF852380804F2E05C2F53444494F010A80FF2E1424F4C2E524F48F75EB
:20DFC00000F106D5DF051200D200764A370468008F802010A6108F002110A6100201C2F525
:20DFE000605289F04801FC2E02F57655C2F5605224F4FC2F40420090024F370FE81B8F1FBB
:20E000001E00DAFF7E17024F7444B70F89FB6E123C0B8FF00150DA7F7FF10900DA00B70F18
:20E0200081FFA65F744F02420090DA963FF10A007444DA00B70F81FF8FF00120A6F200907A
:20E04000B704890B8F71012082F38B6109110F1300302630B700890BA652A60274426B021F
:20E0600031F4B70F812FA65200900249025A7B00F8834B8901F0AE1502AF370FE8FBEE0888
:20E08000029F370FE8FBEE7D61FF74263C7A6DFF056AF62502A46DFF016A76247B00FC27F0
:20E0A000009002A46DFFF169DF022000029F370FE8FBEE097B00F8FF4BFA01F02E1467AAA7
:20E0C000BF2F0090B709812F4B8201F0AE1B8200370F61114B0A01F0370F61F17E147B00A6
:20E0E000F827009082020090820802946DFFCD69DF0220004B8A01F0AE047B00F8073C026A
:20E10000820082014B8901F02E0E4B0A312102134B0241F14BAF01F02E148F1200F1AA1342
:20E12000023FAA11B700812F8FF101F0A6F200903709E8FBEE284B0A31B14B8A01006F002E
:20E14000170061FF17263B0001406DFF80694B0B411182004BA101F061FF12267B00F847E1
:20E160006E0402951DFFD56B024200904B0B41F182004BAF01F061FF03266E030292009053
:20E18000028200904B8901F06F0F18004B0A31814B0841F14BAF01F02E1E6799BF4F6DFFD3
:20E1A000F7FD4B2A41406DFF1BFD6F0804006722BF2F009061FFDE2502946DFFE9FD4B2AAF
:20E1C00041401DFF0DFD20104045910000F6D9FF180049F2140AF4A249A6100A40A46DFF24
:20E1E000C76609FFE4081640AAF20090200840A41D00020002408F101E30B700890B37059B
:20E20000E82B024FB710817BB705890B370FE81BDAFF8F151E60B710818B02397E28B705D3
:20E22000890BF6033E143C10025200907E16024FB70F89FBEE0B3C02F6231DFFF56876144D
:20E240009A117F2F0600DA00744F024200907F8704808617C2F1820A3F2118003C093F8705
:20E260000580A2878F1A40A18617861AC2F13F12F87F3F870780A287C21A3C038617C2F1CD
:20E2800076748F973EF06EFB8E12F673820102175F210E009AF25F1F21803F7809805F87D3
:20E2A0001D8082204B0A0142DF0518009AF27E1206188B030092A2870B70C0718F873EF018
:20E2C0006E0686F7C2113C038617C2F176748F973EF06EFBC21A3C068F873EF06E0386F7F4
:20E2E000C211B707892B076360F06E02325A37016800744A8FF901F08F700100A60FA6F2FF
:20E3000000906F770C006F0505808FF707F16E06C215EF850400C21606F5B70589FB8F7629
:20E3200001008F840120A60FA6F20090404F044FEEFF01F420F080F2C2F200903704E80B13
:20E340002008DAFF74A47E076DFFA868DF0279801DFF6A68820854A102804B0101F0821902
:20E360002E056711BF0F74A082F9BB30981F54A09B21FA1340A44B10414074A46DFF3EFEB6
:20E38000022A54A07B00F0F44BF001F0AE274B0031F182404B0F01023C0854A47B0008545E
:20E3A0006DFFA0FC4B023111DF110700DF210A00DF310B003C0E7B00F8F36B0A31AF3C0267
:20E3C000325982183C067B00F8F36B0A31AF32594BAA41F074AFBBE0A40D3B90CA169B8035
:20E3E000140C9B4135146B0F61013BF012139BF1281C6BAA61113BE0BC239B7238246BF196
:20E4000061F24BA041004BF051F074AFDF081700370FE8FBEE0D910000F6DA1859FF704338
:20E420008E947B00F82700907B00F82F00907B00F8F354A04B0F51F074AFDF19048054A2D4
:20E44000009067FFBF2F00903B00D0269B9212246B4461224B4441F0BBE0F408BB50061DFD
:20E460009BA014049BB10C146B1F61106BF261F04BF151F04B4F412000902010F4A489A437
:20E48000040989A5880991000048D944A9826DFF9CFE3C013C000090208802490B6510A865
:20E4A0004DC0E2FF370FE1F78B0F20E23C010D00400300003C013C01370948406DFF652AEA
:20E4C000402F49A4240A40F56DFF8B2D6DFFAF4702246DFF9D5F0B2310C882083C1C8207F8
:20E4E00002A60BCD10486DFF71230B231048BB0024649BF6006082076DFFB823BBF0FFFF11
:20E500007FF203803C0B8FFD1F1077CD800F0B0110C8C218DA103FF8E4FFDA103FF80280CD
:20E52000DA003E94DA01BE913C1FF6B8DA0089AF2418DA1E89AFA2183C07DA0089AF2A182D
:20E54000DA1F89AFA8183C10F6B8DA0089AF2418DA2089AFA2183C07DA0089AF2A18DA2104
:20E5600089AFA8183C01DF0B1780DA0089AF0018DA0789AF2018DA0189AF211889A22809C2
:20E580000BCD10486DFF725F89A22409DA0089AF0C183C15DA0189AF0018DA0989AF2618AB
:20E5A000DA0289AF271889A230090BCD10486DFF5D5F89A22C09DA0089AF1418DA0089AF9C
:20E5C0009A18DA0089AF9C18DA0089AF012849A4000A49A5240A6DFF3F2B02EF6E030D0030
:20E5E0000003DA0182103700010E37F0040C89F0283949A4000A6DFF0E2D00900248FFC815
:20E6000003803C0D91000048D944BE823B80034091000058D955B6926DFF31FF820A538898
:20E6200020F0910000F8D9FF404010FF54F86DFF8C4D022902946DFFF14B9110F0FAD9FF7D
:20E64000909A9110F02AD922989A9110F04AD944A8AA9110F05AD955A8AA74F88210742061
:20E66000DA80744FDA50745F0D00800402946DFF9F4D8210F6AC3C01910080FF19FF100256
:20E6800082110F011010261FEEF83C023C040D0080043C0100900B451088404CFFC80380F2
:20E6A0003C0D91000048D944BE823B20054091000058D9558AA26DFFE2FE3B0040F07FF9C9
:20E6C00003803C0D91000048D944BE823B30054091000058D9558AA26DFFD1FE820A5388A3
:20E6E00020F0910000F8D9FF404010FF54F86DFF2C4D022BDA0803F90A889100F0FAD9FFF9
:20E700005455B70818007B0000FA7E05DA5074FFDA003C0EB70818007B00F0FA7E05DA5DCA
:20E7200074FFDA003C050D008004DA013C01EE023C0D91000048D944BE823BE00540910042
:20E740000058D9558AA26DFF9AFE8210F6AC3C01910080FF19FF100282110F011010261F50
:20E76000EEF83C023C040D0080043C0154CF820176819100F0FAD9FF70758200820302F297
:20E78000A620A63189F040090D00800402B46DFF454B9110F0FAD9FF909A9110F02AD92294
:20E7A000989A9110F04AD944A8AA9110F05AD955A8AA74F8DA00742FDAA0744FDAAA745FF5
:20E7C0000D00800402B46DFFF34C8210F6AC3C01910080FF19FF100282110F011010261F94
:20E7E000EEF83C023C040D0080043C010090024F0258FFCF03803C0D91000048D944BE82DC
:20E800003B40024091000058D955AA926DFF37FE3B0040007F0803803C0D91000048D94483
:20E82000BE823B50024091000058D955AA926DFF26FE538F20F0910000F8D9FF404010FF06
:20E8400054F0DA0803F80AF060FF54FF6E0382123C0382023C01009020080B4510A84DC019
:20E86000E20F3700E1078B0020E23C010D00400300003C013C0102A46D008D00402F3B00AA
:20E880000150C82408C46DFFBB35084409F550086DFF0E4A084F74AFDA034BFA01C2DA0371
:20E8A0004BFA0182DA003EB6DA013EBBDA02BEB03C1654A46DFFFA4854A46DFF9B493C1E0A
:20E8C00054A46DFF474954A46DFF1A493C1754A46DFF404954A46DFF8D493C10DA006E026D
:20E8E0003C0D91000048D9449EA2DA6A91000058D9558FB202F46DFFC2FD54A46DFFA2498D
:20E9000054A402C56DFFA8488216028454A56DFFF94902846DFF4649821502846DFF2C4A97
:20E92000DA044BF80102534120F060FF9140003F30F3D93FD438DA034BFA0102DA044BF01B
:20E940000102DA003E18DA013E19DA023E1ADA033E1B3C0D8200DA283C0A8200DA293C070D
:20E960008230DA053C048200DA2B3C0114F137F108F034FF081F370F82F12CF1083F9602CE
:20E980002CF3081F96042CF102EF6E030D0000030090DA163F4F0D00DA003FF40A005AF488
:20E9A000910000F8D9FFEC6190FFD4FFDC0F3C5691000028D922D8313C6291000028D922BB
:20E9C000BCF13C5D91000028D922EC313C5891000028D922D0013C5391000028D922D441AF
:20E9E0003C4E91000028D922E0113C4991000028D922F0213C4491000028D922C0413C3FEE
:20EA000091000028D922C4313C3A91000028D922F4113C3591000028D922CC113C3091001F
:20EA20000028D922E8413C2B91000028D922DC213C2691000028D922F8013C21910000284D
:20EA4000D922FC413C1C91000028D922C8213C1791000028D922E4013C12DA006E023C0DBC
:20EA600091000048D9449EA23BC0034091000058D95587B26DFF03FDA0023C010090911056
:20EA800000FF534420F010F2534420F010FF39FFC2819601E92FC2810090911000FF5344E4
:20EAA00020F010F2534420F010FF39FFC2819602E92FC281009020500248404C405D027932
:20EAC000025402656DFFCAFE49A40C0A9110005F6DFF173149A4100A49A50C0A6DFF78316E
:20EAE00049A4140A49A5100A6DFF5831DA084BF90102F6123C0D91000048D94498B23BB069
:20EB0000044091000058D95585C26DFFB8FC821C4BC901A23B0000047FA024803C214BC96B
:20EB20000102370070A03B0000F43FAF06804BC90102F6123C16C21C370C68C0BF9C118042
:20EB4000DA006E023C0D91000048D94498B23BA0054091000058D95585C26DFF90FC3CE050
:20EB6000DF1C0C80DA0089AF3E08DA0089AF3208DA0089AF22093C30DA0C89AF3E08DA0182
:20EB800089AF3208910000F6D9FF400349FF200A80FFB70F1C007B0000FDFE054DC0E1FF26
:20EBA00016073C01910000F6D9FF400349FF200A80F0B7000C0AB770030E7B000011E21FE5
:20EBC000A2F03C08910000F6D9FF400349FF200A80F089A02209DA0089AF3108DA0089AF2A
:20EBE0003308DA0289AF360880CFB70F1C007B0000FD7E0F4DC0E1FF16073C0180C0B70014
:20EC00000C0AB770030E7B000011E21FA2F03C0280C089A01A09DA0089AF3A08DA0189AF56
:20EC20003F08DA0089AF3B0889A81808DA0089AF3708DA0189AF0418DA3C89AF8818DA009F
:20EC400089AF0A1880DFB70F1C007B0000FD7E0F4DC0E1FF16073C0180D0B7000C0AB77089
:20EC6000030E7B000011E21FA2F03C0280D089A01E0989AAAE0849A4000A49A5140A6DFF2E
:20EC80004230BF2C8F8082081D008A00738A0AF010DF80F0B7001C007B0000FDFE034DC028
:20ECA000E1FF8F7F00013C01738A0AF010DF80FFB70F0CFAB77F03FE7B000011E210A20F91
:20ECC0003C05738A0AF010DF80FF89AF1E099AFC5F8F2680910000F6D9FF400380FFB70F1E
:20ECE0001C007B0000FDFE034DC0E1FF16073C01910000F6D9FF400380F0B7000C0AB77032
:20ED0000030E7B000011E21FA2F03C06910000F6D9FF400380F089A022093C319A18530F9A
:20ED200022F0910000F6D9FF400310FF80FFB70F1C007B0000FDFE084DC0E1FF8F7F000135
:20ED40003C019A18530F22F0910000F6D9FF400310FF80FFB70F0CFAB77F03FE7B00001191
:20ED6000E210A20F3C0A9A18530F22F0910000F6D9FF400310FF80FF89AF220989AAAE0808
:20ED8000530822F0910000F6D9FF400310F449A5140A6DFF1A30C218370868803FC878FF1F
:20EDA000910000F6D9FF400349FF004AD4F209FF0408BC21534F20F060FF9140003F30F324
:20EDC000D93F40483C013C01B03F14FF960234FF02C23C010090BB00FEFF26F4DA005F4F61
:20EDE0003200DA405F4F34003B0014F05F4F35003B0016F05F4F36003B001AF05F4F370074
:20EE00003B001CF05F4F38003B001EF05F4F39003B0028F05F4F3A003B002AF05F4F3B001C
:20EE20003B002CF05F4F3C003B002EF05F4F3D003B0040F05F4F3E003B0042F05F4F3F009C
:20EE40003C429140002FD922000A3C3E9140002FD922008A3C399140002FD922000B3C3445
:20EE60009140002FD922004B3C2F9140002FD92200CB3C2A9140002FD922400B3C2591403D
:20EE8000002FD922404B3C209140002FD922000C3C1B9140002FD922004C3C169140002F6A
:20EEA000D922008C3C119140002FD92200CC3C0C9140002FD922008D3C079140002FD922A9
:20EEC00000CD3C023C013C010090024F02F46DFF84FF161F09202409570061FF6E038212A0
:20EEE0003C0282023C013C0100900B451088026ADF091280DA003E76DA013E76DA023E76CB
:20EF00003C07DA003C07DA103C05DA083C03DA103C013C08DA043E723C03DAC03C03DA80DA
:20EF20003C0102846DFF59FF8FF80141402402F56DFF663202846DFF50FF8FF80141820591
:20EF400040246DFF8F32DF19198076AC02846DFF44FF8FF801F182100FF010008920040968
:20EF60003C0C02846DFF39FF8FF801F17B1000000FF01000892004090090024F765B02F4AE
:20EF80006DFF2BFF161F82100FF01000892004093C0B02F46DFF21FF161F7B1000000FF0C7
:20EFA0001000892004090090DA003E4ADA013E4CDA023E4EDA03BE40DA04BE423C15DA00E8
:20EFC000A5FFF4823C11DA00A5FFF8823C0DDA00A5FFFC823C09DA00A5FFC0923C05DA005D
:20EFE000A5FFC4923C010090DA003E4BDA01BE41DA02BE47DA03BE4DDA045F4F23003C2930
:20F0000085FFF482370F70F03C01370F50203C2385FFF882370F70F03C01370F50203C1B10
:20F0200085FFFC82370F70F03C01370F50203C1385FFC092370F70F03C01370F50203C0B30
:20F0400085FFC492370F70F03C01370F50203C0382023C0100900248025F0269C5F4C0829C
:20F060006DFFB92E821005F1D5863701820125F0D582820005F1E1863701820125F0E18221
:20F080000B8F104802966D00A400DA003E8FDA015F8F2A00DA025F8F4400DA035F8F5E0004
:20F0A000DA045F8F78001D009300DA0105F0D08637F003F025FFD082DA0105F0D18637F058
:20F0C00001F025FFD182DA0105F0D08637F083F125FFD082DA0105F0D08637F001F325FF2C
:20F0E000D0823C75DA0105F0D48637F003F025FFD482DA0105F0D58637F001F025FFD58291
:20F10000DA0105F0D48637F083F125FFD482DA0105F0D48637F001F325FFD4823C58DA0182
:20F1200005F0D88637F003F025FFD882DA0105F0D98637F001F025FFD982DA0105F0D886F0
:20F1400037F083F125FFD882DA0105F0D88637F001F325FFD8823C3BDA0105F0DC8637F0FF
:20F1600003F025FFDC82DA0105F0DD8637F001F025FFDD82DA0105F0DC8637F083F125FF5B
:20F18000DC82DA0105F0DC8637F001F325FFDC823C1EDA0105F0E08637F003F025FFE08212
:20F1A000DA0105F0E18637F001F025FFE182DA0105F0E08637F083F125FFE082DA0105F052
:20F1C000E08637F001F325FFE0823C0100900268DA003E4F82105F40480082205F4081004F
:20F1E00082305F40B90082405F40F1001D002A01F656910000F8D9FF48603C17DF15078048
:20F20000910000F8D9FF5C603C10DA006E023C0D91000048D94492C23B3002409100005812
:20F22000D955BDC26DFF2BF9DF280780910000C8D9CC60503C17DF380780910000C8D9CC66
:20F2400074503C10DA006E023C0D91000048D94492C23B70024091000058D955BDC26DFFD2
:20F260000EF91D00EF00DF450780910000F8D9FF58703C17DF550780910000F8D9FF6C705C
:20F280003C10DA006E023C0D91000048D94492C23BE0024091000058D955BDC26DFFEFF8FF
:20F2A000DF680780910000C8D9CC70603C17DF780780910000C8D9CC44703C10DA006E0239
:20F2C0003C0D91000048D94492C23B20034091000058D955BDC26DFFD2F81D00B300DA087F
:20F2E0007E56910000F8D9FF68803C17DA097E56910000F8D9FF7C803C10DA006E023C0DAB
:20F3000091000048D94492C23B90034091000058D955BDC26DFFB3F8DA0A7E86910000C8A7
:20F32000D9CC40803C17DA0B7E86910000C8D9CC54803C10DA006E023C0D91000048D94485
:20F3400092C23BD0034091000058D955BDC26DFF96F83C77DA0D7E56910000F8D9FF7890A4
:20F360003C17DA0C7E56910000F8D9FF4CA03C10DA006E023C0D91000048D94492C23B408F
:20F38000044091000058D955BDC26DFF78F8DA0F7E86910000C8D9CC50903C17DA0E7E86AD
:20F3A000910000C8D9CC64903C10DA006E023C0D91000048D94492C23B800440910000584A
:20F3C000D955BDC26DFF5BF83C3CDA117E56910000F8D9FF48B03C17DA107E56910000F897
:20F3E000D9FF5CB03C10DA006E023C0D91000048D94492C23BF0044091000058D955BDC2FB
:20F400006DFF3DF8DA137E86910000C8D9CC60A03C17DA127E86910000C8D9CC74A03C10BB
:20F42000DA006E023C0D91000048D94492C23B30054091000058D955BDC26DFF20F83C01E8
:20F440003B000140820540F46DFF1C2D3B000140820540C46DFFCE2C0090DAAB3F4F0D00A3
:20F46000DA003FF40A005AF4910000F8D9FFC88190FFD4FFDC0F1D00F10391000028D9226B
:20F4800054D01D00ED0391000028D92270B01D00E70391000028D92240D01D00E10391000A
:20F4A0000028D9226CC01D00DB0391000028D92258C01D00D50391000028D92244C01D006C
:20F4C000CF0391000028D9227CD01D00C90391000028D92250E01D00C30391000028D922F6
:20F4E00064E01D00BD0391000028D92268D01D00B70391000028D92274F01D00B1039100AE
:20F500000028D92260F01D00AB0391000028D9224CF01D00A50391000028D92278E01D00CF
:20F520009F0391000028D922B0001D00990391000028D92284101D00930391000028D9225D
:20F5400088001D008D0391000028D9229C001D00870391000028D92280201D0081039100F9
:20F560000028D922AC101D007B0391000028D92298101D00750391000028D922BC201D0073
:20F580006F0391000028D92290301D00690391000028D92294201D00630391000028D9225D
:20F5A000A8201D005D0391000028D9228C401D00570391000028D922B8301D005103910071
:20F5C0000028D922A4301D004B0391000028D922A0401D00450391000028D922B4401D000B
:20F5E0003F0391000028D92284601D00390391000028D922B0501D00330391000028D9221D
:20F600009C501D002D0391000028D92288501D00270391000028D92298601D002103910060
:20F620000028D92294701D001B0391000028D92280701D00150391000028D922AC601D00B2
:20F640000F0391000028D922A8701D00090391000028D922A4801D00030391000028D922F4
:20F6600090801D00FD0291000028D922BC701D00F70291000028D922B8801D00F1029100DB
:20F680000028D922A0901D00EB0291000028D9228C901D00E50291000028D92280C01D0028
:20F6A000DF0291000028D922B4901D00D90291000028D922ACB01D00D30291000028D922C3
:20F6C00084B01D00CD0291000028D92298B01D00C70291000028D922B0A01D00C1029100B3
:20F6E0000028D9229CA01D00BB0291000028D92288A01D00B50291000028D922A8C01D00E8
:20F70000AF0291000028D922BCC01D00A90291000028D92290D01D00A30291000028D922B6
:20F7200094C01D009D0291000028D9229CF01D00970291000028D922B4E01D00910291003A
:20F740000028D92288F01D008B0291000028D922A0E01D00850291000028D9228CE01D004F
:20F760007F0291000028D922B8D01D00790291000028D922A4D01D00730291000028D922C6
:20F78000D8001D006D0291000028D922EC001D00670291000028D922B0F01D00610291007A
:20F7A0000028D922C4001D005B0291000028D922FC101D00550291000028D922E8101D00EB
:20F7C0004F0291000028D922D4101D00490291000028D922C0101D00430291000028D9223E
:20F7E000F8201D003D0291000028D922CC301D00370291000028D922D0201D00310291000A
:20F800000028D922E4201D002B0291000028D922C8401D00250291000028D922F4301D0082
:20F820001F0291000028D922E0301D00190291000028D922DC401D00130291000028D922F5
:20F84000F0401D000D0291000028D922C0601D00070291000028D922EC501D0001029100B1
:20F860000028D922D8501D00FB0191000028D922C4501D00F50191000028D922D4601D0044
:20F88000EF0191000028D922D0701D00E90191000028D922F8701D00E30191000028D922AC
:20F8A000E4701D00DD0191000028D922FC601D00D70191000028D922E8601D00D101910078
:20F8C0000028D922CC801D00CB0191000028D922DC901D00C50191000028D922F0901D007C
:20F8E000BF0191000028D922F4801D00B90191000028D922C8901D00B30191000028D922B8
:20F90000E0801D00AD0191000028D922C4A01D00A70191000028D922C0B01D00A10191006B
:20F920000028D922ECA01D009B0191000028D922D8A01D00950191000028D922D4B01D002B
:20F940008F0191000028D922E4C01D00890191000028D922D0C01D00830191000028D9227F
:20F96000E8B01D007D0191000028D922FCB01D00770191000028D922E0D01D0071019100DB
:20F980000028D922CCD01D006B0191000028D922F8C01D00650191000028D922DCE01D00A3
:20F9A0005F0191000028D922C8E01D00590191000028D922F4D01D00530191000028D92277
:20F9C000F0E01D004D0191000028D922ECF01D00470191000028D922D8F01D00410191008B
:20F9E0000028D922C4F01D003B0191000028D9223C011D00350191000028D92228011D0099
:20FA00002F0191000028D92200011D00290191000028D92214011D00230191000028D922FC
:20FA200020211D001D0191000028D9220C211D00170191000028D92238111D001101910077
:20FA40000028D92224111D000B0191000028D92210111D00050191000028D92234211D0007
:20FA6000FF0091000028D92218411D00F90091000028D92204411D00F30091000028D922A7
:20FA80001C311D00ED0091000028D92230311D00E70091000028D92208311D00E10091007A
:20FAA0000028D9222C411D00DB0091000028D92210611D00D50091000028D9223C511D0049
:20FAC000CF0091000028D92200511D00C90091000028D92214511D00C30091000028D922BF
:20FAE00028511D00BD0091000028D92224611D00B70091000028D9221C811D00B1009100F6
:20FB00000028D92208811D00AB0091000028D92220711D00A50091000028D92234711D00F4
:20FB20009F0091000028D92238611D00990091000028D9220C711D00930091000028D9228E
:20FB400014A11D008D0091000028D9222C911D00870091000028D92200A11D0081009100AD
:20FB60000028D92204913C7B91000028D92218913C7691000028D92230813C71910000283C
:20FB8000D92224B13C6C91000028D9223CA13C6791000028D92210B13C6291000028D922F2
:20FBA00028A13C5D91000028D92238B13C5891000028D92234C13C5391000028D92220C1E5
:20FBC0003C4E91000028D9220CC13C4991000028D92204E13C4491000028D92230D13C3F4C
:20FBE00091000028D92208D13C3A91000028D9221CD13C3591000028D92200F13C3091004E
:20FC00000028D9222CE13C2B91000028D92218E13C2691000028D92214F13C21910000286F
:20FC2000D92250013C1C91000028D9223CF13C1791000028D92228F13C1291000028D9221D
:20FC400064013C0D91000028D9224C113C0891000028D92278013C03A0023C01009020386E
:20FC60000B5610886DFFFBFB402F14FF82003E0882103E0782203E0682303E053C053C04AC
:20FC80003C033C023C019100014F6DFF43299100012F192F00C0AE1F9100014F8204BB0039
:20FCA00068599B85B9546DFF142B9100014F82246DFFF42A49A4000A9100015F6DFFAC2A70
:20FCC00014FF2CA409FF01082CA5BB0068F99B8FB9F44B0861014B0F51F04B0F71F17802E6
:20FCE000F807DA0189AF120814FF82003E0A8210BE0882205F0F260082305F0F33003C419D
:20FD00008205029409A6080982076DFF5F17FB0071620B2310486DFFA91789A20C093C316E
:20FD20008205029409A6080982076DFF4F17FB0071620B2310486DFF991789A20C093C217E
:20FD40008205029409A6080982076DFF3F17FB0071620B2310486DFF891789A20C093C118E
:20FD60008205029409A6080982076DFF2F17FB0071620B2310486DFF791789A20C093C019E
:20FD800049A4240A49A5000A6DFFA52949A4240A82146DFF6F2A009002586DFF60FB402F40
:20FDA00014FF3B008000E20F60F29110013F3023D934000D09F401086DFF1C2914FF820098
:20FDC0003E0A8210BE0682205F0F220082305F0F2D003C3982050284820702266DFFF6165B
:20FDE000FB0071620B2310486DFF401702283C2B82050284820702266DFFE816FB00716265
:20FE00000B2310486DFF321702283C1D82050284820702266DFFDA16FB0071620B231048B6
:20FE20006DFF241702283C0F82050284820702266DFFCC16FB0071620B2310486DFF1617AD
:20FE400002283C0114FF3B008000E20F60F29110013F3023D934000D09F4010802856DFFE3
:20FE6000EB28009049AA20BA0B4510880B6710A809ACA04809AD644809AE28493708484012
:20FE80006DFF3B2D402FB4AC49A4103A49A5283A0B8910480BAB10686D004C0149A4040A69
:20FEA00040F56DFF4531820089A00408BB00C2FB9BEFC3F47805DA002CAC49AF103AF80949
:20FEC00049A4300A49A5040A6DFF0C2F49A4303A49A5300A6DFFE82E4B0E61F1783DDA001D
:20FEE0003ED9DA01BED3DA02BEDEDA035FDF27003C3109AF7838B70F81F189AF383809AF58
:20FF00007838961089AF38383C2509AF7838B70F81F189AF383809AF7838B70F01F289AFE1
:20FF200038383C1809AF7838960889AF383809AF7838961089AF38383C0D09AF783896084A
:20FF400089AF383809AF7838B70F01F289AF38383C0109AF7838962089AF383809A0F83854
:20FF6000DA0837F006F389AFB83809AF7938B70F01F289AF393809A2E83989A2CC4949A493
:0CFF80003C1A49A5303A6DFF9D2D009001
:02000004800278
:2000000000000000700059B30000000000000000000000000000000064B81E799B47E18668
:200020000258404C405D0269027A370448406DFF642C402F486B8270370B85BB8210370B2D
:2000400003B28210370B83B08210370B03B5DA0137FB83B3DA0137FB81BADA0037FB81B987
:20006000DA0037FB01BBDA0137FB03B8DA0137FB83B6DA664BF80102DA064BF101029AD09B
:20008000370F68F037FB04BE76A802BF8200370F01F089FF20193C0702BF8210370F01F0A8
:2000A00089FF2019BF29268082083C203C0109FF42181607EEFD8204821540F440C56DFFA2
:2000C000862C3C0109FF4218370FE3F16EFCA0027DD20900821440F440D56DFF4D2CB01DC0
:2000E0003C0309FF1029B01CC2189AF93FF8E0FF76A6DA0137FB01B089FB201914CF89FF2F
:2001000024193C0109FF42181607EEFD3C0109FF4218370FE3F16EFCA0027DD20800821449
:2001200040F440D56DFF282C3C0309FF102900900B67108894AF404F405C3B80000089F0FA
:2001400014083B00080028C03B0008002840820089F01508820089C005083B00080089C031
:20016000040882005F400D0082105F40D40082205F40C20182305F40E3021D006F04F65729
:2001800091000028D9227831F4F23C18DF15088091000028D9224841F4F23C1082007602E3
:2001A0003C0D91000048D94487D23B00034091000058D955B0D26DFF62F1DF680880910071
:2001C0000028D9225831E8223C18DF78088091000028D9226831E8223C10820076023C0D50
:2001E00091000048D94487D23B40034091000058D955B0D26DFF43F13BC000005F090880CE
:2002000091000028D9224831E8423C10820076023C0D91000048D94487D23B70034091002A
:200220000058D955B0D26DFF2AF13B2001007E07910000F8D9FF5841F4CF3C6A3B8001002F
:200240007E07910000F8D9FF4051F4CF3C613BE001007E07910000F8D9FF5451F4CF3C58C9
:200260003B4002007E07910000F8D9FF6851F4CF3C4F3BA002007E07910000F8D9FF7C5184
:20028000F4CF3C463B0003007E07910000F8D9FF5061F4CF3C3D3B6003007E07910000F85C
:2002A000D9FF6461F4CF3C343BC003007E07910000F8D9FF7861F4CF3C2B3B2004007E07A3
:2002C000910000F8D9FF4C71F4CF3C223B8004007E07910000F8D9FF6071F4CF3C193B0016
:2002E00006007E07910000F8D9FF6C41F4CF3C10DA006E023C0D91000048D94487D23B40F9
:20030000044091000058D955B0D26DFFB8F01D00A5033B6006005F05088091000028D922E6
:200320005491F4F23C1A3B7006005F05088091000028D9226491F4F23C10820076023C0DE1
:2003400091000048D94487D23BC0044091000058D955B0D26DFF93F03BC006005F08088097
:2003600091000028D9225481E8223C2E3BD006005F08088091000028D9226481E8223C247D
:200380003BE006005F08088091000028D9227481E8223C1A3BF006005F080880910000286B
:2003A000D9224491E8223C10820076023C0D91000048D94487D23B20054091000058D955CE
:2003C000B0D26DFF5CF03B2007005F09088091000028D9227471E8423C1A3B3007005F099E
:2003E000088091000028D9224481E8423C10820076023C0D91000048D94487D23B60054014
:2004000091000058D955B0D26DFF39F03B8007007E07910000F8D9FF7491F4CF3C6A3BE07D
:2004200007007E07910000F8D9FF5CA1F4CF3C613B4008007E07910000F8D9FF70A1F4CF35
:200440003C583BA008007E07910000F8D9FF44B1F4CF3C4F3B0009007E07910000F8D9FFD2
:2004600058B1F4CF3C463B6009007E07910000F8D9FF6CB1F4CF3C3D3BC009007E07910031
:2004800000F8D9FF40C1F4CF3C343B200A007E07910000F8D9FF54C1F4CF3C2B3B800A0009
:2004A0007E07910000F8D9FF68C1F4CF3C223BE00A007E07910000F8D9FF7CC1F4CF3C19AC
:2004C0003B400B007E07910000F8D9FF48A1F4CF3C10DA006E023C0D91000048D94487D2D6
:2004E0003B30064091000058D955B0D26DFFC7EF1D00B4023BC00C005F0508809100002811
:20050000D92260F1F4F23C383BD00C005F05088091000028D92270F1F4F23C2E3BE00C00A6
:200520005F05088091000028D9228001F4F23C243BF00C005F05088091000028D9229001EC
:20054000F4F23C1A3B000D005F05088091000028D922A001F4F23C10820076023C0D9100D0
:200560000048D94487D23BD0064091000058D955B0D26DFF84EF3B200D005F08088091000C
:200580000028D92260E1E8223C2E3B300D005F08088091000028D92270E1E8223C243B4032
:2005A0000D005F08088091000028D92240F1E8223C1A3B500D005F08088091000028D922BF
:2005C00050F1E8223C10820076023C0D91000048D94487D23B30074091000058D955B0D2A7
:2005E0006DFF4DEF3B800D005F09088091000028D92250E1E8423C383B900D005F09088050
:2006000091000028D92250D1E8423C2E3BA00D005F09088091000028D92260D1E8423C242A
:200620003BB00D005F09088091000028D92270D1E8423C1A3BC00D005F09088091000028AC
:20064000D92240E1E8423C10820076023C0D91000048D94487D23BA0074091000058D9553D
:20066000B0D26DFF0CEF3BE00D007E07910000F8D9FFB001F4CF3C613B400E007E079100D3
:2006800000F8D9FF8411F4CF3C583BA00E007E07910000F8D9FF9811F4CF3C4F3B000F008E
:2006A0007E07910000F8D9FFAC11F4CF3C463B600F007E07910000F8D9FF8021F4CF3C3DE5
:2006C0003BC00F007E07910000F8D9FF9421F4CF3C343B2010007E07910000F8D9FFA82128
:2006E000F4CF3C2B3B8010007E07910000F8D9FFBC21F4CF3C223BE010007E07910000F8E8
:20070000D9FF9031F4CF3C193B4011007E07910000F8D9FFA431F4CF3C10DA006E023C0D3F
:2007200091000048D94487D23B60084091000058D955B0D26DFFA3EE1D0090013B201300D5
:200740005F05088091000028D9229871F4F23C423B3013005F05088091000028D922A87155
:20076000F4F23C383B4013005F05088091000028D922B861F4F23C2E3B5013005F050880FE
:2007800091000028D9228871F4F23C243B6013005F05088091000028D922B871F4F23C1AB3
:2007A0003B7013005F05088091000028D9228881F4F23C10820076023C0D91000048D94467
:2007C00087D23B10094091000058D955B0D26DFF56EE3B8013005F08088091000028D92272
:2007E000B851E8223C423B9013005F08088091000028D9228861E8223C383BA013005F082B
:20080000088091000028D9229861E8223C2E3BB013005F08088091000028D9229851E8229B
:200820003C243BC013005F08088091000028D922A851E8223C1A3BD013005F0808809100B0
:200840000028D922A861E8223C10820076023C0D91000048D94487D23B9009409100005887
:20086000D955B0D26DFF0BEE3BE013005F09088091000028D922B831E8423C423BF01300C2
:200880005F09088091000028D9228841E8423C383B0014005F09088091000028D922A84171
:2008A000E8423C2E3B1014005F09088091000028D922B841E8423C243B2014005F090880BF
:2008C00091000028D9228851E8423C1A3B3014005F09088091000028D9229841E8423C1099
:2008E000820076023C0D91000048D94487D23B100A4091000058D955B0D26DFFC0ED3B40A4
:2009000014007E08910000F8D9FF9881F4CF1D00A4003BA014007E08910000F8D9FFA89130
:20092000F4CF1D009A003BB014007E08910000F8D9FFBC91F4CF1D0090003B0015007E08C4
:20094000910000F8D9FF90A1F4CF1D0086003B1015007E07910000F8D9FFA4A1F4CF3C7C99
:200960003B6015007E07910000F8D9FFB8A1F4CF3C733BC015007E07910000F8D9FF8CB1E3
:20098000F4CF3C6A3BD015007E07910000F8D9FFA0B1F4CF3C613B2016007E07910000F8B8
:2009A000D9FFB4B1F4CF3C583B3016007E07910000F8D9FF88C1F4CF3C4F3B8016007E074F
:2009C000910000F8D9FF9CC1F4CF3C463BE016007E07910000F8D9FFB0C1F4CF3C3D3BF025
:2009E00016007E07910000F8D9FF84D1F4CF3C343B4017007E07910000F8D9FF98D1F4CFCF
:200A00003C2B3B6018007E07910000F8D9FFAC81F4CF3C223BC018007E07910000F8D9FF8F
:200A20008091F4CF3C193B2019007E07910000F8D9FF9491F4CF3C10DA006E023C0D9100DB
:200A40000048D94487D23B400B4091000058D955B0D26DFF14ED3C0100900B451088370818
:200A600048406DFFD33BBC216DFFC934913000FF39FF3506160F4B0F41F14BF251F03C018F
:200A80003C014B0F71F1370848406DFFBF3B402F820502F4820702966DFF9810BB00A06C48
:200AA0009BA6B96382070B2310486DFFDF1048403C013C01484F3C01A20F3F2FFDFF0090EE
:200AC000024F8204370F68506D00680202F23C010090DA003E48DA013E4BDA023E4EDA03A0
:200AE000BE413C1591000026D92268963C1291000026D9226CB63C0D91000026D92270D693
:200B00003C0891000026D92274F63C03A0023C010090024F404F3C0102F46DFFDCFF402409
:200B20006DFFF112DF02FA7F02F46DFFD4FF40246DFFD11234F2009020200B5410880B67A5
:200B400010A84DC0E2FF370FE1F78B0F20C23C010D00400300003C013C01370948406DFF1A
:200B60002F1191000046D944B81640256DFF0A1502946D003C0202946D00CB02910000F6EB
:200B8000D9FFB816DA04ACF4910000F6D9FFB8164B0861F16CF1910000F6D9FFB816DA07F4
:200BA0002CFAA00FF4AFA00FF80449A4180A49A5080A0B9A104802B66D002000DA102CACFF
:200BC000DA8089AF1C08DA0089AF1D08910000F6D9FFB81649A2000AE8A202946DFF7BFF00
:200BE00091000056D955B81640246DFF911202CF6E030D0000030090DA003E4CDA015F4FD0
:200C00004100DA025F4FD900DA035F4F3B011D00B801F658910000F8D9FF0C1080FF744F86
:200C20003C1CDF150980910000F8D9FF1C1080FF744F3C13DF250980910000F8D9FF2C1097
:200C400080FF744F3C0ADF350980910000F8D9FF3C1080FF744F3C01DF460980910000F80C
:200C6000D9FF2C0080FF745F3C0ADF560980910000F8D9FF3C0080FF745F3C011D0081014F
:200C8000DF650980910000F8D9FF347080FF744F3C52DF750980910000F8D9FF048080FF71
:200CA000744F3C49DA087E58910000F8D9FF148080FF744F3C40DA097E58910000F8D9FF67
:200CC000248080FF744F3C37DA0A7E58910000F8D9FF348080FF744F3C2EDA0B7E589100F4
:200CE00000F8D9FF049080FF744F3C25DA0C7E58910000F8D9FF149080FF744F3C1CDA0DAB
:200D00007E58910000F8D9FF249080FF744F3C13DA0E7E58910000F8D9FF349080FF744F32
:200D20003C0ADA0F7E58910000F8D9FF04A080FF744F3C01DA137E68910000F8D9FF0C20CA
:200D400080FF745F3C37DA147E68910000F8D9FF1C2080FF745F3C2EDA157E68910000F843
:200D6000D9FF2C2080FF745F3C25DA127E68910000F8D9FF3C2080FF745F3C1CDA117E6892
:200D8000910000F8D9FF0C3080FF745F3C13DA167E68910000F8D9FF1C3080FF745F3C0AFA
:200DA000DA107E68910000F8D9FF2C3080FF745F3C011D00E600DA177E58910000F8D9FFEC
:200DC00024B080FF744F3C2EDA187E58910000F8D9FF34B080FF744F3C25DA197E58910089
:200DE00000F8D9FF04C080FF744F3C1CDA1A7E58910000F8D9FF14C080FF744F3C13DA1B40
:200E00007E58910000F8D9FF24C080FF744F3C0ADA1C7E58910000F8D9FF34C080FF744FCC
:200E20003C01DA207E68910000F8D9FF14A080FF745F3C25DA1E7E68910000F8D9FF24A0CA
:200E400080FF745F3C1CDA1F7E68910000F8D9FF34A080FF745F3C13DA217E68910000F8C9
:200E6000D9FF04B080FF745F3C0ADA1D7E68910000F8D9FF14B080FF745F3C011D0081001F
:200E8000DA227E58910000F8D9FF14E080FF744F3C49DA237E58910000F8D9FF24E080FFAD
:200EA000744F3C40DA247E58910000F8D9FF34E080FF744F3C37DA257E58910000F8D9FFBF
:200EC00004F080FF744F3C2EDA267E58910000F8D9FF14F080FF744F3C25DA277E5891002C
:200EE00000F8D9FF24F080FF744F3C1CDA287E58910000F8D9FF34F080FF744F3C13DA2983
:200F00007E58910000F8D9FF440080FF744F3C0ADA2A7E58910000F8D9FF540080FF744FFD
:200F20003C01DA2C7E68910000F8D9FF04D080FF745F3C25DA2D7E68910000F8D9FF14D06E
:200F400080FF745F3C1CDA2F7E68910000F8D9FF24D080FF745F3C13DA2B7E68910000F88E
:200F6000D9FF34D080FF745F3C0ADA2E7E68910000F8D9FF04E080FF745F3C013C0100906E
:200F80000248404F025F3C0714F502846D000600C2FFB01FEEFA0090200834A5DA01ACA1A1
:200FA0006DFF99FD49A5000A49A6020A910000F8D9FF382209F4400940246DFF9014009037
:200FC000024F404F02F46DFF86FD40246DFF9B108E2A02F46DFF7FFD40246DFF7C1034F2B9
:200FE00082123C0382023C010090DA003E4CDA015F4F2B00DA025F4F4900DA035F4F6700F0
:201000001D008600910000F6D9FFB81691000026D92278A6E8C2910000F6D9FFB8169100C8
:201020000026D92244A6E8E2910000F6D9FFB816DA1089FFAE08910000F6D9FFB816DA106F
:2010400089FFB4083C64910000F6D9FFB81691000026D9227CC6E8C2910000F6D9FFB816B4
:2010600091000026D92248C6E8E2910000F6D9FFB816DA1089FFAE08910000F6D9FFB81664
:20108000DA1089FFB4083C43910000F6D9FFB81691000026D92240F6E8C2910000F6D9FF85
:2010A000B81691000026D9224CE6E8E2910000F6D9FFB816DA1089FFAE08910000F6D9FF00
:2010C000B816DA1089FFB4083C22910000F6D9FFB81691000026D9228416E8C2910000F60C
:2010E000D9FFB81691000026D9229006E8E2910000F6D9FFB816DA1089FFAE08910000F65C
:20110000D9FFB816DA1089FFB4083C010090DA003E4BDA015F4F2600DA025F4F4000DA0375
:201120005F4F5A003C75910000F6D9FFB816DA0A89FFA008910000F6D9FFB816DA0B89FF1B
:20114000A208910000F6D9FFB816DA0C89FFA408910000F6D9FFB816DA0089FF26083C673E
:20116000910000F6D9FFB816DA0D89FFA008910000F6D9FFB816DA0E89FFA208910000F65D
:20118000D9FFB816DA0F89FFA408910000F6D9FFB816DA0089FF26083C4A910000F6D9FFEA
:2011A000B816DA1089FFA008910000F6D9FFB816DA1189FFA208910000F6D9FFB816DA12E4
:2011C00089FFA408910000F6D9FFB816DA0089FF26083C2D910000F6D9FFB816DA1389FF13
:2011E000A008910000F6D9FFB816DA1489FFA208910000F6D9FFB816DA1589FFA408910019
:2012000000F6D9FFB816DA0089FF26083C10DA006E023C0D91000048D944B8D23BF00540D3
:2012200091000058D955A2E26DFF29E900903B0040F0E24F60FF9120003F30F3D93F40207F
:20124000DA104BF50102534120F010FF19FF00A03C01370F680C6F70EC7F532620008B4051
:20126000000137006800B70F142632500F0200203C01009020880B45108849A4100A912006
:20128000005F6DFF6F3D910000F6D9FF2CD314FFEE0E910000F6D9FF2CD3DA0134FF49A411
:2012A000000A49A5100A6DFFDD3C3C03D804F4AF49A4300A49A5000A6DFFBF3C89A83408E6
:2012C00089A83508DA0189AF2118DA0189AF1418DA0189AF1818DA0089AF3A08BB50F9FB7F
:2012E0009B6F3DF389AF3609DA0089AF0018BB50F9FB9B6F3DF3780F49A4040A49A5300A30
:201300006DFFA93A49A4241A49A5040A6DFF943ADA104BF9010289A13018DA104BF9010249
:2013200089A13318DA0189AF261849A43C1A49A5241A6DFF0139821009AF30180FF0100031
:2013400049AF000AD4FF09A14C08534120F010F2092F006982F2C602262FA6F0534120F0A8
:2013600010FF89F0006949AF000AD4FF39FF05809602E9FF0580009000A60160C8650060C1
:20138000C8650060000000005000000009000000186600601866006000000000500000005B
:2013A0000A000100000000000000000000000000FFFFFFFF0600020000000000000000001E
:2013C00000000000000000000000000000000000000000000000000000000000000000000D
:2013E0000000000000000000000000000000000000000000000000000000000000000000ED
:201400000000000000000000000000000000000000000000000000000000000000000000CC
:201420000000000000000000000000000000000000000000000000000000000000000000AC
:201440000000000000000000C3F5883F7B148E3F85EB913F3D0A973F48E19A3F7B149E3FE6
:2014600060E5A03F713D8A3F7B148E3FD7A3903FE17A943F3D0A973F9A99993FF6289C3FDD
:201480000001020301020304020405060305060600010203010203040204050603050606E2
:2014A0000001020301020304020405060305060600010203010203040204050603050606C2
:2014C0000000004033331340666626400000404033335340333373409A99894000002041F2
:2014E000000085410000AA410000024200005C4200009B420000C842010102030202030460
:20150000040405060606060601010203020203040404050606060606010102030202030451
:20152000040405060606060601010203020203040404050606060606000000000000000043
:20154000000000000000000000000000002D3101000000000000000000000000000000002C
:2015600000000000000000000000000000000000000000000000000000000000000000006B
:2015800000000000000000000000000000000000000000000000000000000000000000004B
:2015A0003A003A0000000000000000000000000000000000000000000000000000000000B7
:2015C0000000000000000AD7A33C000000000000000000000000000000000000000000004B
:2015E000000000000000000000000000000000000000000000000000000000003B009E0012
:201600003B0000000000000000000000A042000000000000000000000000000000000000AD
:2016200000000000000001000000000000009E00000000000000000000000000000000000B
:20164000000000000000000000000000000000000000000000000000000000002041CDCC90
:20166000044100000000000000000100000002000000030000000400000005000000060010
:2016800000000700280008002000010000000200C201030064000400A00005003C000600DB
:2016A00000000700280008002000000000000000803F0000803F0000803F0000803F0000D7
:2016C000803F0000803F0000003F0000003F0000003F0000003F0000000000000000000090
:2016E0000000000000000000000000000000000000000000000000000000000000000000EA
:201700000000000000000000000000000000000000000000000000000000000000000000C9
:201720000000000000000000000000000000000000000000000000000000000000000000A9
:20174000000000000000000000000000000000000000000000000000000000000000000089
:20176000000000000000000000000000000000000000000000000000000000000000000069
:20178000000000000000000000000000000000000000000000000000000000000000000049
:2017A000000000000000000000000000000000000000000000000000000000000000000029
:2017C000000000000000000000000000000000000000000000000000000000000000000009
:2017E0000000000000000000000000000000000000000000000000000000000000000000E9
:201800000000000000000000000000000000000000000000000000000000000000000000C8
:201820000000000000000000000000000000000000000000000000000000000000000000A8
:20184000000000000000000000000000000000000000000000000000000000000000000088
:20186000000000000000000000000000000000000000000000000000000000000000000068
:20188000000000000000000000000000000000000000000000000000000000000000000048
:2018A000000000000000000000000000000000000000000000000000000000000000000028
:2018C000000000000000000000000000000000000000000000000000000000000000000008
:2018E0000000000000000000000000000000000000000000000000000000000000000000E8
:201900000000000000000000000000000000000000000000000000000000000000000000C7
:201920000000000000000000000000000000000000000000000000000000000000000000A7
:20194000000000000000000000000000000000000000000000000000000000000000000087
:20196000000000000000000000000000000000000000000000000000000000000000000067
:20198000000000000000000000000000000000000000000000000000000000000000000047
:2019A000000000000000000000430000FC420000F8420000F4420000F2420000EC420000D4
:2019C000E6420000E2420000DE420000DA420000D6420000D2420000D0420000CC42000033
:2019E000C8420000C4420000C0420000BC420000B8420000B6420000B4420000B0420000FD
:201A0000AC420000A8420000A4420000A24200009E4200009A4200009642000092420000BC
:201A20008E4200008A420000864200008042000078420000704200006842000060420000C8
:201A400058420000544200004C420000444200003C420000344200002C4200002842000076
:201A60002042000018420000104200000C42000000420000F0410000E8410000D841000055
:201A8000C8410000B04100007041000020410000E0400000404000009642000094420000EC
:201AA00092420000904200008E4200008C4200008A420000884200008642000084420000BE
:201AC00080420000804200007C4200007842000074420000704200006C420000684200004A
:201AE00064420000604200005C4200005842000054420000504200004C4200004842000026
:201B000044420000404200003C4200003842000034420000304200002C4200002842000005
:201B20002442000024420000204200001C42000018420000144200001442000010420000C1
:201B40000C420000084200000442000000420000F8410000F0410000F0410000E8410000A1
:201B6000E0410000D8410000D0410000C8410000C0410000B8410000B8410000B04100002D
:201B8000A8410000A04100009C420000A2420000A6420000AE420000BA420000BE420000E5
:201BA000C0420000C2420000C2420000C4420000C6420000C8420000CA420000CC420000E9
:201BC000CE420000CE420000D0420000D2420000D4420000D6420000D8420000D84200005D
:201BE000DA420000DC420000DE420000E0420000E2420000E6420000E8420000EA420000C7
:201C0000EC420000EE420000F0420000F2420000F4420000F6420000F8420000FA4200001C
:201C2000FC420000FE4200000043000000430000014300000243000003430000044300008A
:201C400005430000064300000743000008430000094300000A4300000B4300000C43000028
:201C60000E430000104300001143000012430000134300001443000000000000000000006A
:201C8000000000000000000000000000000000000000000000000000000000000000000044
:201CA000803F0000803F0000803F0000A0400000A0400000A0400000204100002041000085
:201CC000704100007041000070410000A0410000A0410000A0410000A0410000A04100008C
:201CE0007041000070410000704100002041000020410000204100002041000020410000EC
:201D0000A0400000A0400000A0400000A0400000A0400000A0400000A0400000803F0000E4
:201D2000803F0000803F0000803F0000803F0000803F0000000000000000000000000000E8
:201D4000000000000000000000000000000000000000000000000000000000000000000083
:201D6000000000000000000000000000000000000000000000000000000000000000000063
:201D8000000000000000000000000000000000000000000000000000000000000000000043
:201DA000000000000000000000000000000000000000000000000000000000000000000023
:201DC0000000000000000000803F0000803F0000803F0000803F0000A0400000A040000047
:201DE0002041000020410000704100002041000020410000A0400000A0400000A04000000E
:201E0000A0400000A0400000A0400000A0400000A0400000A0400000803F0000803F000004
:201E2000803F0000803F0000803F0000803F0000803F0000803F0000803F00000000000069
:201E4000000000000000000000000000000000000000000000000000000000000000000082
:201E6000000000000000000000000000000000000000000000000000000000000000000062
:201E8000000000000000000000000000000000000000000000000000000000000000000042
:201EA000000000000000000000000000000000000000000000000000000000000000000022
:201EC000000000000000000000000000000000000000000000000000000000000000000002
:201EE0000000000000000000000000000000000000000000000000000000000000000000E2
:201F00000000000000000000000000000000000000000000000000000000000000000000C1
:201F20000000000000000000000000000000000000000000000000000000000000000000A1
:201F4000000000000000000000000000000000000000000000000000000000000000000081
:201F6000000000000000000000000000000000000000000000000000000000000000000061
:201F8000000000000000000000000000000000000000000000000000000000000000000041
:201FA00000000000000000000200000000000000000000000000000000000000000000001F
:201FC000000000000000000000000000000000000000040000000000000000000000636337
:201FE00000001919191919141414141414141414141414141414141414140F0F0F0F0F0F8E
:202000000F0F0F0F0F0F0F0F0F0F0F0F0F0A0A0A0A0A0A0A0A0A0A0A0A0A0A0A0A0A010052
:202020000000000000000000000000000000000000000000000000000000000000000000A0
:20204000000000000000000000000000000000000000000000000000000000000000000080
:20206000000000000000000000000000000000000000000000000000000000000000000060
:20208000000000000000000000000000000000000000000000000000000000000000000040
:2020A000000000000000000000000000000000000000000000000000000000000000000020
:2020C000000000000000000000000000000000000000000000000000000000000000000000
:2020E0000000000000000000000000000000000000000000000000000000000000000000E0
:202100000000000000000000000000000000000000000000000000000000000000000000BF
:2021200000000000000000000000000000000000000000000000000000000000000000009F
:2021400000000000000000000000000000000000000000000000000000000000000000007F
:2021600000000000000000000000000000000000000000000000000000000000000000005F
:2021800000000000000000000000000000000000000000000000000000000000000000003F
:2021A00000000000000000000000000000000000000000000000000000000000000000001F
:2021C0000000000000000000000000000000000000000000000000000000000000000000FF
:2021E0000000000000000000000000000000000000000000000000000000000000000000DF
:202200000000000000000000000000000000000000000000000000000000000000000000BE
:2022200000000000000000000000000000000000000000000000000000000000000000009E
:2022400000000000000000000000000000000000000000000000000000000000000000007E
:2022600000000000000000000000000000000000000000000000000000000000000000005E
:2022800000000000000000000000000000000000000000000000000000000000000000003E
:2022A00000000000000000000000000000000000000000000000000000000000000000001E
:2022C0000000000000000000000000000000000000000000000000000000000000000000FE
:2022E0000000000000000000000000000000000000000000000000000000000000000000DE
:202300000000000000000000000000000000000000000000000000000000000000000000BD
:2023200000000000000000000000000000000000000000000000000000000000000000009D
:2023400000000000000000000000000000000000000000000000000000000000000000007D
:2023600000000000000000000000000000000000000000000000000000000000000000005D
:2023800000000000000000000000000000000000000000000000000000000000000000003D
:2023A00000000000000000000000000000000000000000000000000000000000000000001D
:2023C0000000000000000000000000000000000000000000000000000000000000000000FD
:2023E0000000000000000000000000000000000000000000000000000000000000000000DD
:202400000000000000000000000000000000000000000000000000000000000000000000BC
:2024200000000000000000000000000000000000000000000000000000000000000000009C
:2024400000000000000000000000000000000000000000000000000000000000000000007C
:2024600000000000000000000000000000000000000000000000000000000000000000005C
:2024800000000000000000000000000000000000000000000000000000000000000000003C
:2024A00000000000000000000000000000000000000000000000000000000000000000001C
:2024C0000000000000000000000000000000000000000000000000000000000000000000FC
:2024E0000000000000000000000000000000000000000000000000000000000000000000DC
:202500000000000000000000000000000000000000000000000000000000000000000000BB
:2025200000000000000000000000000000000000000000000000000000000000000000009B
:2025400000000000000000000000000000000000000000000000000000000000000000007B
:2025600000000000000000000000000000000000000000000000000000000000000000005B
:2025800000000000000000000000000000000000000000000000000000000000000000003B
:2025A00000000000000000000000000000000000000000000000000000000000000000001B
:2025C0000000000000000000000000000000000000000000000000000000000000000000FB
:2025E0000000000000000000000000000000000000000000000000000000000000000000DB
:202600000000000000000000000000000000000000000000000000000000000000000000BA
:2026200000000000000000000000000000000000000000000000000000000000000000009A
:2026400000000000000000000000000000000000000000000000000000000000000000007A
:2026600000000000000000000000000000000000000000000000000000000000000000005A
:2026800000000000000000000000000000000000000000000000000000000000000000003A
:2026A00000000000000000000000000000000000000000000000000000000000000000001A
:2026C0000000000000000000000000000000000000000000000000000000000000000000FA
:2026E0000000000000000000000000000000000000000000000000000000000000000000DA
:202700000000000000000000000000000000000000000000000000000000000000000000B9
:20272000000000000000000000000000000000000000000000000000000000000000000099
:20274000000000000000000000000000000000000000000000000000000000000000000079
:20276000000000000000000000000000000000000000000000000000000000000000000059
:20278000000000000000000000000000000000000000000000000000000000000000000039
:2027A000000000000000000000000000000000000000000000000000000000000000000019
:2027C0000000000000000000000000000000000000000000000000000000000000000000F9
:2027E0000000000000000000000000000000000000000000000000000000000000000000D9
:202800000000000000000000000000000000000000000000000000000000000000000000B8
:20282000000000000000000000000000000000000000000000000000000000000000000098
:20284000000000000000000000000000000000000000000000000000000000000000000078
:20286000000000000000000000000000000000000000000000000000000000000000000058
:20288000000000000000000000000000000000000000000000000000000000000000000038
:2028A000000000000000000000000000000000000000000000000000000000000000000018
:2028C0000000000000000000000000000000000000000000000000000000000000000000F8
:2028E0000000000000000000000000000000000000000000000000000000000000000000D8
:202900000000000000000000000000000000000000000000000000000000000000000000B7
:20292000000000000000000000000000000000000000000000000000000000000000000097
:20294000000000000000000000000000000000000000000000000000000000000000000077
:20296000000000000000000000000000000000000000000000000000000000000000000057
:20298000000000000000000000000000000000000000000000000000000000000000000037
:2029A000000000000000000000000000000000000000000000000000000000000000000017
:2029C0000000000000000000000000000000000000000000000000000000000000000000F7
:2029E0000000000000000000000000000000000000000000000000000000000000000000D7
:202A00000000000000000000000000000000000000000000000000000000000000000000B6
:202A2000000000000000000000000000000000000000000000000000000000000000000096
:202A4000000000000000000000000000000000000000000000000000000000000000000076
:202A6000000000000000000000000000000000000000000000000000000000000000000056
:202A8000000000000000000000000000000000000000000000000000000000000000000036
:202AA000000000000000000000000000000000000000000000000000000000000000000016
:202AC0000000000000000000000000000000000000000000000000000000000000000000F6
:202AE0000000000000000000000000000000000000000000000000000000000000000000D6
:202B00000000000000000000000000000000000000000000000000000000000000000000B5
:202B2000000000000000000000000000000000000000000000000000000000000000000095
:202B4000000000000000000000000000000000000000000000000000000000000000000075
:202B6000000000000000000000000000000000000000000000000000000000000000000055
:202B8000000000000000000000000000000000000000000000000000000000000000000035
:202BA000000000000000000000000000000000000000000000000000000000000000000015
:202BC0000000000000000000000000000000000000000000000000000000000000000000F5
:202BE0000000000000000000000000000000000000000000000000000000000000000000D5
:202C00000000000000000000000000000000000000000000000000000000000000000000B4
:202C2000000000000000000000000000000000000000000000000000000000000000000094
:202C4000000000000000000000000000000000000000000000000000000000000000000074
:202C6000000000000000000000000000000000000000000000000000000000000000000054
:202C8000000000000000000000000000000000000000000000000000000000000000000034
:202CA000000000000000000000000000000000000000000000000000000000000000000014
:202CC0000000000000000000000000000000000000000000000000000000000000000000F4
:202CE0000000000000000000000000000000000000000000000000000000000000000000D4
:202D00000000000000000000000000000000000000000000000000000000000000000000B3
:202D2000000000000000000000000000000000000000000000000000000000000000000093
:202D4000000000000000000000000000000000000000000000000000000000000000000073
:202D6000000000000000000000000000000000000000000000000000000000000000000053
:202D8000000000000000000000000000000000000000000000000000000000000000000033
:202DA000000000000000000000000000000000000000000000000000000000000000000013
:202DC0000000000000000000000000000000000000000000000000000000000000000000F3
:202DE0000000000000000000000000000000000000000000000000000000000000000000D3
:202E00000000000000000000000000000000000000000000000000000000000000000000B2
:202E2000000000000000000000000000000000000000000000000000000000000000000092
:202E4000000000000000000000000000000000000000000000000000000000000000000072
:202E6000000000000000000000000000000000000000000000000000000000000000000052
:202E8000000000000000000000000000000000000000000000000000000000000000000032
:202EA000000000000000000000000000000000000000000000000000000000000000000012
:202EC0000000000000000000000000000000000000000000000000000000000000000000F2
:202EE0000000000000000000000000000000000000000000000000000000000000000000D2
:202F00000000000000000000000000000000000000000000000000000000000000000000B1
:202F2000000000000000000000000000000000000000000000000000000000000000000091
:202F4000000000000000000000000000000000000000000000000000000000000000000071
:202F6000000000000000000000000000000000000000000000000000000000000000000051
:202F8000000000000000000000000000000000000000000000000000000000000000000031
:202FA000000000000000000000000000000000000000000000000000000000000000000011
:202FC0000000000000000000000000000000000000000000000000000000000000000000F1
:202FE0000000000000000000000000000000000000000000000000000000000000000000D1
:203000000000000000000000000000000000000000000000000000000000000000000000B0
:20302000000000000000000000000000000000000000000000000000000000000000000090
:20304000000000000000000000000000000000000000000000000000000000000000000070
:20306000000000000000000000000000000000000000000000000000000000000000000050
:20308000000000000000000000000000000000000000000000000000000000000000000030
:2030A000000000000000000000000000000000000000000000000000000000000000000010
:2030C0000000000000000000000000000000000000000000000000000000000000000000F0
:2030E0000000000000000000000000000000000000000000000000000000000000000000D0
:203100000000000000000000000000000000000000000000000000000000000000000000AF
:2031200000000000000000000000000000000000000000000000000000000000000000008F
:2031400000000000000000000000000000000000000000000000000000000000000000006F
:2031600000000000000000000000000000000000000000000000000000000000000000004F
:2031800000000000000000000000000000000000000000000000000000000000000000002F
:2031A00000000000000000000000000000000000000000000000000000000000000000000F
:2031C0000000000000000000000000000000000000000000000000000000000000000000EF
:2031E0000000000000000000000000000000000000000000000000000000000000000000CF
:203200000000000000000000000000000000000000000000000000000000000000000000AE
:2032200000000000000000000000000000000000000000000000000000000000000000008E
:2032400000000000000000000000000000000000000000000000000000000000000000006E
:2032600000000000000000000000000000000000000000000000000000000000000000004E
:2032800000000000000000000000000000000000000000000000000000000000000000002E
:2032A00000000000000000000000000000000000000000000000000000000000000000000E
:2032C0000000000000000000000000000000000000000000000000000000000000000000EE
:2032E0000000000000000000000000000000000000000000000000000000000000000000CE
:203300000000000000000000000000000000000000000000000000000000000000000000AD
:2033200000000000000000000000000000000000000000000000000000000000000000008D
:2033400000000000000000000000000000000000000000000000000000000000000000006D
:2033600000000000000000000000000000000000000000000000000000000000000000004D
:2033800000000000000000000000000000000000000000000000000000000000000000002D
:2033A00000000000000000000000000000000000000000000000000000000000000000000D
:2033C0000000000000000000000000000000000000000000000000000000000000000000ED
:2033E0000000000000000000000000000000000000000000000000000000000000000000CD
:203400000000000000000000000000000000000000000000000000000000000000000000AC
:2034200000000000000000000000000000000000000000000000000000000000000000008C
:2034400000000000000000000000000000000000000000000000000000000000000000006C
:2034600000000000000000000000000000000000000000000000000000000000000000004C
:2034800000000000000000000000000000000000000000000000000000000000000000002C
:2034A00000000000000000000000000000000000000000000000000000000000000000000C
:2034C0000000000000000000000000000000000000000000000000000000000000000000EC
:2034E0000000000000000000000000000000000000000000000000000000000000000000CC
:203500000000000000000000000000000000000000000000000000000000000000000000AB
:2035200000000000000000000000000000000000000000000000000000000000000000008B
:2035400000000000000000000000000000000000000000000000000000000000000000006B
:2035600000000000000000000000000000000000000000000000000000000000000000004B
:2035800000000000000000000000000000000000000000000000000000000000000000002B
:2035A00000000000000000000000000000000000000000000000000000000000000000000B
:2035C0000000000000000000000000000000000000000000000000000000000000000000EB
:2035E0000000000000000000000000000000000000000000000000000000000000000000CB
:203600000000000000000000000000000000000000000000000000000000000000000000AA
:2036200000000000000000000000000000000000000000000000000000000000000000008A
:2036400000000000000000000000000000000000000000000000000000000000000000006A
:2036600000000000000000000000000000000000000000000000000000000000000000004A
:2036800000000000000000000000000000000000000000000000000000000000000000002A
:2036A00000000000000000000000000000000000000000000000000000000000000000000A
:2036C0000000000000000000000000000000000000000000000000000000000000000000EA
:2036E0000000000000000000000000000000000000000000000000000000000000000000CA
:203700000000000000000000000000000000000000000000000000000000000000000000A9
:20372000000000000000000000000000000000000000000000000000000000000000000089
:20374000000000000000000000000000000000000000000000000000000000000000000069
:20376000000000000000000000000000000000000000000000000000000000000000000049
:20378000000000000000000000000000000000000000000000000000000000000000000029
:2037A000000000000000000000000000000000000000000000000000000000000000000009
:2037C0000000000000000000000000000000000000000000000000000000000000000000E9
:2037E0000000000000000000000000000000000000000000000000000000000000000000C9
:203800000000000000000000000000000000000000000000000000000000000000000000A8
:20382000000000000000000000000000000000000000000000000000000000000000000088
:20384000000000000000000000000000000000000000000000000000000000000000000068
:20386000000000000000000000000000000000000000000000000000000000000000000048
:20388000000000000000000000000000000000000000000000000000000000000000000028
:2038A000000000000000000000000000000000000000000000000000000000000000000008
:2038C0000000000000000000000000000000000000000000000000000000000000000000E8
:2038E0000000000000000000000000000000000000000000000000000000000000000000C8
:203900000000000000000000000000000000000000000000000000000000000000000000A7
:20392000000000000000000000000000000000000000000000000000000000000000000087
:20394000000000000000000000000000000000000000000000000000000000000000000067
:20396000000000000000000000000000000000000000000000000000000000000000000047
:20398000000000000000000000000000000000000000000000000000000000000000000027
:2039A000000000000000000000000000000000000000000000000000000000000000000007
:2039C0000000000000000000000000000000000000000000000000000000000000000000E7
:2039E0000000000000000000000000000000000000000000000000000000000000000000C7
:203A00000000000000000000000000000000000000000000000000000000000000000000A6
:203A2000000000000000000000000000000000000000000000000000000000000000000086
:203A4000000000000000000000000000000000000000000000000000000000000000000066
:203A6000000000000000000000000000000000000000000000000000000000000000000046
:203A8000000000000000000000000000000000000000000000000000000000000000000026
:203AA000000000000000000000000000000000000000000000000000000000000000000006
:203AC0000000000000000000000000000000000000000000000000000000000000000000E6
:203AE0000000000000000000000000000000000000000000000000000000000000000000C6
:203B00000000000000000000000000000000000000000000000000000000000000000000A5
:203B2000000000000000000000000000000000000000000000000000000000000000000085
:203B4000000000000000000000000000000000000000000000000000000000000000000065
:203B6000000000000000000000000000000000000000000000000000000000000000000045
:203B8000000000000000000000000000000000000000000000000000000000000000000025
:203BA000000000000000000000000000000000000000000000000000000000000000000005
:203BC0000000000000000000000000000000000000000000000000000000000000000000E5
:203BE0000000000000000000000000000000000000000000000000000000000000000000C5
:203C00000000000000000000000000000000000000000000000000000000000000000000A4
:203C2000000000000000000000000000000000000000000000000000000000000000000084
:203C4000000000000000000000000000000000000000000000000000000000000000000064
:203C6000000000000000000000000000000000000000000000000000000000000000000044
:203C8000000000000000000000000000000000000000000000000000000000000000000024
:203CA000000000000000000000000000000000000000000000000000000000000000000004
:203CC0000000000000000000000000000000000000000000000000000000000000000000E4
:203CE0000000000000000000000000000000000000000000000000000000000000000000C4
:203D00000000000000000000000000000000000000000000000000000000000000000000A3
:203D2000000000000000000000000000000000000000000000000000000000000000000083
:203D4000000000000000000000000000000000000000000000000000000000000000000063
:203D6000000000000000000000000000000000000000000000000000000000000000000043
:203D8000000000000000000000000000000000000000000000000000000000000000000023
:203DA000000000000000000000000000000000000000000000000000000000000000000003
:203DC0000000000000000000000000000000000000000000000000000000000000000000E3
:203DE0000000000000000000000000000000000000000000000000000000000000000000C3
:203E00000000000000000000000000000000000000000000000000000000000000000000A2
:203E2000000000000000000000000000000000000000000000000000000000000000000082
:203E4000000000000000000000000000000000000000000000000000000000000000000062
:203E6000000000000000000000000000000000000000000000000000000000000000000042
:203E8000000000000000000000000000000000000000000000000000000000000000000022
:203EA000000000000000000000000000000000000000000000000000000000000000000002
:203EC0000000000000000000000000000000000000000000000000000000000000000000E2
:203EE0000000000000000000000000000000000000000000000000000000000000000000C2
:203F00000000000000000000000000000000000000000000000000000000000000000000A1
:203F2000000000000000000000000000000000000000000000000000000000000000000081
:203F4000000000000000000000000000000000000000000000000000000000000000000061
:203F6000000000000000000000000000000000000000000000000000000000000000000041
:203F8000000000000000000000000000000000000000000000000000000000000000000021
:203FA000000000000000000000000000000000000000000000000000000000000000000001
:203FC0000000000000000000000000000000000000000000000000000000000000000000E1
:203FE0000000000000000000000000000000000000000000000000000000000000000000C1
:204000000000000000000000000000000000000000000000000000000000000000000000A0
:20402000000000000000000000000000000000000000000000000000000000000000000080
:20404000000000000000000000000000000000000000000000000000000000000000000060
:20406000000000000000000000000000000000000000000000000000000000000000000040
:20408000000000000000000000000000000000000000000000000000000000000000000020
:2040A000000000000000000000000000000000000000000000000000000000000000000000
:2040C0000000000000000000000000000000000000000000000000000000000000000000E0
:2040E0000000000000000000000000000000000000000000000000000000000000000000C0
:2041000000000000000000000000000000000000000000000000000000000000000000009F
:2041200000000000000000000000000000000000000000000000000000000000000000007F
:2041400000000000000000000000000000000000000000000000000000000000000000005F
:2041600000000000000000000000000000000000000000000000000000000000000000003F
:2041800000000000000000000000000000000000000000000000000000000000000000001F
:2041A0000000000000000000000000000000000000000000000000000000000000000000FF
:2041C0000000000000000000000000000000000000000000000000000000000000000000DF
:2041E0000000000000000000000000000000000000000000000000000000000000000000BF
:2042000000000000000000000000000000000000000000000000000000000000000000009E
:2042200000000000000000000000000000000000000000000000000000000000000000007E
:2042400000000000000000000000000000000000000000000000000000000000000000005E
:2042600000000000000000000000000000000000000000000000000000000000000000003E
:2042800000000000000000000000000000000000000000000000000000000000000000001E
:2042A0000000000000000000000000000000000000000000000000000000000000000000FE
:2042C0000000000000000000000000000000000000000000000000000000000000000000DE
:2042E0000000000000000000000000000000000000000000000000000000000000000000BE
:2043000000000000000000000000000000000000000000000000000000000000000000009D
:2043200000000000000000000000000000000000000000000000000000000000000000007D
:2043400000000000000000000000000000000000000000000000000000000000000000005D
:2043600000000000000000000000000000000000000000000000000000000000000000003D
:2043800000000000000000000000000000000000000000000000000000000000000000001D
:2043A0000000000000000000000000000000000000000000000000000000000000000000FD
:2043C0000000000000000000000000000000000000000000000000000000000000000000DD
:2043E0000000000000000000000000000000000000000000000000000000000000000000BD
:2044000000000000000000000000000000000000000000000000000000000000000000009C
:2044200000000000000000000000000000000000000000000000000000000000000000007C
:2044400000000000000000000000000000000000000000000000000000000000000000005C
:2044600000000000000000000000000000000000000000000000000000000000000000003C
:2044800000000000000000000000000000000000000000000000000000000000000000001C
:2044A0000000000000000000000000000000000000000000000000000000000000000000FC
:2044C0000000000000000000000000000000000000000000000000000000000000000000DC
:2044E0000000000000000000000000000000000000000000000000000000000000000000BC
:2045000000000000000000000000000000000000000000000000000000000000000000009B
:2045200000000000000000000000000000000000000000000000000000000000000000007B
:2045400000000000000000000000000000000000000000000000000000000000000000005B
:2045600000000000000000000000000000000000000000000000000000000000000000003B
:1F458000000000000000000000000000000000000000000000000000000000000000001C
:2045A00001000000000000604C1502800400000001000000040000609C1F02800100000010
:2045C00001000000080000609D1F028001000000010000000C0000609E1F02800100000086
:2045E00001000000100000609F1F028001000000010000001400006078130280D0000000B7
:2046000001000000E4000060A01F02800100000001000000E8000060A11F02800100000087
:2046200001000000EC000060A21F02800100000001000000F0000060A31F02800100000053
:2046400001000000F4000060A41F02800100000001000000F8000060A51F0280010000001F
:2046600001000000FC000060A61F0280010000000100000000010060A71F028001000000EA
:204680000100000004010060A81F0280010000000100000008010060A91F028001000000B5
:2046A000010000000C010060AA1F0280010000000100000010010060AB1F02800100000081
:2046C0000100000014010060AC1F0280010000000100000018010060AD1F0280010000004D
:2046E000010000001C010060AE1F0280010000000100000020010060AF1F02800100000019
:204700000100000024010060B01F0280010000000100000028010060B11F028001000000E4
:20472000010000002C010060B21F0280010000000100000030010060B31F028001000000B0
:204740000100000034010060B41F0280010000000100000038010060B51F0280010000007C
:20476000010000003C010060B61F0280010000000100000040010060B71F02800100000048
:204780000100000044010060B81F0280010000000100000048010060B91F02800100000014
:2047A000010000004C010060BA1F0280010000000100000050010060BB1F028001000000E0
:2047C0000100000054010060BC1F0280010000000100000058010060BD1F028001000000AC
:2047E000010000005C010060BE1F0280010000000100000060010060BF1F02800100000078
:204800000100000064010060C01F0280010000000100000068010060C11F02800100000043
:20482000010000006C010060C21F0280010000000100000070010060C31F0280010000000F
:204840000100000074010060C41F0280010000000100000078010060C51F028001000000DB
:20486000010000007C010060C61F0280010000000100000080010060C71F028001000000A7
:204880000100000084010060C81F0280010000000100000088010060C91F02800100000073
:2048A000010000008C010060CA1F0280010000000100000090010060CB1F0280010000003F
:2048C0000100000094010060CC1F0280010000000100000098010060CD1F0280010000000B
:2048E000010000009C010060CE1F02800100000001000000A0010060CF1F028001000000D7
:2049000001000000A4010060D01F02800100000001000000A8010060D11F028001000000A2
:2049200001000000AC010060D21F02800100000001000000B0010060D31F0280010000006E
:2049400001000000B4010060D41F02800100000001000000B8010060D51F0280010000003A
:2049600001000000BC010060D61F02800100000001000000C0010060D71F02800100000006
:2049800001000000C4010060D81F02800100000001000000C8010060D91F028001000000D2
:2049A00001000000CC010060DA1F02800100000001000000D0010060DB1F0280010000009E
:2049C00001000000D4010060DC1F02800100000001000000D8010060DD1F0280010000006A
:2049E00001000000DC010060DE1F02800100000001000000E0010060DF1F02800100000036
:204A000001000000E4010060E01F02800100000001000000E8010060E11F02800100000001
:204A200001000000EC010060501502800200000001000000F0010060521502800200000002
:204A400001000000F4010060541502800200000001000000F80100605615028002000000CA
:204A600001000000FC010060581502800200000001000000000200605A1502800200000091
:204A800001000000040200605C1502800200000001000000080200605E1502800200000058
:204AA000010000000C02006060150280020000000100000010020060621502800200000020
:204AC0000100000014020060641502800200000001000000180200606615028002000000E8
:204AE000010000001C020060681502800200000001000000200200606A15028002000000B0
:204B000001000000240200606C1502800200000001000000280200606E1502800200000077
:204B2000010000002C0200607015028002000000010000003002006072150280020000003F
:204B4000010000003402006074150280020000000100000038020060761502800200000007
:204B6000010000003C020060781502800200000001000000400200607A15028002000000CF
:204B800001000000440200607C1502800200000001000000480200607E1502800200000097
:204BA000010000004C0200608015028002000000010000005002006082150280020000005F
:204BC000010000005402006084150280020000000100000058020060861502800200000027
:204BE000010000005C020060881502800200000001000000600200608A15028002000000EF
:204C000001000000640200608C1502800200000001000000680200608E15028002000000B6
:204C2000010000006C0200609015028002000000010000007002006092150280020000007E
:204C4000010000007402006094150280020000000100000078020060961502800200000046
:204C6000010000007C020060981502800200000001000000800200609A150280020000000E
:204C800001000000840200609C1502800200000001000000880200609E15028002000000D6
:204CA000010000008C020060A0150280020000000100000090020060A2150280020000009E
:204CC0000100000094020060A4150280020000000100000098020060A61502800200000066
:204CE000010000009C020060A81502800200000001000000A0020060AA150280020000002E
:204D000001000000A4020060AC1502800200000001000000A8020060AE15028002000000F5
:204D200001000000AC020060B01502800200000001000000B0020060B215028002000000BD
:204D400001000000B4020060B41502800200000001000000B8020060B61502800200000085
:204D600001000000BC020060B81502800200000001000000C0020060BA150280020000004D
:204D800001000000C4020060BC1502800200000001000000C8020060BE1502800200000015
:204DA00001000000CC020060C01502800200000001000000D0020060C215028014010000CA
:204DC00001000000E4030060E21F02803C0000000100000020040060D61602808007000052
:204DE00001000000A00B0060481402800401000001000000A40C0060561E0280400100007C
:204E000001000000E40D00601E200280802500000100000064330060961F028002000000AA
:204E20000100000068330060981F028004000000010000006C3300609E45028001000000D3
:204E40000200000000340060000000000F0100000200000010350060000000000200000003
:204E60000200000014350060000000000200000002000000183500600000000002000000D4
:204E8000020000001C350060000000000200000002000000203500600000000002000000A4
:204EA000020000002435006000000000020000000200000028350060000000000500000071
:204EC0000200000030350060000000002100000002000000543500600000000011000000EE
:204EE00002000000683500600000000001000000020000006C3500600000000001000000AE
:204F000002000000703500600000000001000000020000007435006000000000010000007D
:204F200002000000783500600000000001000000020000007C35006000000000010000004D
:204F400002000000803500600000000002000000020000008435006000000000020000001B
:204F600002000000883500600000000002000000020000008C3500600000000002000000EB
:204F80000200000090350060000000000200000002000000943500600000000002000000BB
:204FA00002000000983500600000000002000000020000009C35006000000000020000008B
:204FC00002000000A0350060000000000200000002000000A435006000000000020000005B
:204FE00002000000A8350060000000000300000002000000AC350060000000001E0000000E
:2050000002000000CC35006000000000EC320000000000000000000000000000000000000F
:02000004800F6B
:0A414000911000E8D9EE925BDC0E4E
:0A416000911000E8D9EEC00BDC0E50
:0A418000911000E8D9EEAC5BDC0EF4
:0A41A000911000E8D9EE866BDC0EEA
:0A41C000911000E8D9EEE62BDC0EAA
:0A41E000911000E8D9EEA06BDC0E90
:0A420000911000E8D9EEBA6BDC0E55
:0A422000911000E8D9EEB69BDC0E09
:0A424000911000E8D9EE947BDC0E2B
:0A426000911000E8D9EEAE7BDC0EF1
:0A428000911000E8D9EE888BDC0EE7
:0A42A000911000E8D9EEA28BDC0EAD
:0A43C000911000E8D9EE9C5EDC0EBF
:0A43E000911000E8D9EEE86BDC0E46
:0A440000911000E8D9EEB4ABDC0E19
:0A442000911000E8D9EE94BBDC0E09
:0A450000911000E8D9EEACEBDC0EE0
:0A452000911000E8D9EE96FBDC0EC6
:0A456000911000E8D9EEF0DBDC0E4C
:0A478000911000E8D9EEE24BDC0EC8
:20600000910000F8D9FFB4C40D00000202F4DC0F00000000000000000000000000000000B7
:20602000910000F8D9FFB0B40D00000202F4DC0F00000000000000000000000000000000AB
:20604000910000F8D9FFACA40D00000202F4DC0F000000000000000000000000000000009F
:20606000910000F8D9FFA8940D00000202F4DC0F0000000000000000000000000000000093
:20608000910000F8D9FFA4840D00000202F4DC0F0000000000000000000000000000000087
:2060A000910000F8D9FFA0740D00000202F4DC0F000000000000000000000000000000007B
:2060C000910000F8D9FFBAE40D00000202F4DC0F00000000000000000000000000000000D1
:1260E000910000F8D9FFB8D40D00000202F4DC0F009041
:040000058000002057
:00000001FF
